"","SiteCode","Species","Length_mm","Wt_g","logW","logL","DateSampled","HUC12Watershed"
"1","Baker.LeftAsaph","Blacknose Dace",59,1.63,0.212187604403958,1.77085201164214,2024-07-16,"020502050302 Asaph Run"
"2","Baker.LeftAsaph","Blacknose Dace",40,0.53,-0.275724130399211,1.60205999132796,2024-07-16,"020502050302 Asaph Run"
"3","Baker.LeftAsaph","Blacknose Dace",63,1.94,0.287801729930226,1.79934054945358,2024-07-16,"020502050302 Asaph Run"
"4","Baker.LeftAsaph","Sculpin spp.",54,1.63,0.212187604403958,1.73239375982297,2024-07-16,"020502050302 Asaph Run"
"5","Baker.LeftAsaph","Sculpin spp.",60,2.28,0.357934847000454,1.77815125038364,2024-07-16,"020502050302 Asaph Run"
"6","Baker.LeftAsaph","Blacknose Dace",59,1.59,0.201397124320452,1.77085201164214,2024-07-16,"020502050302 Asaph Run"
"7","Baker.LeftAsaph","Sculpin spp.",63,2.31,0.363611979892144,1.79934054945358,2024-07-16,"020502050302 Asaph Run"
"8","Baker.LeftAsaph","Sculpin spp.",66,3.17,0.501059262217751,1.81954393554187,2024-07-16,"020502050302 Asaph Run"
"9","Baker.LeftAsaph","Sculpin spp.",70,4,0.602059991327962,1.84509804001426,2024-07-16,"020502050302 Asaph Run"
"10","Baker.LeftAsaph","Sculpin spp.",81,5.1,0.707570176097936,1.90848501887865,2024-07-16,"020502050302 Asaph Run"
"11","Baker.LeftAsaph","Sculpin spp.",64,2.62,0.418301291319745,1.80617997398389,2024-07-16,"020502050302 Asaph Run"
"12","Baker.LeftAsaph","Sculpin spp.",72,4.25,0.628388930050311,1.85733249643127,2024-07-16,"020502050302 Asaph Run"
"13","Baker.LeftAsaph","Longnose Dace",83,4.4,0.643452676486187,1.91907809237607,2024-07-16,"020502050302 Asaph Run"
"14","Baker.LeftAsaph","Sculpin spp.",82,6.08,0.783903579272735,1.91381385238372,2024-07-16,"020502050302 Asaph Run"
"15","Baker.LeftAsaph","Longnose Dace",131,27.7,1.44247976906445,2.11727129565576,2024-07-16,"020502050302 Asaph Run"
"16","Baker.LeftAsaph","Sculpin spp.",68,3.17,0.501059262217751,1.83250891270624,2024-07-16,"020502050302 Asaph Run"
"17","Baker.LeftAsaph","Sculpin spp.",59,1.95,0.290034611362518,1.77085201164214,2024-07-16,"020502050302 Asaph Run"
"18","Baker.LeftAsaph","Sculpin spp.",64,2.54,0.404833716619938,1.80617997398389,2024-07-16,"020502050302 Asaph Run"
"19","Baker.LeftAsaph","Blacknose Dace",46,0.84,-0.0757207139381184,1.66275783168157,2024-07-16,"020502050302 Asaph Run"
"20","Baker.LeftAsaph","Sculpin spp.",80,5.82,0.764922984649889,1.90308998699194,2024-07-16,"020502050302 Asaph Run"
"21","Baker.LeftAsaph","Sculpin spp.",67,3.36,0.526339277389844,1.82607480270083,2024-07-16,"020502050302 Asaph Run"
"22","Baker.LeftAsaph","Sculpin spp.",83,6.22,0.793790384690819,1.91907809237607,2024-07-16,"020502050302 Asaph Run"
"23","Baker.LeftAsaph","Sculpin spp.",65,3.28,0.515873843711679,1.81291335664286,2024-07-16,"020502050302 Asaph Run"
"24","Baker.LeftAsaph","Sculpin spp.",57,2,0.301029995663981,1.75587485567249,2024-07-16,"020502050302 Asaph Run"
"25","Baker.LeftAsaph","Blacknose Dace",68,2.68,0.428134794028789,1.83250891270624,2024-07-16,"020502050302 Asaph Run"
"26","Baker.LeftAsaph","Sculpin spp.",80,5.36,0.72916478969277,1.90308998699194,2024-07-16,"020502050302 Asaph Run"
"27","Baker.LeftAsaph","Sculpin spp.",57,1.84,0.264817823009536,1.75587485567249,2024-07-16,"020502050302 Asaph Run"
"28","Baker.LeftAsaph","Sculpin spp.",29,0.22,-0.657577319177794,1.46239799789896,2024-07-16,"020502050302 Asaph Run"
"29","Baker.LeftAsaph","Sculpin spp.",63,2.58,0.41161970596323,1.79934054945358,2024-07-16,"020502050302 Asaph Run"
"30","Baker.LeftAsaph","Sculpin spp.",89,7.08,0.850033257689769,1.94939000664491,2024-07-16,"020502050302 Asaph Run"
"31","Baker.LeftAsaph","Blacknose Dace",46,0.75,-0.1249387366083,1.66275783168157,2024-07-16,"020502050302 Asaph Run"
"32","Baker.LeftAsaph","Blacknose Dace",48,0.87,-0.0604807473813815,1.68124123737559,2024-07-16,"020502050302 Asaph Run"
"33","Baker.LeftAsaph","Sculpin spp.",60,2.09,0.320146286111054,1.77815125038364,2024-07-16,"020502050302 Asaph Run"
"34","Baker.LeftAsaph","Sculpin spp.",84,5.98,0.776701183988411,1.92427928606188,2024-07-16,"020502050302 Asaph Run"
"35","Baker.LeftAsaph","Sculpin spp.",82,5.59,0.747411807886423,1.91381385238372,2024-07-16,"020502050302 Asaph Run"
"36","Baker.LeftAsaph","Sculpin spp.",100,9.7,0.986771734266245,2,2024-07-16,"020502050302 Asaph Run"
"37","Baker.LeftAsaph","Blacknose Dace",70,3.4,0.531478917042255,1.84509804001426,2024-07-16,"020502050302 Asaph Run"
"38","Baker.LeftAsaph","Sculpin spp.",86,7.39,0.868644438394826,1.93449845124357,2024-07-16,"020502050302 Asaph Run"
"39","Baker.LeftAsaph","Sculpin spp.",73,4.5,0.653212513775344,1.86332286012046,2024-07-16,"020502050302 Asaph Run"
"40","Baker.LeftAsaph","Sculpin spp.",81,5.39,0.731588765186739,1.90848501887865,2024-07-16,"020502050302 Asaph Run"
"41","Baker.LeftAsaph","Sculpin spp.",86,6.31,0.800029359244134,1.93449845124357,2024-07-16,"020502050302 Asaph Run"
"42","Baker.LeftAsaph","Blacknose Dace",60,1.86,0.269512944217916,1.77815125038364,2024-07-16,"020502050302 Asaph Run"
"43","Baker.LeftAsaph","Blacknose Dace",64,2.13,0.328379603438738,1.80617997398389,2024-07-16,"020502050302 Asaph Run"
"44","Baker.LeftAsaph","Longnose Dace",100,10,1,2,2024-07-16,"020502050302 Asaph Run"
"45","Baker.LeftAsaph","Blacknose Dace",40,0.52,-0.283996656365201,1.60205999132796,2024-07-16,"020502050302 Asaph Run"
"46","Baker.LeftAsaph","Blacknose Dace",43,0.52,-0.283996656365201,1.63346845557959,2024-07-16,"020502050302 Asaph Run"
"47","Billing.Kettle","Sculpin spp.",68,3.4,0.531478917042255,1.83250891270624,2022-07-12,"020502030102 Upper Kettle Creek"
"48","Billing.Kettle","Sculpin spp.",53,1.54,0.187520720836463,1.72427586960079,2025-07-07,"020502030102 Upper Kettle Creek"
"49","Billing.Kettle","Sculpin spp.",59,3.05,0.484299839346786,1.77085201164214,2025-07-07,"020502030102 Upper Kettle Creek"
"50","Billing.Kettle","Sculpin spp.",69,3.92,0.593286067020457,1.83884909073726,2025-07-07,"020502030102 Upper Kettle Creek"
"51","Billing.Kettle","Sculpin spp.",79,5.24,0.719331286983727,1.89762709129044,2025-07-07,"020502030102 Upper Kettle Creek"
"52","Billing.Kettle","Sculpin spp.",64,2.81,0.44870631990508,1.80617997398389,2025-07-07,"020502030102 Upper Kettle Creek"
"53","Billing.Kettle","Sculpin spp.",72,4.33,0.636487896353365,1.85733249643127,2025-07-07,"020502030102 Upper Kettle Creek"
"54","Billing.Kettle","Sculpin spp.",39,0.55,-0.259637310505756,1.5910646070265,2025-07-07,"020502030102 Upper Kettle Creek"
"55","Billing.Kettle","Sculpin spp.",65,3.04,0.482873583608754,1.81291335664286,2025-07-07,"020502030102 Upper Kettle Creek"
"56","Billing.Kettle","Sculpin spp.",49,1.2,0.0791812460476248,1.69019608002851,2025-07-07,"020502030102 Upper Kettle Creek"
"57","Billing.Kettle","Sculpin spp.",90,7.16,0.854913022307856,1.95424250943932,2025-07-07,"020502030102 Upper Kettle Creek"
"58","Billing.Kettle","Sculpin spp.",84,6.64,0.822168079368018,1.92427928606188,2025-07-07,"020502030102 Upper Kettle Creek"
"59","Billing.Kettle","Sculpin spp.",69,3.44,0.53655844257153,1.83884909073726,2025-07-07,"020502030102 Upper Kettle Creek"
"60","Billing.Kettle","Sculpin spp.",83,6,0.778151250383644,1.91907809237607,2022-07-12,"020502030102 Upper Kettle Creek"
"61","Billing.Kettle","Sculpin spp.",79,5.42,0.733999286538387,1.89762709129044,2025-07-07,"020502030102 Upper Kettle Creek"
"62","Billing.Kettle","Sculpin spp.",88,8,0.903089986991944,1.94448267215017,2022-07-12,"020502030102 Upper Kettle Creek"
"63","Billing.Kettle","Sculpin spp.",12,0.01,-2,1.07918124604762,2025-07-07,"020502030102 Upper Kettle Creek"
"64","Billing.Kettle","Sculpin spp.",43,0.8,-0.0969100130080564,1.63346845557959,2025-07-07,"020502030102 Upper Kettle Creek"
"65","Billing.Kettle","Sculpin spp.",48,1.1,0.0413926851582251,1.68124123737559,2025-07-07,"020502030102 Upper Kettle Creek"
"66","Billing.Kettle","Sculpin spp.",56,1.9,0.278753600952829,1.7481880270062,2022-07-12,"020502030102 Upper Kettle Creek"
"67","Billing.Kettle","Sculpin spp.",52,1.64,0.214843848047698,1.7160033436348,2025-07-07,"020502030102 Upper Kettle Creek"
"68","Billing.Kettle","Sculpin spp.",45,0.9,-0.0457574905606751,1.65321251377534,2022-07-12,"020502030102 Upper Kettle Creek"
"69","Billing.Kettle","Sculpin spp.",69,3.7,0.568201724066995,1.83884909073726,2022-07-12,"020502030102 Upper Kettle Creek"
"70","Billing.Kettle","Sculpin spp.",82,6.22,0.793790384690819,1.91381385238372,2025-07-07,"020502030102 Upper Kettle Creek"
"71","Billing.Kettle","Sculpin spp.",46,1.05,0.0211892990699381,1.66275783168157,2025-07-07,"020502030102 Upper Kettle Creek"
"72","Billing.Kettle","Sculpin spp.",89,6.9,0.838849090737255,1.94939000664491,2022-07-12,"020502030102 Upper Kettle Creek"
"73","Billing.Kettle","Sculpin spp.",90,8.8,0.944482672150169,1.95424250943932,2022-07-12,"020502030102 Upper Kettle Creek"
"74","Billing.Kettle","Sculpin spp.",49,1.2,0.0791812460476248,1.69019608002851,2022-07-12,"020502030102 Upper Kettle Creek"
"75","Billing.Kettle","Sculpin spp.",84,5.82,0.764922984649889,1.92427928606188,2025-07-07,"020502030102 Upper Kettle Creek"
"76","Billing.Kettle","Sculpin spp.",95,9.7,0.986771734266245,1.97772360528885,2022-07-12,"020502030102 Upper Kettle Creek"
"77","Billing.Kettle","Sculpin spp.",75,5.1,0.707570176097936,1.8750612633917,2022-07-12,"020502030102 Upper Kettle Creek"
"78","Billing.Kettle","Sculpin spp.",48,0.61,-0.214670164989233,1.68124123737559,2025-07-07,"020502030102 Upper Kettle Creek"
"79","Billing.Kettle","Sculpin spp.",84,7.2,0.857332496431269,1.92427928606188,2022-07-12,"020502030102 Upper Kettle Creek"
"80","Billing.Kettle","Sculpin spp.",99,13.8,1.13987908640124,1.99563519459755,2022-07-12,"020502030102 Upper Kettle Creek"
"81","Billing.Kettle","Sculpin spp.",114,19.1,1.28103336724773,2.05690485133647,2022-07-12,"020502030102 Upper Kettle Creek"
"82","Billing.Kettle","Sculpin spp.",51,1.5,0.176091259055681,1.70757017609794,2022-07-12,"020502030102 Upper Kettle Creek"
"83","Billing.Kettle","Sculpin spp.",52,1.4,0.146128035678238,1.7160033436348,2022-07-12,"020502030102 Upper Kettle Creek"
"84","Billing.Kettle","Sculpin spp.",50,1.1,0.0413926851582251,1.69897000433602,2022-07-12,"020502030102 Upper Kettle Creek"
"85","Billing.Kettle","Sculpin spp.",65,2.7,0.431363764158987,1.81291335664286,2022-07-12,"020502030102 Upper Kettle Creek"
"86","Billing.Kettle","Sculpin spp.",46,1,0,1.66275783168157,2022-07-12,"020502030102 Upper Kettle Creek"
"87","Billing.Kettle","Sculpin spp.",49,1.19,0.0755469613925307,1.69019608002851,2025-07-07,"020502030102 Upper Kettle Creek"
"88","Billing.Kettle","Sculpin spp.",86,7.4,0.869231719730976,1.93449845124357,2025-07-07,"020502030102 Upper Kettle Creek"
"89","Billing.Kettle","Sculpin spp.",40,0.63,-0.200659450546418,1.60205999132796,2025-07-07,"020502030102 Upper Kettle Creek"
"90","Billing.Kettle","Sculpin spp.",48,1.09,0.0374264979406237,1.68124123737559,2025-07-07,"020502030102 Upper Kettle Creek"
"91","Billing.Kettle","Sculpin spp.",95,8.4,0.924279286061882,1.97772360528885,2022-07-12,"020502030102 Upper Kettle Creek"
"92","Billing.Kettle","Sculpin spp.",88,7.47,0.873320601815399,1.94448267215017,2025-07-07,"020502030102 Upper Kettle Creek"
"93","Billing.Kettle","Sculpin spp.",77,4.73,0.674861140737812,1.88649072517248,2025-07-07,"020502030102 Upper Kettle Creek"
"94","Billing.Kettle","Sculpin spp.",85,6.7,0.826074802700826,1.92941892571429,2022-07-12,"020502030102 Upper Kettle Creek"
"95","Billing.Kettle","Sculpin spp.",85,7.57,0.879095879500073,1.92941892571429,2025-07-07,"020502030102 Upper Kettle Creek"
"96","Billing.Kettle","Sculpin spp.",85,6.5,0.812913356642856,1.92941892571429,2022-07-12,"020502030102 Upper Kettle Creek"
"97","Billing.Kettle","Sculpin spp.",52,1.4,0.146128035678238,1.7160033436348,2022-07-12,"020502030102 Upper Kettle Creek"
"98","Billing.Kettle","Sculpin spp.",87,8.4,0.924279286061882,1.93951925261862,2022-07-12,"020502030102 Upper Kettle Creek"
"99","Billing.Kettle","Sculpin spp.",100,10.4,1.01703333929878,2,2022-07-12,"020502030102 Upper Kettle Creek"
"100","Billing.Kettle","Sculpin spp.",67,3.7,0.568201724066995,1.82607480270083,2022-07-12,"020502030102 Upper Kettle Creek"
"101","Billing.Kettle","Sculpin spp.",45,0.88,-0.0555173278498314,1.65321251377534,2025-07-07,"020502030102 Upper Kettle Creek"
"102","Billing.Kettle","Sculpin spp.",76,4.84,0.684845361644412,1.88081359228079,2025-07-07,"020502030102 Upper Kettle Creek"
"103","Billing.Kettle","Sculpin spp.",82,6.1,0.785329835010767,1.91381385238372,2022-07-12,"020502030102 Upper Kettle Creek"
"104","Billing.Kettle","Sculpin spp.",88,7.7,0.886490725172482,1.94448267215017,2022-07-12,"020502030102 Upper Kettle Creek"
"105","Billing.Kettle","Sculpin spp.",87,7.7,0.886490725172482,1.93951925261862,2022-07-12,"020502030102 Upper Kettle Creek"
"106","Billing.Kettle","Sculpin spp.",46,1.1,0.0413926851582251,1.66275783168157,2022-07-12,"020502030102 Upper Kettle Creek"
"107","Bonnel.Pine","Blacknose Dace",65,3.3,0.518513939877887,1.81291335664286,2022-07-14,"020502050604 Mill Run-Pine Creek"
"108","Bonnel.Pine","Blacknose Dace",55,1.2,0.0791812460476248,1.74036268949424,2022-07-14,"020502050604 Mill Run-Pine Creek"
"109","Bonnel.Pine","Fantail Darter",75,3.8,0.57978359661681,1.8750612633917,2022-07-14,"020502050604 Mill Run-Pine Creek"
"110","Bonnel.Pine","Longnose Dace",67,2.9,0.462397997898956,1.82607480270083,2022-07-14,"020502050604 Mill Run-Pine Creek"
"111","Bonnel.Pine","Longnose Dace",81,4.6,0.662757831681574,1.90848501887865,2022-07-14,"020502050604 Mill Run-Pine Creek"
"112","Bonnel.Pine","Longnose Dace",69,3.1,0.491361693834273,1.83884909073726,2022-07-14,"020502050604 Mill Run-Pine Creek"
"113","Bonnel.Pine","Fantail Darter",60,1.96,0.292256071356476,1.77815125038364,2025-07-09,"020502050604 Mill Run-Pine Creek"
"114","Brunnerdale.Ogdonia","Sculpin spp.",67,3.3,0.518513939877887,1.82607480270083,2023-06-26,"020502060503 Ogdonia Creek-Loyalsock Creek"
"115","Brunnerdale.Ogdonia","Sculpin spp.",65,2.8,0.447158031342219,1.81291335664286,2023-06-26,"020502060503 Ogdonia Creek-Loyalsock Creek"
"116","Brunnerdale.Ogdonia","Sculpin spp.",66,3,0.477121254719662,1.81954393554187,2023-06-26,"020502060503 Ogdonia Creek-Loyalsock Creek"
"117","Brunnerdale.Ogdonia","Sculpin spp.",48,0.9,-0.0457574905606751,1.68124123737559,2023-06-26,"020502060503 Ogdonia Creek-Loyalsock Creek"
"118","Brunnerdale.Ogdonia","Sculpin spp.",79,4.3,0.633468455579587,1.89762709129044,2023-06-26,"020502060503 Ogdonia Creek-Loyalsock Creek"
"119","Brunnerdale.Ogdonia","Sculpin spp.",64,3.2,0.505149978319906,1.80617997398389,2023-06-26,"020502060503 Ogdonia Creek-Loyalsock Creek"
"120","Brunnerdale.Ogdonia","Sculpin spp.",73,4,0.602059991327962,1.86332286012046,2023-06-26,"020502060503 Ogdonia Creek-Loyalsock Creek"
"121","Brunnerdale.Ogdonia","Sculpin spp.",52,1.3,0.113943352306837,1.7160033436348,2023-06-26,"020502060503 Ogdonia Creek-Loyalsock Creek"
"122","Brunnerdale.Ogdonia","Sculpin spp.",75,4.7,0.672097857935718,1.8750612633917,2023-06-26,"020502060503 Ogdonia Creek-Loyalsock Creek"
"123","Brunnerdale.Ogdonia","Sculpin spp.",60,2.2,0.342422680822206,1.77815125038364,2023-06-26,"020502060503 Ogdonia Creek-Loyalsock Creek"
"124","Brunnerdale.Ogdonia","Sculpin spp.",69,3.3,0.518513939877887,1.83884909073726,2023-06-26,"020502060503 Ogdonia Creek-Loyalsock Creek"
"125","Brunnerdale.Ogdonia","Sculpin spp.",42,1,0,1.6232492903979,2023-06-26,"020502060503 Ogdonia Creek-Loyalsock Creek"
"126","Brunnerdale.Ogdonia","Sculpin spp.",74,4.5,0.653212513775344,1.86923171973098,2023-06-26,"020502060503 Ogdonia Creek-Loyalsock Creek"
"127","Brunnerdale.Ogdonia","Sculpin spp.",86,6.3,0.799340549453582,1.93449845124357,2023-06-26,"020502060503 Ogdonia Creek-Loyalsock Creek"
"128","Brunnerdale.Ogdonia","Sculpin spp.",70,4.4,0.643452676486187,1.84509804001426,2023-06-26,"020502060503 Ogdonia Creek-Loyalsock Creek"
"129","Brunnerdale.Ogdonia","Sculpin spp.",65,2.7,0.431363764158987,1.81291335664286,2023-06-26,"020502060503 Ogdonia Creek-Loyalsock Creek"
"130","Brunnerdale.Ogdonia","Sculpin spp.",54,1.5,0.176091259055681,1.73239375982297,2023-06-26,"020502060503 Ogdonia Creek-Loyalsock Creek"
"131","Brunnerdale.Ogdonia","Sculpin spp.",61,2.2,0.342422680822206,1.78532983501077,2023-06-26,"020502060503 Ogdonia Creek-Loyalsock Creek"
"132","Brunnerdale.Ogdonia","Sculpin spp.",75,4.3,0.633468455579587,1.8750612633917,2023-06-26,"020502060503 Ogdonia Creek-Loyalsock Creek"
"133","Brunnerdale.Ogdonia","Sculpin spp.",70,3.6,0.556302500767287,1.84509804001426,2023-06-26,"020502060503 Ogdonia Creek-Loyalsock Creek"
"134","Brunnerdale.Ogdonia","Sculpin spp.",70,3.7,0.568201724066995,1.84509804001426,2023-06-26,"020502060503 Ogdonia Creek-Loyalsock Creek"
"135","Brunnerdale.Ogdonia","Sculpin spp.",61,2.2,0.342422680822206,1.78532983501077,2023-06-26,"020502060503 Ogdonia Creek-Loyalsock Creek"
"136","Brunnerdale.Ogdonia","Sculpin spp.",57,2,0.301029995663981,1.75587485567249,2023-06-26,"020502060503 Ogdonia Creek-Loyalsock Creek"
"137","Brunnerdale.Ogdonia","Sculpin spp.",59,2,0.301029995663981,1.77085201164214,2023-06-26,"020502060503 Ogdonia Creek-Loyalsock Creek"
"138","Brunnerdale.Ogdonia","Sculpin spp.",52,1.4,0.146128035678238,1.7160033436348,2023-06-26,"020502060503 Ogdonia Creek-Loyalsock Creek"
"139","Brunnerdale.Ogdonia","Sculpin spp.",80,5.3,0.724275869600789,1.90308998699194,2023-06-26,"020502060503 Ogdonia Creek-Loyalsock Creek"
"140","Brunnerdale.Ogdonia","Sculpin spp.",81,5.4,0.732393759822969,1.90848501887865,2023-06-26,"020502060503 Ogdonia Creek-Loyalsock Creek"
"141","Brunnerdale.Ogdonia","Sculpin spp.",65,2.7,0.431363764158987,1.81291335664286,2023-06-26,"020502060503 Ogdonia Creek-Loyalsock Creek"
"142","Brunnerdale.Ogdonia","Sculpin spp.",72,3.9,0.591064607026499,1.85733249643127,2023-06-26,"020502060503 Ogdonia Creek-Loyalsock Creek"
"143","Brunnerdale.Ogdonia","Sculpin spp.",64,2.8,0.447158031342219,1.80617997398389,2023-06-26,"020502060503 Ogdonia Creek-Loyalsock Creek"
"144","Buck.Cedar","Blacknose Dace",58,1.8,0.255272505103306,1.76342799356294,2023-07-11,"020502050602 Cedar Run"
"145","Buck.Cedar","Blacknose Dace",41,0.8,-0.0969100130080564,1.61278385671974,2023-07-11,"020502050602 Cedar Run"
"146","Buck.Cedar","Blacknose Dace",45,0.8,-0.0969100130080564,1.65321251377534,2023-07-11,"020502050602 Cedar Run"
"147","Buck.Cedar","Sculpin spp.",65,2.7,0.431363764158987,1.81291335664286,2023-07-11,"020502050602 Cedar Run"
"148","Buck.Cedar","Sculpin spp.",98,7.5,0.8750612633917,1.99122607569249,2023-07-11,"020502050602 Cedar Run"
"149","Buck.Cedar","Sculpin spp.",93,8.3,0.919078092376074,1.96848294855394,2023-07-11,"020502050602 Cedar Run"
"150","Buck.Cedar","Sculpin spp.",74,5.2,0.716003343634799,1.86923171973098,2023-07-11,"020502050602 Cedar Run"
"151","Buck.Cedar","Sculpin spp.",62,2.5,0.397940008672038,1.79239168949825,2023-07-11,"020502050602 Cedar Run"
"152","Buck.Cedar","Sculpin spp.",65,2.8,0.447158031342219,1.81291335664286,2023-07-11,"020502050602 Cedar Run"
"153","Buck.Cedar","Blacknose Dace",62,1.8,0.255272505103306,1.79239168949825,2023-07-11,"020502050602 Cedar Run"
"154","Buck.Cedar","Sculpin spp.",94,9,0.954242509439325,1.9731278535997,2023-07-11,"020502050602 Cedar Run"
"155","Buck.Cedar","Sculpin spp.",96,9.8,0.991226075692495,1.98227123303957,2023-07-11,"020502050602 Cedar Run"
"156","Buck.Cedar","Sculpin spp.",88,7.1,0.851258348719075,1.94448267215017,2023-07-11,"020502050602 Cedar Run"
"157","Buck.Cedar","Sculpin spp.",78,5.3,0.724275869600789,1.89209460269048,2023-07-11,"020502050602 Cedar Run"
"158","Buck.Cedar","Sculpin spp.",85,7.1,0.851258348719075,1.92941892571429,2023-07-11,"020502050602 Cedar Run"
"159","Buck.Cedar","Blacknose Dace",43,0.6,-0.221848749616356,1.63346845557959,2023-07-11,"020502050602 Cedar Run"
"160","Buck.Cedar","Sculpin spp.",69,3.5,0.544068044350276,1.83884909073726,2023-07-11,"020502050602 Cedar Run"
"161","Buck.Cedar","Sculpin spp.",55,1.5,0.176091259055681,1.74036268949424,2023-07-11,"020502050602 Cedar Run"
"162","Buck.Cedar","Sculpin spp.",103,12.2,1.08635983067475,2.01283722470517,2023-07-11,"020502050602 Cedar Run"
"163","Buck.Cedar","Sculpin spp.",77,5,0.698970004336019,1.88649072517248,2023-07-11,"020502050602 Cedar Run"
"164","Buck.Cedar","Sculpin spp.",85,5.6,0.7481880270062,1.92941892571429,2023-07-11,"020502050602 Cedar Run"
"165","Buck.Cedar","Sculpin spp.",92,7.5,0.8750612633917,1.96378782734556,2023-07-11,"020502050602 Cedar Run"
"166","Buck.Cedar","Sculpin spp.",88,8.8,0.944482672150169,1.94448267215017,2023-07-11,"020502050602 Cedar Run"
"167","Buck.Cedar","Blacknose Dace",64,2.2,0.342422680822206,1.80617997398389,2023-07-11,"020502050602 Cedar Run"
"168","Buck.Cedar","Blacknose Dace",44,0.7,-0.154901959985743,1.64345267648619,2023-07-11,"020502050602 Cedar Run"
"169","Buck.Cedar","Blacknose Dace",83,5.7,0.755874855672491,1.91907809237607,2023-07-11,"020502050602 Cedar Run"
"170","Buck.Cedar","Blacknose Dace",77,4.4,0.643452676486187,1.88649072517248,2023-07-11,"020502050602 Cedar Run"
"171","Buck.Cedar","Blacknose Dace",52,1.1,0.0413926851582251,1.7160033436348,2023-07-11,"020502050602 Cedar Run"
"172","Buck.Cedar","Blacknose Dace",37,0.4,-0.397940008672038,1.56820172406699,2023-07-11,"020502050602 Cedar Run"
"173","Buck.Cedar","Sculpin spp.",61,2.5,0.397940008672038,1.78532983501077,2023-07-11,"020502050602 Cedar Run"
"174","Buck.Cedar","Sculpin spp.",85,6.9,0.838849090737255,1.92941892571429,2023-07-11,"020502050602 Cedar Run"
"175","Buck.Cedar","Blacknose Dace",82,5.3,0.724275869600789,1.91381385238372,2023-07-11,"020502050602 Cedar Run"
"176","Buck.Cedar","Blacknose Dace",60,1.9,0.278753600952829,1.77815125038364,2023-07-11,"020502050602 Cedar Run"
"177","Buck.Cedar","Blacknose Dace",45,0.8,-0.0969100130080564,1.65321251377534,2023-07-11,"020502050602 Cedar Run"
"178","Buck.Cedar","Blacknose Dace",49,1,0,1.69019608002851,2023-07-11,"020502050602 Cedar Run"
"179","Buck.Cedar","Blacknose Dace",48,0.9,-0.0457574905606751,1.68124123737559,2023-07-11,"020502050602 Cedar Run"
"180","Buck.Cedar","Sculpin spp.",76,4.7,0.672097857935718,1.88081359228079,2023-07-11,"020502050602 Cedar Run"
"181","Buck.Cedar","Blacknose Dace",62,2,0.301029995663981,1.79239168949825,2023-07-11,"020502050602 Cedar Run"
"182","Buck.Cedar","Sculpin spp.",62,3.3,0.518513939877887,1.79239168949825,2023-07-11,"020502050602 Cedar Run"
"183","Buck.Cedar","Sculpin spp.",90,7.8,0.89209460269048,1.95424250943932,2023-07-11,"020502050602 Cedar Run"
"184","Buck.Cedar","Blacknose Dace",44,0.7,-0.154901959985743,1.64345267648619,2023-07-11,"020502050602 Cedar Run"
"185","Buck.Cedar","Blacknose Dace",61,2,0.301029995663981,1.78532983501077,2023-07-11,"020502050602 Cedar Run"
"186","Buck.Cedar","Sculpin spp.",72,4,0.602059991327962,1.85733249643127,2023-07-11,"020502050602 Cedar Run"
"187","Buck.Cedar","Blacknose Dace",62,2.1,0.322219294733919,1.79239168949825,2023-07-11,"020502050602 Cedar Run"
"188","Buck.Cedar","Sculpin spp.",60,2.4,0.380211241711606,1.77815125038364,2023-07-11,"020502050602 Cedar Run"
"189","Buck.Cedar","Blacknose Dace",48,0.8,-0.0969100130080564,1.68124123737559,2023-07-11,"020502050602 Cedar Run"
"190","Buck.Cedar","Sculpin spp.",61,2.9,0.462397997898956,1.78532983501077,2023-07-11,"020502050602 Cedar Run"
"191","Buck.Cedar","Sculpin spp.",75,4.3,0.633468455579587,1.8750612633917,2023-07-11,"020502050602 Cedar Run"
"192","Buck.Cedar","Sculpin spp.",65,3,0.477121254719662,1.81291335664286,2023-07-11,"020502050602 Cedar Run"
"193","Buck.Cedar","Blacknose Dace",59,1.8,0.255272505103306,1.77085201164214,2023-07-11,"020502050602 Cedar Run"
"194","Buck.Cedar","Sculpin spp.",80,6.1,0.785329835010767,1.90308998699194,2023-07-11,"020502050602 Cedar Run"
"195","Buck.Cedar","Blacknose Dace",92,5.5,0.740362689494244,1.96378782734556,2023-07-11,"020502050602 Cedar Run"
"196","Buck.Cedar","Sculpin spp.",80,6,0.778151250383644,1.90308998699194,2023-07-11,"020502050602 Cedar Run"
"197","Cedar.Pine","Sculpin spp.",89,7.7,0.886490725172482,1.94939000664491,2023-07-11,"020502050602 Cedar Run"
"198","Cedar.Pine","Sculpin spp.",106,12.2,1.08635983067475,2.02530586526477,2023-07-11,"020502050602 Cedar Run"
"199","Cedar.Pine","Sculpin spp.",98,9.6,0.982271233039568,1.99122607569249,2023-07-11,"020502050602 Cedar Run"
"200","Cedar.Pine","Sculpin spp.",93,9.3,0.968482948553935,1.96848294855394,2023-07-11,"020502050602 Cedar Run"
"201","Cedar.Pine","Sculpin spp.",73,4.1,0.612783856719735,1.86332286012046,2023-07-11,"020502050602 Cedar Run"
"202","Cedar.Pine","Sculpin spp.",96,10,1,1.98227123303957,2023-07-11,"020502050602 Cedar Run"
"203","Cedar.Pine","Sculpin spp.",82,5.6,0.7481880270062,1.91381385238372,2023-07-11,"020502050602 Cedar Run"
"204","Cedar.Pine","Sculpin spp.",65,2.9,0.462397997898956,1.81291335664286,2023-07-11,"020502050602 Cedar Run"
"205","Cedar.Pine","Sculpin spp.",97,10.7,1.02938377768521,1.98677173426624,2023-07-11,"020502050602 Cedar Run"
"206","Cedar.Pine","Sculpin spp.",82,6.7,0.826074802700826,1.91381385238372,2023-07-11,"020502050602 Cedar Run"
"207","Cedar.Pine","Sculpin spp.",101,11.1,1.04532297878666,2.00432137378264,2023-07-11,"020502050602 Cedar Run"
"208","Cedar.Pine","Sculpin spp.",93,9.3,0.968482948553935,1.96848294855394,2023-07-11,"020502050602 Cedar Run"
"209","Cedar.Pine","Sculpin spp.",79,4.9,0.690196080028514,1.89762709129044,2023-07-11,"020502050602 Cedar Run"
"210","Cedar.Pine","Sculpin spp.",91,8.5,0.929418925714293,1.95904139232109,2023-07-11,"020502050602 Cedar Run"
"211","Cedar.Pine","Sculpin spp.",76,5.1,0.707570176097936,1.88081359228079,2023-07-11,"020502050602 Cedar Run"
"212","Cedar.Pine","Sculpin spp.",85,6.5,0.812913356642856,1.92941892571429,2023-07-11,"020502050602 Cedar Run"
"213","Cedar.Pine","Sculpin spp.",95,9.1,0.959041392321094,1.97772360528885,2023-07-11,"020502050602 Cedar Run"
"214","Cedar.Pine","Sculpin spp.",110,16.3,1.21218760440396,2.04139268515822,2023-07-11,"020502050602 Cedar Run"
"215","Cedar.Pine","Sculpin spp.",87,7.4,0.869231719730976,1.93951925261862,2023-07-11,"020502050602 Cedar Run"
"216","Cedar.Pine","Sculpin spp.",60,2.1,0.322219294733919,1.77815125038364,2023-07-11,"020502050602 Cedar Run"
"217","Cedar.Pine","Sculpin spp.",52,1.4,0.146128035678238,1.7160033436348,2023-07-11,"020502050602 Cedar Run"
"218","Cedar.Pine","Sculpin spp.",85,6.4,0.806179973983887,1.92941892571429,2023-07-11,"020502050602 Cedar Run"
"219","Cedar.Pine","Sculpin spp.",98,10.9,1.03742649794062,1.99122607569249,2023-07-11,"020502050602 Cedar Run"
"220","Cedar.Pine","Sculpin spp.",70,4.1,0.612783856719735,1.84509804001426,2023-07-11,"020502050602 Cedar Run"
"221","Cedar.Pine","Sculpin spp.",83,5.6,0.7481880270062,1.91907809237607,2023-07-11,"020502050602 Cedar Run"
"222","Cedar.Pine","Sculpin spp.",107,14.6,1.16435285578444,2.02938377768521,2023-07-11,"020502050602 Cedar Run"
"223","Cedar.Pine","Sculpin spp.",66,2.9,0.462397997898956,1.81954393554187,2023-07-11,"020502050602 Cedar Run"
"224","Cedar.Pine","Sculpin spp.",96,8.7,0.939519252618618,1.98227123303957,2023-07-11,"020502050602 Cedar Run"
"225","Cedar.Pine","Sculpin spp.",90,8,0.903089986991944,1.95424250943932,2023-07-11,"020502050602 Cedar Run"
"226","Cedar.Pine","Sculpin spp.",63,2.6,0.414973347970818,1.79934054945358,2023-07-11,"020502050602 Cedar Run"
"227","Coal.Loyalsock","Blacknose Dace",46,0.8,-0.0969100130080564,1.66275783168157,2025-06-24,"020502060304 Little Loyalsock Creek-Loyalsock Creek"
"228","Coal.Loyalsock","Blacknose Dace",75,3.5,0.544068044350276,1.8750612633917,2022-06-30,"020502060304 Little Loyalsock Creek-Loyalsock Creek"
"229","Coal.Loyalsock","Blacknose Dace",49,0.94,-0.0268721464003014,1.69019608002851,2025-06-24,"020502060304 Little Loyalsock Creek-Loyalsock Creek"
"230","CR0-SY","Longnose Dace",86,5.8,0.763427993562937,1.93449845124357,2022-06-03,"020502061005 Buffalo Creek"
"231","CR0-SY","Longnose Dace",80,4.8,0.681241237375587,1.90308998699194,2022-06-03,"020502061005 Buffalo Creek"
"232","CR0-SY","Longnose Dace",83,7.5,0.8750612633917,1.91907809237607,2022-06-03,"020502061005 Buffalo Creek"
"233","CR0-SY","Longnose Dace",58,1.9,0.278753600952829,1.76342799356294,2022-06-03,"020502061005 Buffalo Creek"
"234","CR0-SY","Blacknose Dace",44,0.7,-0.154901959985743,1.64345267648619,2023-06-05,"020502061005 Buffalo Creek"
"235","CR0-SY","Blacknose Dace",54,1.8,0.255272505103306,1.73239375982297,2023-06-05,"020502061005 Buffalo Creek"
"236","CR0-SY","Longnose Dace",87,6.1,0.785329835010767,1.93951925261862,2022-06-03,"020502061005 Buffalo Creek"
"237","CR0-SY","Longnose Dace",83,5.7,0.755874855672491,1.91907809237607,2022-06-03,"020502061005 Buffalo Creek"
"238","CR0-SY","Blacknose Dace",61,2,0.301029995663981,1.78532983501077,2023-06-05,"020502061005 Buffalo Creek"
"239","CR0-SY","Blacknose Dace",65,2.3,0.361727836017593,1.81291335664286,2023-06-05,"020502061005 Buffalo Creek"
"240","CR0-SY","Common Shiner",57,1.5,0.176091259055681,1.75587485567249,2023-06-05,"020502061005 Buffalo Creek"
"241","CR0-SY","Blacknose Dace",72,5.9,0.770852011642144,1.85733249643127,2023-06-05,"020502061005 Buffalo Creek"
"242","CR0-SY","Longnose Dace",68,2.6,0.414973347970818,1.83250891270624,2022-06-03,"020502061005 Buffalo Creek"
"243","CR0-SY","Longnose Dace",93,8.7,0.939519252618618,1.96848294855394,2022-06-03,"020502061005 Buffalo Creek"
"244","CR0-SY","Blacknose Dace",37,0.6,-0.221848749616356,1.56820172406699,2023-06-05,"020502061005 Buffalo Creek"
"245","CR0-SY","Longnose Dace",64,2.4,0.380211241711606,1.80617997398389,2022-06-03,"020502061005 Buffalo Creek"
"246","CR0-SY","Creek Chub",82,8.1,0.90848501887865,1.91381385238372,2022-06-03,"020502061005 Buffalo Creek"
"247","CR0-SY","Creek Chub",77,6.7,0.826074802700826,1.88649072517248,2022-06-03,"020502061005 Buffalo Creek"
"248","CR0-SY","Longnose Dace",52,1.4,0.146128035678238,1.7160033436348,2022-06-03,"020502061005 Buffalo Creek"
"249","CR0-SY","Creek Chub",96,8.7,0.939519252618618,1.98227123303957,2022-06-03,"020502061005 Buffalo Creek"
"250","CR0-SY","Longnose Dace",55,1.6,0.204119982655925,1.74036268949424,2022-06-03,"020502061005 Buffalo Creek"
"251","CR0-SY","Cutlip Minnow",87,10.6,1.02530586526477,1.93951925261862,2022-06-03,"020502061005 Buffalo Creek"
"252","CR0-SY","Creek Chub",47,1.1,0.0413926851582251,1.67209785793572,2022-06-03,"020502061005 Buffalo Creek"
"253","CR0-SY","Cutlip Minnow",105,14.4,1.15836249209525,2.02118929906994,2022-06-03,"020502061005 Buffalo Creek"
"254","CR0-SY","Longnose Dace",81,5.2,0.716003343634799,1.90848501887865,2022-06-03,"020502061005 Buffalo Creek"
"255","CR0-SY","Longnose Dace",95,10,1,1.97772360528885,2022-06-03,"020502061005 Buffalo Creek"
"256","CR0-SY","Sculpin spp.",76,6.7,0.826074802700826,1.88081359228079,2022-06-03,"020502061005 Buffalo Creek"
"257","CR0-SY","Sculpin spp.",71,6.9,0.838849090737255,1.85125834871908,2022-06-03,"020502061005 Buffalo Creek"
"258","CR0-SY","Blacknose Dace",64,2.8,0.447158031342219,1.80617997398389,2022-06-03,"020502061005 Buffalo Creek"
"259","CR0-SY","Blacknose Dace",54,1.4,0.146128035678238,1.73239375982297,2022-06-03,"020502061005 Buffalo Creek"
"260","CR0-SY","Blacknose Dace",43,0.7,-0.154901959985743,1.63346845557959,2022-06-03,"020502061005 Buffalo Creek"
"261","CR0-SY","Blacknose Dace",69,3.2,0.505149978319906,1.83884909073726,2022-06-03,"020502061005 Buffalo Creek"
"262","CR0-SY","Blacknose Dace",60,2.5,0.397940008672038,1.77815125038364,2022-06-03,"020502061005 Buffalo Creek"
"263","CR0-SY","Blacknose Dace",52,1.4,0.146128035678238,1.7160033436348,2022-06-03,"020502061005 Buffalo Creek"
"264","CR0-SY","Blacknose Dace",56,1.9,0.278753600952829,1.7481880270062,2022-06-03,"020502061005 Buffalo Creek"
"265","CR0-SY","Cutlip Minnow",127,31.7,1.50105926221775,2.10380372095596,2022-06-03,"020502061005 Buffalo Creek"
"266","CR0-SY","Longnose Dace",60,1.8,0.255272505103306,1.77815125038364,2022-06-03,"020502061005 Buffalo Creek"
"267","CR0-SY","Sculpin spp.",71,5.5,0.740362689494244,1.85125834871908,2022-06-03,"020502061005 Buffalo Creek"
"268","CR0-SY","Sculpin spp.",68,4.4,0.643452676486187,1.83250891270624,2022-06-03,"020502061005 Buffalo Creek"
"269","CR0-SY","Common Shiner",73,3.4,0.531478917042255,1.86332286012046,2023-06-05,"020502061005 Buffalo Creek"
"270","CR0-SY","Blacknose Dace",64,3.1,0.491361693834273,1.80617997398389,2022-06-03,"020502061005 Buffalo Creek"
"271","CR0-SY","Creek Chub",82,5.7,0.755874855672491,1.91381385238372,2022-06-03,"020502061005 Buffalo Creek"
"272","CR0-SY","Creek Chub",61,2.6,0.414973347970818,1.78532983501077,2022-06-03,"020502061005 Buffalo Creek"
"273","CR0-SY","Longnose Dace",71,3.6,0.556302500767287,1.85125834871908,2022-06-03,"020502061005 Buffalo Creek"
"274","CR0-SY","Longnose Dace",65,2.9,0.462397997898956,1.81291335664286,2022-06-03,"020502061005 Buffalo Creek"
"275","CR0-SY","Longnose Dace",65,2.6,0.414973347970818,1.81291335664286,2022-06-03,"020502061005 Buffalo Creek"
"276","CR0-SY","Longnose Dace",63,2.3,0.361727836017593,1.79934054945358,2022-06-03,"020502061005 Buffalo Creek"
"277","CR0-SY","Blacknose Dace",65,2.8,0.447158031342219,1.81291335664286,2023-06-05,"020502061005 Buffalo Creek"
"278","CR0-SY","Blacknose Dace",69,1.9,0.278753600952829,1.83884909073726,2023-06-05,"020502061005 Buffalo Creek"
"279","CR0-SY","Sculpin spp.",83,8,0.903089986991944,1.91907809237607,2023-06-05,"020502061005 Buffalo Creek"
"280","CR0-SY","Sculpin spp.",86,6.4,0.806179973983887,1.93449845124357,2023-06-05,"020502061005 Buffalo Creek"
"281","CR0-SY","Sculpin spp.",59,2.7,0.431363764158987,1.77085201164214,2023-06-05,"020502061005 Buffalo Creek"
"282","CR0-SY","Sculpin spp.",72,4.7,0.672097857935718,1.85733249643127,2023-06-05,"020502061005 Buffalo Creek"
"283","CR0-SY","Sculpin spp.",76,5.7,0.755874855672491,1.88081359228079,2023-06-05,"020502061005 Buffalo Creek"
"284","CR0-SY","Sculpin spp.",82,9,0.954242509439325,1.91381385238372,2023-06-05,"020502061005 Buffalo Creek"
"285","CR0-SY","Sculpin spp.",73,5.6,0.7481880270062,1.86332286012046,2023-06-05,"020502061005 Buffalo Creek"
"286","CR0-SY","Common Shiner",61,1.7,0.230448921378274,1.78532983501077,2023-06-05,"020502061005 Buffalo Creek"
"287","CR0-SY","Common Shiner",61,1.7,0.230448921378274,1.78532983501077,2023-06-05,"020502061005 Buffalo Creek"
"288","CR0-SY","Sculpin spp.",84,7.5,0.8750612633917,1.92427928606188,2023-06-05,"020502061005 Buffalo Creek"
"289","CR0-SY","Blacknose Dace",62,2.8,0.447158031342219,1.79239168949825,2023-06-05,"020502061005 Buffalo Creek"
"290","CR0-SY","Creek Chub",78,5,0.698970004336019,1.89209460269048,2022-06-03,"020502061005 Buffalo Creek"
"291","CR0-SY","Green Sunfish",60,4.2,0.6232492903979,1.77815125038364,2022-06-03,"020502061005 Buffalo Creek"
"292","CR0-SY","Longnose Dace",68,3.2,0.505149978319906,1.83250891270624,2022-06-03,"020502061005 Buffalo Creek"
"293","CR0-SY","Blacknose Dace",58,1.9,0.278753600952829,1.76342799356294,2023-06-05,"020502061005 Buffalo Creek"
"294","CR0-SY","Blacknose Dace",54,1.7,0.230448921378274,1.73239375982297,2023-06-05,"020502061005 Buffalo Creek"
"295","CR0-SY","Blacknose Dace",42,0.6,-0.221848749616356,1.6232492903979,2023-06-05,"020502061005 Buffalo Creek"
"296","CR0-SY","Blacknose Dace",53,2.3,0.361727836017593,1.72427586960079,2023-06-05,"020502061005 Buffalo Creek"
"297","CR0-SY","Blacknose Dace",61,2.1,0.322219294733919,1.78532983501077,2023-06-05,"020502061005 Buffalo Creek"
"298","CR0-SY","Blacknose Dace",42,0.5,-0.301029995663981,1.6232492903979,2023-06-05,"020502061005 Buffalo Creek"
"299","CR0-SY","Blacknose Dace",64,2.5,0.397940008672038,1.80617997398389,2023-06-05,"020502061005 Buffalo Creek"
"300","CR0-SY","Blacknose Dace",75,7.5,0.8750612633917,1.8750612633917,2023-06-05,"020502061005 Buffalo Creek"
"301","CR0-SY","Blacknose Dace",60,3.7,0.568201724066995,1.77815125038364,2023-06-05,"020502061005 Buffalo Creek"
"302","CR0-SY","Sculpin spp.",79,6.6,0.819543935541869,1.89762709129044,2023-06-05,"020502061005 Buffalo Creek"
"303","CR0-SY","Blacknose Dace",71,3.1,0.491361693834273,1.85125834871908,2023-06-05,"020502061005 Buffalo Creek"
"304","CR0-SY","Blacknose Dace",39,0.5,-0.301029995663981,1.5910646070265,2023-06-05,"020502061005 Buffalo Creek"
"305","CR0-SY","Blacknose Dace",67,2.9,0.462397997898956,1.82607480270083,2023-06-05,"020502061005 Buffalo Creek"
"306","CR0-SY","Blacknose Dace",67,2.5,0.397940008672038,1.82607480270083,2022-06-03,"020502061005 Buffalo Creek"
"307","CR0-SY","Blacknose Dace",63,2.7,0.431363764158987,1.79934054945358,2022-06-03,"020502061005 Buffalo Creek"
"308","CR0-SY","Blacknose Dace",64,2.6,0.414973347970818,1.80617997398389,2022-06-03,"020502061005 Buffalo Creek"
"309","CR0-SY","Blacknose Dace",59,2.1,0.322219294733919,1.77085201164214,2022-06-03,"020502061005 Buffalo Creek"
"310","CR0-SY","Longnose Dace",85,6.1,0.785329835010767,1.92941892571429,2022-06-03,"020502061005 Buffalo Creek"
"311","CR0-SY","Longnose Dace",65,2.7,0.431363764158987,1.81291335664286,2022-06-03,"020502061005 Buffalo Creek"
"312","CR0-SY","Longnose Dace",86,7.5,0.8750612633917,1.93449845124357,2022-06-03,"020502061005 Buffalo Creek"
"313","CR0-SY","Longnose Dace",48,1,0,1.68124123737559,2022-06-03,"020502061005 Buffalo Creek"
"314","CR0-SY","Cutlip Minnow",92,8.9,0.949390006644913,1.96378782734556,2023-06-05,"020502061005 Buffalo Creek"
"315","CR0-SY","Cutlip Minnow",101,15,1.17609125905568,2.00432137378264,2023-06-05,"020502061005 Buffalo Creek"
"316","CR0-SY","Cutlip Minnow",87,7.9,0.897627091290441,1.93951925261862,2023-06-05,"020502061005 Buffalo Creek"
"317","CR0-SY","Creek Chub",80,5.8,0.763427993562937,1.90308998699194,2023-06-05,"020502061005 Buffalo Creek"
"318","CR0-SY","Longnose Dace",65,3.3,0.518513939877887,1.81291335664286,2022-06-03,"020502061005 Buffalo Creek"
"319","CR0-SY","Creek Chub",90,7.7,0.886490725172482,1.95424250943932,2022-06-03,"020502061005 Buffalo Creek"
"320","CR0-SY","Creek Chub",91,9.4,0.973127853599699,1.95904139232109,2022-06-03,"020502061005 Buffalo Creek"
"321","CR0-SY","Longnose Dace",63,2.1,0.322219294733919,1.79934054945358,2022-06-03,"020502061005 Buffalo Creek"
"322","CR0-SY","Longnose Dace",65,2.6,0.414973347970818,1.81291335664286,2022-06-03,"020502061005 Buffalo Creek"
"323","CR0-SY","Cutlip Minnow",79,5.7,0.755874855672491,1.89762709129044,2022-06-03,"020502061005 Buffalo Creek"
"324","CR0-SY","Cutlip Minnow",68,3.8,0.57978359661681,1.83250891270624,2022-06-03,"020502061005 Buffalo Creek"
"325","CR0-SY","Cutlip Minnow",110,15,1.17609125905568,2.04139268515822,2022-06-03,"020502061005 Buffalo Creek"
"326","CR0-SY","Cutlip Minnow",80,6.1,0.785329835010767,1.90308998699194,2022-06-03,"020502061005 Buffalo Creek"
"327","CR0-SY","Cutlip Minnow",54,1.5,0.176091259055681,1.73239375982297,2022-06-03,"020502061005 Buffalo Creek"
"328","CR0-SY","Cutlip Minnow",95,9.6,0.982271233039568,1.97772360528885,2022-06-03,"020502061005 Buffalo Creek"
"329","CR0-SY","Cutlip Minnow",104,14,1.14612803567824,2.01703333929878,2022-06-03,"020502061005 Buffalo Creek"
"330","CR0-SY","Sculpin spp.",74,4.8,0.681241237375587,1.86923171973098,2023-06-05,"020502061005 Buffalo Creek"
"331","CR0-SY","Sculpin spp.",83,6.8,0.832508912706236,1.91907809237607,2023-06-05,"020502061005 Buffalo Creek"
"332","CR0-SY","Blacknose Dace",67,2.8,0.447158031342219,1.82607480270083,2023-06-05,"020502061005 Buffalo Creek"
"333","CR0-SY","Blacknose Dace",57,2,0.301029995663981,1.75587485567249,2022-06-03,"020502061005 Buffalo Creek"
"334","CR0-SY","Blacknose Dace",59,1.9,0.278753600952829,1.77085201164214,2022-06-03,"020502061005 Buffalo Creek"
"335","CR0-SY","Blacknose Dace",59,2.1,0.322219294733919,1.77085201164214,2022-06-03,"020502061005 Buffalo Creek"
"336","CR0-SY","Sculpin spp.",78,6.1,0.785329835010767,1.89209460269048,2022-06-03,"020502061005 Buffalo Creek"
"337","CR0-SY","Sculpin spp.",51,1.8,0.255272505103306,1.70757017609794,2022-06-03,"020502061005 Buffalo Creek"
"338","CR0-SY","Sculpin spp.",62,2.8,0.447158031342219,1.79239168949825,2022-06-03,"020502061005 Buffalo Creek"
"339","CR0-SY","Tessellated Darter",59,2.1,0.322219294733919,1.77085201164214,2022-06-03,"020502061005 Buffalo Creek"
"340","CR0-SY","Tessellated Darter",43,0.5,-0.301029995663981,1.63346845557959,2022-06-03,"020502061005 Buffalo Creek"
"341","CR0-SY","Sculpin spp.",82,9.2,0.963787827345555,1.91381385238372,2022-06-03,"020502061005 Buffalo Creek"
"342","CR0-SY","Tessellated Darter",72,3.6,0.556302500767287,1.85733249643127,2022-06-03,"020502061005 Buffalo Creek"
"343","CR0-SY","Blacknose Dace",63,2.6,0.414973347970818,1.79934054945358,2022-06-03,"020502061005 Buffalo Creek"
"344","CR0-SY","Blacknose Dace",68,3.4,0.531478917042255,1.83250891270624,2022-06-03,"020502061005 Buffalo Creek"
"345","CR0-SY","Tessellated Darter",64,2.2,0.342422680822206,1.80617997398389,2022-06-03,"020502061005 Buffalo Creek"
"346","CR0-SY","Sculpin spp.",79,6.6,0.819543935541869,1.89762709129044,2022-06-03,"020502061005 Buffalo Creek"
"347","CR0-SY","Blacknose Dace",41,0.4,-0.397940008672038,1.61278385671974,2022-06-03,"020502061005 Buffalo Creek"
"348","CR0-SY","Tessellated Darter",55,1.6,0.204119982655925,1.74036268949424,2022-06-03,"020502061005 Buffalo Creek"
"349","CR0-SY","Sculpin spp.",70,4.2,0.6232492903979,1.84509804001426,2023-06-05,"020502061005 Buffalo Creek"
"350","CR0-SY","Blacknose Dace",47,0.6,-0.221848749616356,1.67209785793572,2023-06-05,"020502061005 Buffalo Creek"
"351","CR0-SY","Cutlip Minnow",67,3.2,0.505149978319906,1.82607480270083,2023-06-05,"020502061005 Buffalo Creek"
"352","CR0-SY","Cutlip Minnow",94,10.2,1.00860017176192,1.9731278535997,2023-06-05,"020502061005 Buffalo Creek"
"353","CR0-SY","Cutlip Minnow",55,3.8,0.57978359661681,1.74036268949424,2023-06-05,"020502061005 Buffalo Creek"
"354","CR0-SY","Margined Madtom",96,8.6,0.934498451243568,1.98227123303957,2022-06-03,"020502061005 Buffalo Creek"
"355","CR0-SY","Margined Madtom",115,13.2,1.12057393120585,2.06069784035361,2022-06-03,"020502061005 Buffalo Creek"
"356","CR0-SY","Sculpin spp.",74,6.2,0.792391689498254,1.86923171973098,2022-06-03,"020502061005 Buffalo Creek"
"357","CR0-SY","Sculpin spp.",64,3.5,0.544068044350276,1.80617997398389,2022-06-03,"020502061005 Buffalo Creek"
"358","CR0-SY","Sculpin spp.",68,4.2,0.6232492903979,1.83250891270624,2022-06-03,"020502061005 Buffalo Creek"
"359","CR0-SY","Longnose Dace",55,1.5,0.176091259055681,1.74036268949424,2022-06-03,"020502061005 Buffalo Creek"
"360","CR0-SY","Longnose Dace",86,6.2,0.792391689498254,1.93449845124357,2022-06-03,"020502061005 Buffalo Creek"
"361","CR0-SY","Sculpin spp.",74,5.3,0.724275869600789,1.86923171973098,2022-06-03,"020502061005 Buffalo Creek"
"362","CR0-SY","Sculpin spp.",71,5.1,0.707570176097936,1.85125834871908,2022-06-03,"020502061005 Buffalo Creek"
"363","CR0-SY","Sculpin spp.",79,5.5,0.740362689494244,1.89762709129044,2022-06-03,"020502061005 Buffalo Creek"
"364","CR0-SY","Longnose Dace",53,1.4,0.146128035678238,1.72427586960079,2022-06-03,"020502061005 Buffalo Creek"
"365","CR0-SY","Longnose Dace",53,1.6,0.204119982655925,1.72427586960079,2022-06-03,"020502061005 Buffalo Creek"
"366","CR0-SY","Margined Madtom",97,10.9,1.03742649794062,1.98677173426624,2022-06-03,"020502061005 Buffalo Creek"
"367","CR0-SY","Sculpin spp.",56,1.9,0.278753600952829,1.7481880270062,2022-06-03,"020502061005 Buffalo Creek"
"368","CR0-SY","Sculpin spp.",83,7.3,0.863322860120456,1.91907809237607,2022-06-03,"020502061005 Buffalo Creek"
"369","CR0-SY","Margined Madtom",99,10.3,1.01283722470517,1.99563519459755,2022-06-03,"020502061005 Buffalo Creek"
"370","CR0-SY","Margined Madtom",104,13.5,1.13033376849501,2.01703333929878,2022-06-03,"020502061005 Buffalo Creek"
"371","CR0-SY","Margined Madtom",120,17.5,1.24303804868629,2.07918124604762,2022-06-03,"020502061005 Buffalo Creek"
"372","CR0-SY","Margined Madtom",115,17.8,1.25042000230889,2.06069784035361,2022-06-03,"020502061005 Buffalo Creek"
"373","CR0-SY","Blacknose Dace",54,1.4,0.146128035678238,1.73239375982297,2022-06-03,"020502061005 Buffalo Creek"
"374","CR0-SY","Longnose Dace",60,2.2,0.342422680822206,1.77815125038364,2023-06-05,"020502061005 Buffalo Creek"
"375","CR0-SY","Sculpin spp.",75,6.2,0.792391689498254,1.8750612633917,2023-06-05,"020502061005 Buffalo Creek"
"376","CR0-SY","Sculpin spp.",64,5.5,0.740362689494244,1.80617997398389,2023-06-05,"020502061005 Buffalo Creek"
"377","CR0-SY","Longnose Dace",68,3,0.477121254719662,1.83250891270624,2023-06-05,"020502061005 Buffalo Creek"
"378","CR0-SY","Longnose Dace",68,3.1,0.491361693834273,1.83250891270624,2023-06-05,"020502061005 Buffalo Creek"
"379","CR0-SY","Longnose Dace",73,3.4,0.531478917042255,1.86332286012046,2023-06-05,"020502061005 Buffalo Creek"
"380","CR0-SY","Longnose Dace",66,3.1,0.491361693834273,1.81954393554187,2023-06-05,"020502061005 Buffalo Creek"
"381","CR0-SY","Longnose Dace",87,6.7,0.826074802700826,1.93951925261862,2023-06-05,"020502061005 Buffalo Creek"
"382","CR0-SY","Longnose Dace",63,2.2,0.342422680822206,1.79934054945358,2023-06-05,"020502061005 Buffalo Creek"
"383","CR0-SY","Longnose Dace",75,4.4,0.643452676486187,1.8750612633917,2023-06-05,"020502061005 Buffalo Creek"
"384","CR0-SY","Longnose Dace",94,9.4,0.973127853599699,1.9731278535997,2023-06-05,"020502061005 Buffalo Creek"
"385","CR0-SY","Longnose Dace",68,3.2,0.505149978319906,1.83250891270624,2023-06-05,"020502061005 Buffalo Creek"
"386","CR0-SY","Sculpin spp.",70,4.2,0.6232492903979,1.84509804001426,2023-06-05,"020502061005 Buffalo Creek"
"387","CR0-SY","Longnose Dace",91,8.1,0.90848501887865,1.95904139232109,2023-06-05,"020502061005 Buffalo Creek"
"388","CR0-SY","Blacknose Dace",60,2.4,0.380211241711606,1.77815125038364,2023-06-05,"020502061005 Buffalo Creek"
"389","CR0-SY","Blacknose Dace",33,0.3,-0.522878745280338,1.51851393987789,2023-06-05,"020502061005 Buffalo Creek"
"390","CR0-SY","Sculpin spp.",77,6.8,0.832508912706236,1.88649072517248,2022-06-03,"020502061005 Buffalo Creek"
"391","CR0-SY","Sculpin spp.",82,6.7,0.826074802700826,1.91381385238372,2022-06-03,"020502061005 Buffalo Creek"
"392","CR0-SY","Sculpin spp.",82,6.5,0.812913356642856,1.91381385238372,2022-06-03,"020502061005 Buffalo Creek"
"393","CR0-SY","Sculpin spp.",76,5.9,0.770852011642144,1.88081359228079,2022-06-03,"020502061005 Buffalo Creek"
"394","CR0-SY","Longnose Dace",60,2.2,0.342422680822206,1.77815125038364,2023-06-05,"020502061005 Buffalo Creek"
"395","CR0-SY","Longnose Dace",80,5.7,0.755874855672491,1.90308998699194,2023-06-05,"020502061005 Buffalo Creek"
"396","CR0-SY","Longnose Dace",65,2.4,0.380211241711606,1.81291335664286,2023-06-05,"020502061005 Buffalo Creek"
"397","CR0-SY","Longnose Dace",64,2.3,0.361727836017593,1.80617997398389,2023-06-05,"020502061005 Buffalo Creek"
"398","CR0-SY","Longnose Dace",75,8.1,0.90848501887865,1.8750612633917,2023-06-05,"020502061005 Buffalo Creek"
"399","CR0-SY","Creek Chub",157,48.5,1.68574173860226,2.19589965240923,2023-06-05,"020502061005 Buffalo Creek"
"400","CR0-SY","Creek Chub",69,3.1,0.491361693834273,1.83884909073726,2023-06-05,"020502061005 Buffalo Creek"
"401","CR0-SY","Creek Chub",86,7.1,0.851258348719075,1.93449845124357,2023-06-05,"020502061005 Buffalo Creek"
"402","CR0-SY","Creek Chub",48,1,0,1.68124123737559,2023-06-05,"020502061005 Buffalo Creek"
"403","CR0-SY","Creek Chub",101,9.3,0.968482948553935,2.00432137378264,2023-06-05,"020502061005 Buffalo Creek"
"404","CR0-SY","Creek Chub",89,8,0.903089986991944,1.94939000664491,2023-06-05,"020502061005 Buffalo Creek"
"405","CR0-SY","Creek Chub",135,28.6,1.45636603312904,2.13033376849501,2023-06-05,"020502061005 Buffalo Creek"
"407","CR0-SY","White Sucker",106,12.6,1.10037054511756,2.02530586526477,2023-06-05,"020502061005 Buffalo Creek"
"408","CR0-SY","White Sucker",95,11.5,1.06069784035361,1.97772360528885,2023-06-05,"020502061005 Buffalo Creek"
"409","CR0-SY","Tessellated Darter",52,1,0,1.7160033436348,2023-06-05,"020502061005 Buffalo Creek"
"410","CR0-SY","Tessellated Darter",36,0.4,-0.397940008672038,1.55630250076729,2023-06-05,"020502061005 Buffalo Creek"
"411","CR0-SY","Cutlip Minnow",59,2.4,0.380211241711606,1.77085201164214,2022-06-03,"020502061005 Buffalo Creek"
"412","CR0-SY","Cutlip Minnow",47,1.1,0.0413926851582251,1.67209785793572,2022-06-03,"020502061005 Buffalo Creek"
"413","CR0-SY","Green Sunfish",71,6.2,0.792391689498254,1.85125834871908,2022-06-03,"020502061005 Buffalo Creek"
"414","CR0-SY","Margined Madtom",126,38.9,1.58994960132571,2.10037054511756,2022-06-03,"020502061005 Buffalo Creek"
"415","CR0-SY","Sculpin spp.",77,5.5,0.740362689494244,1.88649072517248,2022-06-03,"020502061005 Buffalo Creek"
"416","CR0-SY","Sculpin spp.",70,3.5,0.544068044350276,1.84509804001426,2022-06-03,"020502061005 Buffalo Creek"
"417","CR0-SY","Blacknose Dace",43,0.7,-0.154901959985743,1.63346845557959,2022-06-03,"020502061005 Buffalo Creek"
"418","CR0-SY","Blacknose Dace",52,1.5,0.176091259055681,1.7160033436348,2022-06-03,"020502061005 Buffalo Creek"
"419","CR0-SY","Blacknose Dace",57,1.8,0.255272505103306,1.75587485567249,2022-06-03,"020502061005 Buffalo Creek"
"420","CR0-SY","Blacknose Dace",78,5.2,0.716003343634799,1.89209460269048,2022-06-03,"020502061005 Buffalo Creek"
"421","CR0-SY","Blacknose Dace",65,2.5,0.397940008672038,1.81291335664286,2022-06-03,"020502061005 Buffalo Creek"
"422","CR0-SY","Creek Chub",39,0.7,-0.154901959985743,1.5910646070265,2022-06-03,"020502061005 Buffalo Creek"
"423","CR0-SY","Creek Chub",78,4.8,0.681241237375587,1.89209460269048,2022-06-03,"020502061005 Buffalo Creek"
"424","CR0-SY","Sculpin spp.",76,6,0.778151250383644,1.88081359228079,2022-06-03,"020502061005 Buffalo Creek"
"425","CR0-SY","Sculpin spp.",75,5.1,0.707570176097936,1.8750612633917,2022-06-03,"020502061005 Buffalo Creek"
"426","CR0-SY","Sculpin spp.",72,4.4,0.643452676486187,1.85733249643127,2022-06-03,"020502061005 Buffalo Creek"
"427","CR0-SY","Sculpin spp.",54,1.9,0.278753600952829,1.73239375982297,2022-06-03,"020502061005 Buffalo Creek"
"428","CR0-SY","Longnose Dace",56,1.7,0.230448921378274,1.7481880270062,2023-06-05,"020502061005 Buffalo Creek"
"429","CR0-SY","Sculpin spp.",75,4.9,0.690196080028514,1.8750612633917,2022-06-03,"020502061005 Buffalo Creek"
"430","CR0-SY","Sculpin spp.",72,4.8,0.681241237375587,1.85733249643127,2022-06-03,"020502061005 Buffalo Creek"
"431","CR0-SY","Sculpin spp.",83,6.9,0.838849090737255,1.91907809237607,2023-06-05,"020502061005 Buffalo Creek"
"432","CR0-SY","Sculpin spp.",54,1.8,0.255272505103306,1.73239375982297,2023-06-05,"020502061005 Buffalo Creek"
"433","CR0-SY","Cutlip Minnow",118,20.7,1.31597034545692,2.07188200730613,2023-06-05,"020502061005 Buffalo Creek"
"434","CR0-SY","Longnose Dace",69,3.2,0.505149978319906,1.83884909073726,2023-06-05,"020502061005 Buffalo Creek"
"435","CR0-SY","Green Sunfish",99,16.1,1.20682587603185,1.99563519459755,2023-06-05,"020502061005 Buffalo Creek"
"436","CR0-SY","Longnose Dace",71,6.4,0.806179973983887,1.85125834871908,2023-06-05,"020502061005 Buffalo Creek"
"437","CR0-SY","Longnose Dace",59,1.7,0.230448921378274,1.77085201164214,2023-06-05,"020502061005 Buffalo Creek"
"438","CR0-SY","Longnose Dace",65,6.3,0.799340549453582,1.81291335664286,2023-06-05,"020502061005 Buffalo Creek"
"439","CR0-SY","Longnose Dace",62,2.5,0.397940008672038,1.79239168949825,2023-06-05,"020502061005 Buffalo Creek"
"440","CR0-SY","Longnose Dace",115,10.5,1.02118929906994,2.06069784035361,2023-06-05,"020502061005 Buffalo Creek"
"441","CR0-SY","Longnose Dace",76,4.8,0.681241237375587,1.88081359228079,2023-06-05,"020502061005 Buffalo Creek"
"442","CR0-SY","Tessellated Darter",59,1.7,0.230448921378274,1.77085201164214,2023-06-05,"020502061005 Buffalo Creek"
"443","CR0-SY","Sculpin spp.",65,5,0.698970004336019,1.81291335664286,2023-06-05,"020502061005 Buffalo Creek"
"444","CR0-SY","Longnose Dace",76,4,0.602059991327962,1.88081359228079,2023-06-05,"020502061005 Buffalo Creek"
"445","CR0-SY","Longnose Dace",70,3.8,0.57978359661681,1.84509804001426,2023-06-05,"020502061005 Buffalo Creek"
"446","CR0-SY","Longnose Dace",65,2.6,0.414973347970818,1.81291335664286,2023-06-05,"020502061005 Buffalo Creek"
"447","CR0-SY","Sculpin spp.",80,6,0.778151250383644,1.90308998699194,2023-06-05,"020502061005 Buffalo Creek"
"448","CR0-SY","Sculpin spp.",70,4.4,0.643452676486187,1.84509804001426,2023-06-05,"020502061005 Buffalo Creek"
"449","CR0-SY","Sculpin spp.",78,6.1,0.785329835010767,1.89209460269048,2023-06-05,"020502061005 Buffalo Creek"
"450","CR0-SY","Sculpin spp.",56,1.8,0.255272505103306,1.7481880270062,2023-06-05,"020502061005 Buffalo Creek"
"451","CR0-SY","Sculpin spp.",80,8,0.903089986991944,1.90308998699194,2023-06-05,"020502061005 Buffalo Creek"
"452","CR0-SY","Longnose Dace",61,2.1,0.322219294733919,1.78532983501077,2023-06-05,"020502061005 Buffalo Creek"
"453","CR0-SY","Longnose Dace",61,2.3,0.361727836017593,1.78532983501077,2023-06-05,"020502061005 Buffalo Creek"
"454","CR0-SY","Longnose Dace",72,3.1,0.491361693834273,1.85733249643127,2023-06-05,"020502061005 Buffalo Creek"
"455","CR0-SY","Sculpin spp.",70,4.3,0.633468455579587,1.84509804001426,2022-06-03,"020502061005 Buffalo Creek"
"456","CR0-SY","Blacknose Dace",45,0.8,-0.0969100130080564,1.65321251377534,2023-06-05,"020502061005 Buffalo Creek"
"457","CR0-SY","Sculpin spp.",50,2.1,0.322219294733919,1.69897000433602,2023-06-05,"020502061005 Buffalo Creek"
"458","CR0-SY","Sculpin spp.",50,1.3,0.113943352306837,1.69897000433602,2023-06-05,"020502061005 Buffalo Creek"
"459","CR0-SY","Sculpin spp.",72,4.5,0.653212513775344,1.85733249643127,2023-06-05,"020502061005 Buffalo Creek"
"460","CR0-SY","Tessellated Darter",45,0.8,-0.0969100130080564,1.65321251377534,2023-06-05,"020502061005 Buffalo Creek"
"461","CR0-SY","Sculpin spp.",89,8.4,0.924279286061882,1.94939000664491,2023-06-05,"020502061005 Buffalo Creek"
"462","CR0-SY","Sculpin spp.",82,7.4,0.869231719730976,1.91381385238372,2023-06-05,"020502061005 Buffalo Creek"
"463","CR0-SY","Sculpin spp.",55,2.2,0.342422680822206,1.74036268949424,2023-06-05,"020502061005 Buffalo Creek"
"464","CR0-SY","Blacknose Dace",71,3.5,0.544068044350276,1.85125834871908,2023-06-05,"020502061005 Buffalo Creek"
"465","CR0-SY","Blacknose Dace",35,0.5,-0.301029995663981,1.54406804435028,2023-06-05,"020502061005 Buffalo Creek"
"466","CR0-SY","Sculpin spp.",64,3.7,0.568201724066995,1.80617997398389,2023-06-05,"020502061005 Buffalo Creek"
"467","Darling.Pine","Longnose Dace",39,0.3,-0.522878745280338,1.5910646070265,2022-07-18,"020502050601 Trout Run-Pine Creek"
"468","Darling.Pine","Longnose Dace",102,9.67,0.985426474083002,2.00860017176192,2025-07-08,"020502050601 Trout Run-Pine Creek"
"469","Darling.Pine","Longnose Dace",37,0.4,-0.397940008672038,1.56820172406699,2022-07-18,"020502050601 Trout Run-Pine Creek"
"470","Darling.Pine","Longnose Dace",90,5.9,0.770852011642144,1.95424250943932,2022-07-18,"020502050601 Trout Run-Pine Creek"
"471","Darling.Pine","Blacknose Dace",65,2.6,0.414973347970818,1.81291335664286,2022-07-18,"020502050601 Trout Run-Pine Creek"
"472","Darling.Pine","Blacknose Dace",68,2.8,0.447158031342219,1.83250891270624,2022-07-18,"020502050601 Trout Run-Pine Creek"
"473","Darling.Pine","Longnose Dace",57,1.5,0.176091259055681,1.75587485567249,2022-07-18,"020502050601 Trout Run-Pine Creek"
"474","Darling.Pine","Longnose Dace",40,0.5,-0.301029995663981,1.60205999132796,2022-07-18,"020502050601 Trout Run-Pine Creek"
"475","Darling.Pine","Blacknose Dace",73,3.2,0.505149978319906,1.86332286012046,2022-07-18,"020502050601 Trout Run-Pine Creek"
"476","Darling.Pine","Blacknose Dace",69,2.9,0.462397997898956,1.83884909073726,2022-07-18,"020502050601 Trout Run-Pine Creek"
"477","Darling.Pine","Longnose Dace",81,4.93,0.69284691927723,1.90848501887865,2025-07-08,"020502050601 Trout Run-Pine Creek"
"478","Darling.Pine","Sculpin spp.",81,6,0.778151250383644,1.90848501887865,2022-07-18,"020502050601 Trout Run-Pine Creek"
"479","Darling.Pine","Blacknose Dace",65,2.4,0.380211241711606,1.81291335664286,2022-07-18,"020502050601 Trout Run-Pine Creek"
"480","Darling.Pine","Longnose Dace",41,0.5,-0.301029995663981,1.61278385671974,2022-07-18,"020502050601 Trout Run-Pine Creek"
"481","Darling.Pine","Longnose Dace",34,0.3,-0.522878745280338,1.53147891704226,2022-07-18,"020502050601 Trout Run-Pine Creek"
"482","Darling.Pine","Blacknose Dace",56,1.5,0.176091259055681,1.7481880270062,2022-07-18,"020502050601 Trout Run-Pine Creek"
"483","Darling.Pine","Blacknose Dace",86,5.8,0.763427993562937,1.93449845124357,2022-07-18,"020502050601 Trout Run-Pine Creek"
"484","Darling.Pine","Longnose Dace",36,0.2,-0.698970004336019,1.55630250076729,2022-07-18,"020502050601 Trout Run-Pine Creek"
"485","Darling.Pine","Longnose Dace",38,0.4,-0.397940008672038,1.57978359661681,2022-07-18,"020502050601 Trout Run-Pine Creek"
"486","Darling.Pine","Longnose Dace",42,0.7,-0.154901959985743,1.6232492903979,2022-07-18,"020502050601 Trout Run-Pine Creek"
"487","Darling.Pine","Longnose Dace",93,6.9,0.838849090737255,1.96848294855394,2022-07-18,"020502050601 Trout Run-Pine Creek"
"488","Darling.Pine","Longnose Dace",38,0.4,-0.397940008672038,1.57978359661681,2022-07-18,"020502050601 Trout Run-Pine Creek"
"489","Darling.Pine","Blacknose Dace",80,5.1,0.707570176097936,1.90308998699194,2022-07-18,"020502050601 Trout Run-Pine Creek"
"490","Darling.Pine","Blacknose Dace",60,1.9,0.278753600952829,1.77815125038364,2022-07-18,"020502050601 Trout Run-Pine Creek"
"491","Darling.Pine","Longnose Dace",40,0.4,-0.397940008672038,1.60205999132796,2022-07-18,"020502050601 Trout Run-Pine Creek"
"492","Darling.Pine","Blacknose Dace",70,3.4,0.531478917042255,1.84509804001426,2022-07-18,"020502050601 Trout Run-Pine Creek"
"493","Darling.Pine","Blacknose Dace",82,4.78,0.679427896612119,1.91381385238372,2025-07-08,"020502050601 Trout Run-Pine Creek"
"494","Darling.Pine","Longnose Dace",80,3.84,0.584331224367531,1.90308998699194,2025-07-08,"020502050601 Trout Run-Pine Creek"
"495","Darling.Pine","Longnose Dace",77,4.05,0.607455023214668,1.88649072517248,2025-07-08,"020502050601 Trout Run-Pine Creek"
"496","Darling.Pine","Longnose Dace",109,10.62,1.02612451674545,2.03742649794062,2025-07-08,"020502050601 Trout Run-Pine Creek"
"497","Darling.Pine","Longnose Dace",71,3.23,0.509202522331103,1.85125834871908,2025-07-08,"020502050601 Trout Run-Pine Creek"
"498","Darling.Pine","Longnose Dace",71,2.9,0.462397997898956,1.85125834871908,2025-07-08,"020502050601 Trout Run-Pine Creek"
"499","Darling.Pine","Longnose Dace",83,4.63,0.665580991017953,1.91907809237607,2025-07-08,"020502050601 Trout Run-Pine Creek"
"500","Darling.Pine","Blacknose Dace",64,2.45,0.389166084364532,1.80617997398389,2025-07-08,"020502050601 Trout Run-Pine Creek"
"501","Darling.Pine","Longnose Dace",87,5.89,0.770115294787102,1.93951925261862,2025-07-08,"020502050601 Trout Run-Pine Creek"
"502","Darling.Pine","Longnose Dace",82,5.5,0.740362689494244,1.91381385238372,2022-07-18,"020502050601 Trout Run-Pine Creek"
"503","Darling.Pine","Blacknose Dace",69,3,0.477121254719662,1.83884909073726,2022-07-18,"020502050601 Trout Run-Pine Creek"
"504","Darling.Pine","Blacknose Dace",75,3.5,0.544068044350276,1.8750612633917,2022-07-18,"020502050601 Trout Run-Pine Creek"
"505","Darling.Pine","Blacknose Dace",66,2.64,0.421603926869831,1.81954393554187,2025-07-08,"020502050601 Trout Run-Pine Creek"
"506","Darling.Pine","Longnose Dace",87,5.42,0.733999286538387,1.93951925261862,2025-07-08,"020502050601 Trout Run-Pine Creek"
"507","Darling.Pine","Blacknose Dace",67,2.43,0.385606273598312,1.82607480270083,2025-07-08,"020502050601 Trout Run-Pine Creek"
"508","Darling.Pine","Blacknose Dace",66,2.62,0.418301291319745,1.81954393554187,2025-07-08,"020502050601 Trout Run-Pine Creek"
"509","Darling.Pine","Blacknose Dace",56,1.4,0.146128035678238,1.7481880270062,2022-07-18,"020502050601 Trout Run-Pine Creek"
"510","Darling.Pine","Longnose Dace",71,3,0.477121254719662,1.85125834871908,2022-07-18,"020502050601 Trout Run-Pine Creek"
"511","Darling.Pine","Longnose Dace",34,0.3,-0.522878745280338,1.53147891704226,2022-07-18,"020502050601 Trout Run-Pine Creek"
"512","Darling.Pine","Longnose Dace",40,0.4,-0.397940008672038,1.60205999132796,2022-07-18,"020502050601 Trout Run-Pine Creek"
"513","Darling.Pine","Longnose Dace",94,8,0.903089986991944,1.9731278535997,2022-07-18,"020502050601 Trout Run-Pine Creek"
"514","Darling.Pine","Longnose Dace",74,3.7,0.568201724066995,1.86923171973098,2022-07-18,"020502050601 Trout Run-Pine Creek"
"515","Darling.Pine","Longnose Dace",93,7.33,0.865103974641128,1.96848294855394,2025-07-08,"020502050601 Trout Run-Pine Creek"
"516","Darling.Pine","Blacknose Dace",61,2.03,0.307496037913213,1.78532983501077,2025-07-08,"020502050601 Trout Run-Pine Creek"
"517","Darling.Pine","Blacknose Dace",62,2.62,0.418301291319745,1.79239168949825,2025-07-08,"020502050601 Trout Run-Pine Creek"
"518","Darling.Pine","Blacknose Dace",64,2.3,0.361727836017593,1.80617997398389,2022-07-18,"020502050601 Trout Run-Pine Creek"
"519","Darling.Pine","Longnose Dace",39,0.4,-0.397940008672038,1.5910646070265,2022-07-18,"020502050601 Trout Run-Pine Creek"
"520","Darling.Pine","Blacknose Dace",77,4,0.602059991327962,1.88649072517248,2022-07-18,"020502050601 Trout Run-Pine Creek"
"521","Darling.Pine","Blacknose Dace",73,3.7,0.568201724066995,1.86332286012046,2022-07-18,"020502050601 Trout Run-Pine Creek"
"522","Darling.Pine","Blacknose Dace",69,2.8,0.447158031342219,1.83884909073726,2022-07-18,"020502050601 Trout Run-Pine Creek"
"523","Darling.Pine","Margined Madtom",105,10.6,1.02530586526477,2.02118929906994,2022-07-18,"020502050601 Trout Run-Pine Creek"
"524","Darling.Pine","Longnose Dace",71,3,0.477121254719662,1.85125834871908,2022-07-18,"020502050601 Trout Run-Pine Creek"
"525","Darling.Pine","Blacknose Dace",73,3.9,0.591064607026499,1.86332286012046,2022-07-18,"020502050601 Trout Run-Pine Creek"
"526","Darling.Pine","Tessellated Darter",67,2.7,0.431363764158987,1.82607480270083,2022-07-18,"020502050601 Trout Run-Pine Creek"
"527","Darling.Pine","Longnose Dace",38,0.4,-0.397940008672038,1.57978359661681,2022-07-18,"020502050601 Trout Run-Pine Creek"
"528","Darling.Pine","Longnose Dace",33,0.3,-0.522878745280338,1.51851393987789,2022-07-18,"020502050601 Trout Run-Pine Creek"
"529","Darling.Pine","Longnose Dace",39,0.4,-0.397940008672038,1.5910646070265,2022-07-18,"020502050601 Trout Run-Pine Creek"
"530","Darling.Pine","Longnose Dace",93,9.1,0.959041392321094,1.96848294855394,2022-07-18,"020502050601 Trout Run-Pine Creek"
"531","Darling.Pine","Longnose Dace",40,0.5,-0.301029995663981,1.60205999132796,2022-07-18,"020502050601 Trout Run-Pine Creek"
"532","Darling.Pine","Blacknose Dace",74,3.8,0.57978359661681,1.86923171973098,2022-07-18,"020502050601 Trout Run-Pine Creek"
"533","Darling.Pine","Blacknose Dace",71,3.2,0.505149978319906,1.85125834871908,2022-07-18,"020502050601 Trout Run-Pine Creek"
"534","Darling.Pine","Blacknose Dace",62,2,0.301029995663981,1.79239168949825,2022-07-18,"020502050601 Trout Run-Pine Creek"
"535","Darling.Pine","Blacknose Dace",65,3,0.477121254719662,1.81291335664286,2022-07-18,"020502050601 Trout Run-Pine Creek"
"536","Darling.Pine","Blacknose Dace",64,2.3,0.361727836017593,1.80617997398389,2022-07-18,"020502050601 Trout Run-Pine Creek"
"537","Darling.Pine","Blacknose Dace",74,3.6,0.556302500767287,1.86923171973098,2022-07-18,"020502050601 Trout Run-Pine Creek"
"538","Darling.Pine","Blacknose Dace",68,2.8,0.447158031342219,1.83250891270624,2022-07-18,"020502050601 Trout Run-Pine Creek"
"539","Darling.Pine","Blacknose Dace",66,2.6,0.414973347970818,1.81954393554187,2022-07-18,"020502050601 Trout Run-Pine Creek"
"540","Darling.Pine","Blacknose Dace",62,2.1,0.322219294733919,1.79239168949825,2022-07-18,"020502050601 Trout Run-Pine Creek"
"541","Darling.Pine","Sculpin spp.",86,8.2,0.913813852383717,1.93449845124357,2022-07-18,"020502050601 Trout Run-Pine Creek"
"542","Darling.Pine","Sculpin spp.",75,4.4,0.643452676486187,1.8750612633917,2022-07-18,"020502050601 Trout Run-Pine Creek"
"543","Darling.Pine","Longnose Dace",40,0.5,-0.301029995663981,1.60205999132796,2022-07-18,"020502050601 Trout Run-Pine Creek"
"544","Darling.Pine","Longnose Dace",42,0.6,-0.221848749616356,1.6232492903979,2022-07-18,"020502050601 Trout Run-Pine Creek"
"545","Darling.Pine","Longnose Dace",125,15.48,1.18977095634687,2.09691001300806,2025-07-08,"020502050601 Trout Run-Pine Creek"
"546","Darling.Pine","Sculpin spp.",81,5.8,0.763427993562937,1.90848501887865,2022-07-18,"020502050601 Trout Run-Pine Creek"
"547","Darling.Pine","Blacknose Dace",40,0.6,-0.221848749616356,1.60205999132796,2025-07-08,"020502050601 Trout Run-Pine Creek"
"548","Darling.Pine","Blacknose Dace",42,0.81,-0.0915149811213502,1.6232492903979,2025-07-08,"020502050601 Trout Run-Pine Creek"
"549","Darling.Pine","Blacknose Dace",44,0.65,-0.187086643357144,1.64345267648619,2025-07-08,"020502050601 Trout Run-Pine Creek"
"550","Darling.Pine","Blacknose Dace",60,1.75,0.243038048686294,1.77815125038364,2025-07-08,"020502050601 Trout Run-Pine Creek"
"551","Darling.Pine","Blacknose Dace",55,1.59,0.201397124320452,1.74036268949424,2025-07-08,"020502050601 Trout Run-Pine Creek"
"552","Darling.Pine","Blacknose Dace",60,1.95,0.290034611362518,1.77815125038364,2025-07-08,"020502050601 Trout Run-Pine Creek"
"553","Darling.Pine","Longnose Dace",40,0.4,-0.397940008672038,1.60205999132796,2022-07-18,"020502050601 Trout Run-Pine Creek"
"554","Darling.Pine","Blacknose Dace",77,3.7,0.568201724066995,1.88649072517248,2022-07-18,"020502050601 Trout Run-Pine Creek"
"555","Darling.Pine","Longnose Dace",65,2.7,0.431363764158987,1.81291335664286,2025-07-08,"020502050601 Trout Run-Pine Creek"
"556","Darling.Pine","Longnose Dace",70,3.03,0.481442628502305,1.84509804001426,2025-07-08,"020502050601 Trout Run-Pine Creek"
"557","Darling.Pine","Longnose Dace",106,10.92,1.03822263836872,2.02530586526477,2025-07-08,"020502050601 Trout Run-Pine Creek"
"558","Darling.Pine","Longnose Dace",76,3.48,0.541579243946581,1.88081359228079,2025-07-08,"020502050601 Trout Run-Pine Creek"
"559","Darling.Pine","Longnose Dace",112,13.1,1.11727129565576,2.04921802267018,2025-07-08,"020502050601 Trout Run-Pine Creek"
"560","Darling.Pine","Margined Madtom",93,8.27,0.917505509552547,1.96848294855394,2025-07-08,"020502050601 Trout Run-Pine Creek"
"561","Darling.Pine","Sculpin spp.",87,7.42,0.870403905279027,1.93951925261862,2025-07-08,"020502050601 Trout Run-Pine Creek"
"562","Darling.Pine","Sculpin spp.",71,3.88,0.588831725594207,1.85125834871908,2025-07-08,"020502050601 Trout Run-Pine Creek"
"563","Darling.Pine","Blacknose Dace",73,3.17,0.501059262217751,1.86332286012046,2025-07-08,"020502050601 Trout Run-Pine Creek"
"564","Darling.Pine","Sculpin spp.",78,6.2,0.792391689498254,1.89209460269048,2022-07-18,"020502050601 Trout Run-Pine Creek"
"565","Darling.Pine","Longnose Dace",89,5.62,0.749736315569061,1.94939000664491,2025-07-08,"020502050601 Trout Run-Pine Creek"
"566","Darling.Pine","Blacknose Dace",80,3.87,0.587710965018911,1.90308998699194,2025-07-08,"020502050601 Trout Run-Pine Creek"
"567","Darling.Pine","Blacknose Dace",60,1.81,0.257678574869184,1.77815125038364,2025-07-08,"020502050601 Trout Run-Pine Creek"
"568","Darling.Pine","Blacknose Dace",65,2.92,0.465382851448418,1.81291335664286,2025-07-08,"020502050601 Trout Run-Pine Creek"
"569","Darling.Pine","Blacknose Dace",64,2.12,0.326335860928751,1.80617997398389,2025-07-08,"020502050601 Trout Run-Pine Creek"
"570","Darling.Pine","Blacknose Dace",65,2.72,0.434568904034199,1.81291335664286,2025-07-08,"020502050601 Trout Run-Pine Creek"
"571","Darling.Pine","Blacknose Dace",62,3.64,0.561101383649056,1.79239168949825,2025-07-08,"020502050601 Trout Run-Pine Creek"
"572","Darling.Pine","Blacknose Dace",63,2.32,0.3654879848909,1.79934054945358,2025-07-08,"020502050601 Trout Run-Pine Creek"
"573","Darling.Pine","Longnose Dace",102,9.35,0.970811610872518,2.00860017176192,2025-07-08,"020502050601 Trout Run-Pine Creek"
"574","Darling.Pine","Longnose Dace",79,4.04,0.606381365110605,1.89762709129044,2025-07-08,"020502050601 Trout Run-Pine Creek"
"575","Darling.Pine","Longnose Dace",112,11.77,1.07077646284343,2.04921802267018,2025-07-08,"020502050601 Trout Run-Pine Creek"
"576","Darling.Pine","Sculpin spp.",69,4.41,0.644438589467838,1.83884909073726,2025-07-08,"020502050601 Trout Run-Pine Creek"
"577","Darling.Pine","Longnose Dace",76,3.8,0.57978359661681,1.88081359228079,2025-07-08,"020502050601 Trout Run-Pine Creek"
"578","Darling.Pine","Longnose Dace",67,2.66,0.424881636631067,1.82607480270083,2025-07-08,"020502050601 Trout Run-Pine Creek"
"579","Darling.Pine","Longnose Dace",107,10.93,1.0386201619497,2.02938377768521,2025-07-08,"020502050601 Trout Run-Pine Creek"
"580","Darling.Pine","Blacknose Dace",69,2.77,0.442479769064449,1.83884909073726,2025-07-08,"020502050601 Trout Run-Pine Creek"
"581","Darling.Pine","Blacknose Dace",77,3.62,0.558708570533166,1.88649072517248,2025-07-08,"020502050601 Trout Run-Pine Creek"
"582","Darling.Pine","Rosyside Dace",70,3.1,0.491361693834273,1.84509804001426,2022-07-18,"020502050601 Trout Run-Pine Creek"
"583","Darling.Pine","Longnose Dace",106,10.49,1.02077548819356,2.02530586526477,2025-07-08,"020502050601 Trout Run-Pine Creek"
"584","Darling.Pine","Longnose Dace",73,3.12,0.494154594018443,1.86332286012046,2025-07-08,"020502050601 Trout Run-Pine Creek"
"585","Darling.Pine","Sculpin spp.",97,11.4,1.05690485133647,1.98677173426624,2022-07-18,"020502050601 Trout Run-Pine Creek"
"586","Darling.Pine","Longnose Dace",71,3.16,0.499687082618404,1.85125834871908,2025-07-08,"020502050601 Trout Run-Pine Creek"
"587","Darling.Pine","Longnose Dace",77,3.77,0.576341350205793,1.88649072517248,2025-07-08,"020502050601 Trout Run-Pine Creek"
"588","Darling.Pine","Longnose Dace",101,9.04,0.956168430475363,2.00432137378264,2025-07-08,"020502050601 Trout Run-Pine Creek"
"589","Darling.Pine","Longnose Dace",86,6.23,0.79448804665917,1.93449845124357,2025-07-08,"020502050601 Trout Run-Pine Creek"
"590","Darling.Pine","Blacknose Dace",68,2.6,0.414973347970818,1.83250891270624,2022-07-18,"020502050601 Trout Run-Pine Creek"
"591","EastWallis.Wallis","Sculpin spp.",77,5.1,0.707570176097936,1.88649072517248,2023-06-28,"020502060506 Wallis Run"
"592","EastWallis.Wallis","Sculpin spp.",76,4.5,0.653212513775344,1.88081359228079,2023-06-28,"020502060506 Wallis Run"
"593","EastWallis.Wallis","Blacknose Dace",59,1.8,0.255272505103306,1.77085201164214,2023-06-28,"020502060506 Wallis Run"
"594","EastWallis.Wallis","Blacknose Dace",62,2,0.301029995663981,1.79239168949825,2023-06-28,"020502060506 Wallis Run"
"595","EastWallis.Wallis","Blacknose Dace",58,1.5,0.176091259055681,1.76342799356294,2023-06-28,"020502060506 Wallis Run"
"596","EastWallis.Wallis","Blacknose Dace",52,1.1,0.0413926851582251,1.7160033436348,2023-06-28,"020502060506 Wallis Run"
"597","EastWallis.Wallis","Sculpin spp.",82,5.4,0.732393759822969,1.91381385238372,2023-06-28,"020502060506 Wallis Run"
"598","EastWallis.Wallis","Blacknose Dace",52,1,0,1.7160033436348,2023-06-28,"020502060506 Wallis Run"
"599","EastWallis.Wallis","Sculpin spp.",60,2.1,0.322219294733919,1.77815125038364,2023-06-28,"020502060506 Wallis Run"
"600","EastWallis.Wallis","Sculpin spp.",87,7.3,0.863322860120456,1.93951925261862,2023-06-28,"020502060506 Wallis Run"
"601","EastWallis.Wallis","Blacknose Dace",71,3.3,0.518513939877887,1.85125834871908,2023-06-28,"020502060506 Wallis Run"
"602","EastWallis.Wallis","Blacknose Dace",54,1.1,0.0413926851582251,1.73239375982297,2023-06-28,"020502060506 Wallis Run"
"603","EastWallis.Wallis","Blacknose Dace",57,1.6,0.204119982655925,1.75587485567249,2023-06-28,"020502060506 Wallis Run"
"604","EastWallis.Wallis","Blacknose Dace",72,3.2,0.505149978319906,1.85733249643127,2023-06-28,"020502060506 Wallis Run"
"605","EastWallis.Wallis","Sculpin spp.",85,6.4,0.806179973983887,1.92941892571429,2023-06-28,"020502060506 Wallis Run"
"606","EastWallis.Wallis","Blacknose Dace",61,2.2,0.342422680822206,1.78532983501077,2023-06-28,"020502060506 Wallis Run"
"607","EastWallis.Wallis","Blacknose Dace",75,3.1,0.491361693834273,1.8750612633917,2023-06-28,"020502060506 Wallis Run"
"608","EastWallis.Wallis","Blacknose Dace",65,2.6,0.414973347970818,1.81291335664286,2023-06-28,"020502060506 Wallis Run"
"609","EastWallis.Wallis","Sculpin spp.",52,0.5,-0.301029995663981,1.7160033436348,2023-06-28,"020502060506 Wallis Run"
"610","EastWallis.Wallis","Sculpin spp.",68,3.4,0.531478917042255,1.83250891270624,2023-06-28,"020502060506 Wallis Run"
"611","EastWallis.Wallis","Longnose Dace",81,4.1,0.612783856719735,1.90848501887865,2023-06-28,"020502060506 Wallis Run"
"612","EastWallis.Wallis","Longnose Dace",87,5.6,0.7481880270062,1.93951925261862,2023-06-28,"020502060506 Wallis Run"
"613","EastWallis.Wallis","Sculpin spp.",62,2.4,0.380211241711606,1.79239168949825,2023-06-28,"020502060506 Wallis Run"
"614","EastWallis.Wallis","Blacknose Dace",64,2.4,0.380211241711606,1.80617997398389,2023-06-28,"020502060506 Wallis Run"
"615","EastWallis.Wallis","Blacknose Dace",66,2.2,0.342422680822206,1.81954393554187,2023-06-28,"020502060506 Wallis Run"
"616","EastWallis.Wallis","Blacknose Dace",72,3.3,0.518513939877887,1.85733249643127,2023-06-28,"020502060506 Wallis Run"
"617","EastWallis.Wallis","Sculpin spp.",97,7.8,0.89209460269048,1.98677173426624,2023-06-28,"020502060506 Wallis Run"
"618","EastWallis.Wallis","Blacknose Dace",42,0.6,-0.221848749616356,1.6232492903979,2023-06-28,"020502060506 Wallis Run"
"619","EastWallis.Wallis","Sculpin spp.",78,5.1,0.707570176097936,1.89209460269048,2023-06-28,"020502060506 Wallis Run"
"620","EastWallis.Wallis","Sculpin spp.",78,5.3,0.724275869600789,1.89209460269048,2023-06-28,"020502060506 Wallis Run"
"621","EastWallis.Wallis","Sculpin spp.",91,6.8,0.832508912706236,1.95904139232109,2023-06-28,"020502060506 Wallis Run"
"622","EastWallis.Wallis","Sculpin spp.",82,5.5,0.740362689494244,1.91381385238372,2023-06-28,"020502060506 Wallis Run"
"623","EastWallis.Wallis","Sculpin spp.",77,5.3,0.724275869600789,1.88649072517248,2023-06-28,"020502060506 Wallis Run"
"624","EastWallis.Wallis","Sculpin spp.",79,4.7,0.672097857935718,1.89762709129044,2023-06-28,"020502060506 Wallis Run"
"625","EastWallis.Wallis","Sculpin spp.",70,4,0.602059991327962,1.84509804001426,2023-06-28,"020502060506 Wallis Run"
"626","EastWallis.Wallis","Blacknose Dace",52,1,0,1.7160033436348,2023-06-28,"020502060506 Wallis Run"
"627","EastWallis.Wallis","Longnose Dace",97,7.4,0.869231719730976,1.98677173426624,2023-06-28,"020502060506 Wallis Run"
"628","EastWallis.Wallis","Sculpin spp.",83,6.5,0.812913356642856,1.91907809237607,2023-06-28,"020502060506 Wallis Run"
"629","EastWallis.Wallis","Sculpin spp.",63,2.4,0.380211241711606,1.79934054945358,2023-06-28,"020502060506 Wallis Run"
"630","EastWallis.Wallis","Blacknose Dace",68,3,0.477121254719662,1.83250891270624,2023-06-28,"020502060506 Wallis Run"
"631","EastWallis.Wallis","Sculpin spp.",67,3.5,0.544068044350276,1.82607480270083,2023-06-28,"020502060506 Wallis Run"
"632","EastWallis.Wallis","Sculpin spp.",70,3.9,0.591064607026499,1.84509804001426,2023-06-28,"020502060506 Wallis Run"
"633","EastWallis.Wallis","Sculpin spp.",66,3.2,0.505149978319906,1.81954393554187,2023-06-28,"020502060506 Wallis Run"
"634","EastWallis.Wallis","Sculpin spp.",52,1.4,0.146128035678238,1.7160033436348,2023-06-28,"020502060506 Wallis Run"
"635","EastWallis.Wallis","Sculpin spp.",73,3.8,0.57978359661681,1.86332286012046,2023-06-28,"020502060506 Wallis Run"
"636","EastWallis.Wallis","Sculpin spp.",68,3,0.477121254719662,1.83250891270624,2023-06-28,"020502060506 Wallis Run"
"637","EastWallis.Wallis","Longnose Dace",115,11.6,1.06445798922692,2.06069784035361,2023-06-28,"020502060506 Wallis Run"
"638","EastWallis.Wallis","Sculpin spp.",83,6.2,0.792391689498254,1.91907809237607,2023-06-28,"020502060506 Wallis Run"
"639","EastWallis.Wallis","Sculpin spp.",63,2.7,0.431363764158987,1.79934054945358,2023-06-28,"020502060506 Wallis Run"
"640","EastWallis.Wallis","Sculpin spp.",66,3.2,0.505149978319906,1.81954393554187,2023-06-28,"020502060506 Wallis Run"
"641","EastWallis.Wallis","Sculpin spp.",65,3.8,0.57978359661681,1.81291335664286,2023-06-28,"020502060506 Wallis Run"
"642","EastWallis.Wallis","Sculpin spp.",86,8.1,0.90848501887865,1.93449845124357,2023-06-28,"020502060506 Wallis Run"
"643","EC0-ML","Tessellated Darter",46,0.7,-0.154901959985743,1.66275783168157,2022-06-06,"020503010201 Elk Creek"
"644","EC0-ML","Longnose Dace",53,1.2,0.0791812460476248,1.72427586960079,2022-06-06,"020503010201 Elk Creek"
"645","EC0-ML","Rosyside Dace",37,0.6,-0.221848749616356,1.56820172406699,2022-06-06,"020503010201 Elk Creek"
"646","EC0-ML","Rosyside Dace",40,0.4,-0.397940008672038,1.60205999132796,2022-06-06,"020503010201 Elk Creek"
"647","EC0-ML","Longnose Dace",59,1.9,0.278753600952829,1.77085201164214,2022-06-06,"020503010201 Elk Creek"
"648","EC0-ML","Blacknose Dace",66,3.1,0.491361693834273,1.81954393554187,2022-06-06,"020503010201 Elk Creek"
"649","EC0-ML","Rosyside Dace",37,0.4,-0.397940008672038,1.56820172406699,2022-06-06,"020503010201 Elk Creek"
"650","EC0-ML","Tessellated Darter",44,0.4,-0.397940008672038,1.64345267648619,2022-06-06,"020503010201 Elk Creek"
"651","EC0-ML","Tessellated Darter",45,0.8,-0.0969100130080564,1.65321251377534,2022-06-06,"020503010201 Elk Creek"
"652","EC0-ML","Creek Chub",78,5.7,0.755874855672491,1.89209460269048,2022-06-06,"020503010201 Elk Creek"
"653","EC0-ML","Creek Chub",47,0.7,-0.154901959985743,1.67209785793572,2022-06-06,"020503010201 Elk Creek"
"654","EC0-ML","Creek Chub",41,0.6,-0.221848749616356,1.61278385671974,2022-06-06,"020503010201 Elk Creek"
"655","EC0-ML","Longnose Dace",63,2.5,0.397940008672038,1.79934054945358,2022-06-06,"020503010201 Elk Creek"
"656","EC0-ML","Longnose Dace",50,1.1,0.0413926851582251,1.69897000433602,2022-06-06,"020503010201 Elk Creek"
"657","EC0-ML","Longnose Dace",71,3.5,0.544068044350276,1.85125834871908,2022-06-06,"020503010201 Elk Creek"
"658","EC0-ML","Longnose Dace",57,1.7,0.230448921378274,1.75587485567249,2022-06-06,"020503010201 Elk Creek"
"659","EC0-ML","Creek Chub",70,3.8,0.57978359661681,1.84509804001426,2022-06-06,"020503010201 Elk Creek"
"660","EC0-ML","Longnose Dace",86,7,0.845098040014257,1.93449845124357,2022-06-06,"020503010201 Elk Creek"
"661","EC0-ML","White Sucker",111,12.7,1.10380372095596,2.04532297878666,2022-06-06,"020503010201 Elk Creek"
"662","EC0-ML","Longnose Dace",73,3.8,0.57978359661681,1.86332286012046,2022-06-06,"020503010201 Elk Creek"
"663","EC0-ML","Blacknose Dace",53,1.5,0.176091259055681,1.72427586960079,2022-06-06,"020503010201 Elk Creek"
"664","EC0-ML","Blacknose Dace",43,0.9,-0.0457574905606751,1.63346845557959,2022-06-06,"020503010201 Elk Creek"
"665","EC0-ML","Blacknose Dace",63,1.9,0.278753600952829,1.79934054945358,2022-06-06,"020503010201 Elk Creek"
"666","EC0-ML","Rosyside Dace",41,0.6,-0.221848749616356,1.61278385671974,2022-06-06,"020503010201 Elk Creek"
"667","EC0-ML","Rosyside Dace",46,0.6,-0.221848749616356,1.66275783168157,2022-06-06,"020503010201 Elk Creek"
"668","EC0-ML","Tessellated Darter",53,1.4,0.146128035678238,1.72427586960079,2022-06-06,"020503010201 Elk Creek"
"669","EC0-ML","Tessellated Darter",58,2.1,0.322219294733919,1.76342799356294,2022-06-06,"020503010201 Elk Creek"
"670","EC0-ML","Longnose Dace",56,1.6,0.204119982655925,1.7481880270062,2022-06-06,"020503010201 Elk Creek"
"671","EC0-ML","Common Shiner",131,25.1,1.39967372148104,2.11727129565576,2022-06-06,"020503010201 Elk Creek"
"672","EC0-ML","Longnose Dace",70,3.2,0.505149978319906,1.84509804001426,2022-06-06,"020503010201 Elk Creek"
"673","EC0-ML","Longnose Dace",79,5.2,0.716003343634799,1.89762709129044,2022-06-06,"020503010201 Elk Creek"
"674","EC0-ML","Longnose Dace",66,2.5,0.397940008672038,1.81954393554187,2022-06-06,"020503010201 Elk Creek"
"675","EC0-ML","Longnose Dace",66,1.8,0.255272505103306,1.81954393554187,2022-06-06,"020503010201 Elk Creek"
"676","EC0-ML","Longnose Dace",50,1,0,1.69897000433602,2022-06-06,"020503010201 Elk Creek"
"677","EC0-ML","Longnose Dace",46,1,0,1.66275783168157,2022-06-06,"020503010201 Elk Creek"
"678","EC0-ML","Longnose Dace",75,4.2,0.6232492903979,1.8750612633917,2022-06-06,"020503010201 Elk Creek"
"679","EC0-ML","Allegheny Pearl Dace",91,8.9,0.949390006644913,1.95904139232109,2022-06-06,"020503010201 Elk Creek"
"680","EC0-ML","Allegheny Pearl Dace",77,3.3,0.518513939877887,1.88649072517248,2022-06-06,"020503010201 Elk Creek"
"681","EC0-ML","Allegheny Pearl Dace",75,4,0.602059991327962,1.8750612633917,2022-06-06,"020503010201 Elk Creek"
"682","EC0-ML","Allegheny Pearl Dace",73,4.1,0.612783856719735,1.86332286012046,2022-06-06,"020503010201 Elk Creek"
"683","EC0-ML","Rosyside Dace",35,0.4,-0.397940008672038,1.54406804435028,2022-06-06,"020503010201 Elk Creek"
"684","EC0-ML","Tessellated Darter",57,2.2,0.342422680822206,1.75587485567249,2022-06-06,"020503010201 Elk Creek"
"685","EC0-ML","Allegheny Pearl Dace",69,3,0.477121254719662,1.83884909073726,2022-06-06,"020503010201 Elk Creek"
"686","EC0-ML","Blacknose Dace",33,0.2,-0.698970004336019,1.51851393987789,2022-06-06,"020503010201 Elk Creek"
"687","EC0-ML","Blacknose Dace",40,0.5,-0.301029995663981,1.60205999132796,2022-06-06,"020503010201 Elk Creek"
"688","EC0-ML","Rosyside Dace",47,0.8,-0.0969100130080564,1.67209785793572,2022-06-06,"020503010201 Elk Creek"
"689","EC0-ML","Longnose Dace",77,4.7,0.672097857935718,1.88649072517248,2022-06-06,"020503010201 Elk Creek"
"690","EC0-ML","Blacknose Dace",40,0.5,-0.301029995663981,1.60205999132796,2022-06-06,"020503010201 Elk Creek"
"691","EC0-ML","Blacknose Dace",40,0.3,-0.522878745280338,1.60205999132796,2022-06-06,"020503010201 Elk Creek"
"692","EC0-ML","Rosyside Dace",48,1.2,0.0791812460476248,1.68124123737559,2022-06-06,"020503010201 Elk Creek"
"693","EC0-ML","Rosyside Dace",39,0.5,-0.301029995663981,1.5910646070265,2022-06-06,"020503010201 Elk Creek"
"694","EC0-ML","Rosyside Dace",52,1.3,0.113943352306837,1.7160033436348,2022-06-06,"020503010201 Elk Creek"
"695","EC0-ML","Creek Chub",78,5.5,0.740362689494244,1.89209460269048,2022-06-06,"020503010201 Elk Creek"
"696","EC0-ML","Creek Chub",228,146.8,2.16672605558005,2.35793484700045,2022-06-06,"020503010201 Elk Creek"
"697","EC0-ML","Common Shiner",77,5.3,0.724275869600789,1.88649072517248,2022-06-06,"020503010201 Elk Creek"
"698","EC0-ML","Tessellated Darter",55,1.7,0.230448921378274,1.74036268949424,2022-06-06,"020503010201 Elk Creek"
"699","EC0-ML","White Sucker",95,9.1,0.959041392321094,1.97772360528885,2022-06-06,"020503010201 Elk Creek"
"700","EC0-ML","Creek Chub",66,3.4,0.531478917042255,1.81954393554187,2022-06-06,"020503010201 Elk Creek"
"701","EC0-ML","Creek Chub",125,18.9,1.27646180417324,2.09691001300806,2022-06-06,"020503010201 Elk Creek"
"702","EC0-ML","White Sucker",56,1.8,0.255272505103306,1.7481880270062,2022-06-06,"020503010201 Elk Creek"
"703","EC0-ML","White Sucker",51,1.6,0.204119982655925,1.70757017609794,2022-06-06,"020503010201 Elk Creek"
"704","EC0-ML","Blacknose Dace",41,0.8,-0.0969100130080564,1.61278385671974,2022-06-06,"020503010201 Elk Creek"
"705","EC0-ML","Blacknose Dace",66,3.5,0.544068044350276,1.81954393554187,2022-06-06,"020503010201 Elk Creek"
"706","EC0-ML","Common Shiner",76,4.6,0.662757831681574,1.88081359228079,2022-06-06,"020503010201 Elk Creek"
"707","EC0-ML","Common Shiner",73,4,0.602059991327962,1.86332286012046,2022-06-06,"020503010201 Elk Creek"
"708","EC0-ML","Creek Chub",85,7.1,0.851258348719075,1.92941892571429,2022-06-06,"020503010201 Elk Creek"
"709","EC0-ML","Creek Chub",145,41.4,1.6170003411209,2.16136800223497,2022-06-06,"020503010201 Elk Creek"
"710","EC0-ML","Tessellated Darter",63,2.3,0.361727836017593,1.79934054945358,2022-06-06,"020503010201 Elk Creek"
"711","EC0-ML","Creek Chub",50,1.8,0.255272505103306,1.69897000433602,2022-06-06,"020503010201 Elk Creek"
"712","EC0-ML","White Sucker",52,1.4,0.146128035678238,1.7160033436348,2022-06-06,"020503010201 Elk Creek"
"713","EC0-ML","White Sucker",57,2,0.301029995663981,1.75587485567249,2022-06-06,"020503010201 Elk Creek"
"714","EC0-ML","White Sucker",48,0.6,-0.221848749616356,1.68124123737559,2022-06-06,"020503010201 Elk Creek"
"715","EC0-ML","White Sucker",57,1.7,0.230448921378274,1.75587485567249,2022-06-06,"020503010201 Elk Creek"
"716","EC0-ML","Tessellated Darter",55,1.8,0.255272505103306,1.74036268949424,2022-06-06,"020503010201 Elk Creek"
"717","EC0-ML","Tessellated Darter",53,1.3,0.113943352306837,1.72427586960079,2022-06-06,"020503010201 Elk Creek"
"718","EC0-ML","White Sucker",53,1.8,0.255272505103306,1.72427586960079,2022-06-06,"020503010201 Elk Creek"
"719","EC0-ML","White Sucker",46,1,0,1.66275783168157,2022-06-06,"020503010201 Elk Creek"
"720","EC0-ML","White Sucker",62,2,0.301029995663981,1.79239168949825,2022-06-06,"020503010201 Elk Creek"
"721","EC0-ML","White Sucker",54,1.6,0.204119982655925,1.73239375982297,2022-06-06,"020503010201 Elk Creek"
"722","EC0-ML","Common Shiner",70,3.5,0.544068044350276,1.84509804001426,2022-06-06,"020503010201 Elk Creek"
"723","EC0-ML","White Sucker",84,1.7,0.230448921378274,1.92427928606188,2022-06-06,"020503010201 Elk Creek"
"724","EC0-ML","White Sucker",50,1.3,0.113943352306837,1.69897000433602,2022-06-06,"020503010201 Elk Creek"
"725","EC0-ML","Rosyside Dace",47,0.7,-0.154901959985743,1.67209785793572,2022-06-06,"020503010201 Elk Creek"
"726","EC0-ML","Rosyside Dace",33,0.3,-0.522878745280338,1.51851393987789,2022-06-06,"020503010201 Elk Creek"
"727","EC0-ML","Rosyside Dace",54,1.1,0.0413926851582251,1.73239375982297,2022-06-06,"020503010201 Elk Creek"
"728","EC0-ML","Creek Chub",73,4.9,0.690196080028514,1.86332286012046,2022-06-06,"020503010201 Elk Creek"
"729","EC0-ML","Creek Chub",89,8.1,0.90848501887865,1.94939000664491,2022-06-06,"020503010201 Elk Creek"
"730","EC0-ML","Creek Chub",79,6.4,0.806179973983887,1.89762709129044,2022-06-06,"020503010201 Elk Creek"
"731","EC0-ML","Creek Chub",75,4.5,0.653212513775344,1.8750612633917,2022-06-06,"020503010201 Elk Creek"
"732","EC0-ML","Creek Chub",111,14.8,1.17026171539496,2.04532297878666,2022-06-06,"020503010201 Elk Creek"
"733","EC0-ML","Creek Chub",75,5,0.698970004336019,1.8750612633917,2022-06-06,"020503010201 Elk Creek"
"734","EC0-ML","Creek Chub",55,3.5,0.544068044350276,1.74036268949424,2022-06-06,"020503010201 Elk Creek"
"735","EC0-ML","Longnose Dace",80,5.2,0.716003343634799,1.90308998699194,2022-06-06,"020503010201 Elk Creek"
"736","EC0-ML","Rosyside Dace",42,0.7,-0.154901959985743,1.6232492903979,2022-06-06,"020503010201 Elk Creek"
"737","EC0-ML","Rosyside Dace",42,0.9,-0.0457574905606751,1.6232492903979,2022-06-06,"020503010201 Elk Creek"
"738","EC0-ML","Rosyside Dace",54,1.3,0.113943352306837,1.73239375982297,2022-06-06,"020503010201 Elk Creek"
"739","EC0-ML","Rosyside Dace",41,0.5,-0.301029995663981,1.61278385671974,2022-06-06,"020503010201 Elk Creek"
"740","EC0-ML","Rosyside Dace",46,0.9,-0.0457574905606751,1.66275783168157,2022-06-06,"020503010201 Elk Creek"
"741","EC0-ML","Rosyside Dace",50,1,0,1.69897000433602,2022-06-06,"020503010201 Elk Creek"
"742","EC0-ML","Tessellated Darter",57,0.9,-0.0457574905606751,1.75587485567249,2022-06-06,"020503010201 Elk Creek"
"743","EC0-ML","Rosyside Dace",42,0.6,-0.221848749616356,1.6232492903979,2022-06-06,"020503010201 Elk Creek"
"744","EC0-ML","Rosyside Dace",40,0.7,-0.154901959985743,1.60205999132796,2022-06-06,"020503010201 Elk Creek"
"745","EC0-ML","Rosyside Dace",40,0.6,-0.221848749616356,1.60205999132796,2022-06-06,"020503010201 Elk Creek"
"746","EC0-ML","Rosyside Dace",43,0.9,-0.0457574905606751,1.63346845557959,2022-06-06,"020503010201 Elk Creek"
"747","EC0-ML","Creek Chub",52,1.5,0.176091259055681,1.7160033436348,2022-06-06,"020503010201 Elk Creek"
"748","EC0-ML","Creek Chub",66,3.3,0.518513939877887,1.81954393554187,2022-06-06,"020503010201 Elk Creek"
"749","EC0-ML","Creek Chub",66,3.6,0.556302500767287,1.81954393554187,2022-06-06,"020503010201 Elk Creek"
"750","EC0-ML","Creek Chub",74,4.7,0.672097857935718,1.86923171973098,2022-06-06,"020503010201 Elk Creek"
"751","EC0-ML","Blacknose Dace",45,1,0,1.65321251377534,2022-06-06,"020503010201 Elk Creek"
"752","EC0-ML","Blacknose Dace",41,0.5,-0.301029995663981,1.61278385671974,2022-06-06,"020503010201 Elk Creek"
"753","EC0-ML","Blacknose Dace",62,2.2,0.342422680822206,1.79239168949825,2022-06-06,"020503010201 Elk Creek"
"754","EC0-ML","Blacknose Dace",33,0.5,-0.301029995663981,1.51851393987789,2022-06-06,"020503010201 Elk Creek"
"755","EC0-ML","Blacknose Dace",36,0.5,-0.301029995663981,1.55630250076729,2022-06-06,"020503010201 Elk Creek"
"756","EC0-ML","Blacknose Dace",60,2.4,0.380211241711606,1.77815125038364,2022-06-06,"020503010201 Elk Creek"
"757","EC0-ML","Blacknose Dace",42,0.6,-0.221848749616356,1.6232492903979,2022-06-06,"020503010201 Elk Creek"
"758","EC0-ML","Blacknose Dace",74,3.7,0.568201724066995,1.86923171973098,2022-06-06,"020503010201 Elk Creek"
"759","EC0-ML","Blacknose Dace",37,0.5,-0.301029995663981,1.56820172406699,2022-06-06,"020503010201 Elk Creek"
"760","EC0-ML","Blacknose Dace",52,1.6,0.204119982655925,1.7160033436348,2022-06-06,"020503010201 Elk Creek"
"761","EC0-ML","Blacknose Dace",42,0.6,-0.221848749616356,1.6232492903979,2022-06-06,"020503010201 Elk Creek"
"762","EC0-ML","Blacknose Dace",47,0.3,-0.522878745280338,1.67209785793572,2022-06-06,"020503010201 Elk Creek"
"763","EC0-ML","Blacknose Dace",41,0.5,-0.301029995663981,1.61278385671974,2022-06-06,"020503010201 Elk Creek"
"764","EC0-ML","Blacknose Dace",41,0.4,-0.397940008672038,1.61278385671974,2022-06-06,"020503010201 Elk Creek"
"765","EC0-ML","Blacknose Dace",42,0.7,-0.154901959985743,1.6232492903979,2022-06-06,"020503010201 Elk Creek"
"766","EC0-ML","Creek Chub",58,2.1,0.322219294733919,1.76342799356294,2022-06-06,"020503010201 Elk Creek"
"767","EC0-ML","Creek Chub",142,38.3,1.58319877396862,2.15228834438306,2022-06-06,"020503010201 Elk Creek"
"768","EC0-ML","White Sucker",62,6,0.778151250383644,1.79239168949825,2022-06-06,"020503010201 Elk Creek"
"769","EC0-ML","White Sucker",53,1.8,0.255272505103306,1.72427586960079,2022-06-06,"020503010201 Elk Creek"
"770","EC0-ML","White Sucker",63,1.8,0.255272505103306,1.79934054945358,2022-06-06,"020503010201 Elk Creek"
"771","EC0-ML","Tessellated Darter",62,2.2,0.342422680822206,1.79239168949825,2022-06-06,"020503010201 Elk Creek"
"772","EC0-ML","Creek Chub",76,6.3,0.799340549453582,1.88081359228079,2022-06-06,"020503010201 Elk Creek"
"773","EC0-ML","Tessellated Darter",63,2.1,0.322219294733919,1.79934054945358,2022-06-06,"020503010201 Elk Creek"
"774","EC0-ML","Tessellated Darter",59,1.9,0.278753600952829,1.77085201164214,2022-06-06,"020503010201 Elk Creek"
"775","EC0-ML","Tessellated Darter",55,1.4,0.146128035678238,1.74036268949424,2022-06-06,"020503010201 Elk Creek"
"776","EC0-ML","Longnose Dace",77,4.9,0.690196080028514,1.88649072517248,2022-06-06,"020503010201 Elk Creek"
"777","EC0-ML","Longnose Dace",67,2.7,0.431363764158987,1.82607480270083,2022-06-06,"020503010201 Elk Creek"
"778","EC0-ML","Longnose Dace",87,7.7,0.886490725172482,1.93951925261862,2022-06-06,"020503010201 Elk Creek"
"779","EC0-ML","Longnose Dace",67,2.8,0.447158031342219,1.82607480270083,2022-06-06,"020503010201 Elk Creek"
"780","EC0-ML","Tessellated Darter",53,1.1,0.0413926851582251,1.72427586960079,2022-06-06,"020503010201 Elk Creek"
"781","EC0-ML","White Sucker",272,208.1,2.31827208021163,2.4345689040342,2022-06-06,"020503010201 Elk Creek"
"782","EC0-ML","White Sucker",302,318,2.50242711998443,2.48000694295715,2022-06-06,"020503010201 Elk Creek"
"783","EC0-ML","White Sucker",68,2.8,0.447158031342219,1.83250891270624,2022-06-06,"020503010201 Elk Creek"
"784","EC0-ML","White Sucker",90,7.8,0.89209460269048,1.95424250943932,2022-06-06,"020503010201 Elk Creek"
"785","EC0-ML","White Sucker",87,6.8,0.832508912706236,1.93951925261862,2022-06-06,"020503010201 Elk Creek"
"786","EC0-ML","White Sucker",184,67.3,1.82801506422398,2.26481782300954,2022-06-06,"020503010201 Elk Creek"
"787","EC0-ML","Creek Chub",53,1.8,0.255272505103306,1.72427586960079,2022-06-06,"020503010201 Elk Creek"
"788","EC0-ML","White Sucker",57,2.1,0.322219294733919,1.75587485567249,2022-06-06,"020503010201 Elk Creek"
"789","EC0-ML","Longnose Dace",79,4.4,0.643452676486187,1.89762709129044,2022-06-06,"020503010201 Elk Creek"
"790","EC0-ML","Longnose Dace",65,3.2,0.505149978319906,1.81291335664286,2022-06-06,"020503010201 Elk Creek"
"791","EC0-ML","Blacknose Dace",42,0.7,-0.154901959985743,1.6232492903979,2022-06-06,"020503010201 Elk Creek"
"792","EC0-ML","Blacknose Dace",47,1.1,0.0413926851582251,1.67209785793572,2022-06-06,"020503010201 Elk Creek"
"793","EC0-ML","Blacknose Dace",51,1.2,0.0791812460476248,1.70757017609794,2022-06-06,"020503010201 Elk Creek"
"794","EC0-ML","White Sucker",53,1.4,0.146128035678238,1.72427586960079,2022-06-06,"020503010201 Elk Creek"
"795","EC0-ML","Longnose Dace",74,4.4,0.643452676486187,1.86923171973098,2022-06-06,"020503010201 Elk Creek"
"796","EC0-ML","Longnose Dace",77,5.2,0.716003343634799,1.88649072517248,2022-06-06,"020503010201 Elk Creek"
"797","EC0-ML","Longnose Dace",67,3.1,0.491361693834273,1.82607480270083,2022-06-06,"020503010201 Elk Creek"
"798","EC0-ML","Longnose Dace",75,4.1,0.612783856719735,1.8750612633917,2022-06-06,"020503010201 Elk Creek"
"799","EC0-ML","Longnose Dace",62,2.1,0.322219294733919,1.79239168949825,2022-06-06,"020503010201 Elk Creek"
"800","EC0-ML","Longnose Dace",72,4.1,0.612783856719735,1.85733249643127,2022-06-06,"020503010201 Elk Creek"
"801","EC0-ML","Tessellated Darter",60,2,0.301029995663981,1.77815125038364,2022-06-06,"020503010201 Elk Creek"
"802","EC0-ML","Tessellated Darter",63,1.4,0.146128035678238,1.79934054945358,2022-06-06,"020503010201 Elk Creek"
"803","EC0-ML","Tessellated Darter",66,1.6,0.204119982655925,1.81954393554187,2022-06-06,"020503010201 Elk Creek"
"804","EC0-ML","Tessellated Darter",51,1.1,0.0413926851582251,1.70757017609794,2022-06-06,"020503010201 Elk Creek"
"805","EC0-ML","Tessellated Darter",46,1,0,1.66275783168157,2022-06-06,"020503010201 Elk Creek"
"806","EC0-ML","White Sucker",60,2.6,0.414973347970818,1.77815125038364,2022-06-06,"020503010201 Elk Creek"
"807","EC0-ML","White Sucker",56,1.7,0.230448921378274,1.7481880270062,2022-06-06,"020503010201 Elk Creek"
"808","EC0-ML","Tessellated Darter",60,1.6,0.204119982655925,1.77815125038364,2022-06-06,"020503010201 Elk Creek"
"809","EC0-ML","Tessellated Darter",42,0.8,-0.0969100130080564,1.6232492903979,2022-06-06,"020503010201 Elk Creek"
"810","EC0-ML","Tessellated Darter",55,1.4,0.146128035678238,1.74036268949424,2022-06-06,"020503010201 Elk Creek"
"811","EC0-ML","Blacknose Dace",37,0.5,-0.301029995663981,1.56820172406699,2022-06-06,"020503010201 Elk Creek"
"812","EC0-ML","Tessellated Darter",65,2.2,0.342422680822206,1.81291335664286,2022-06-06,"020503010201 Elk Creek"
"813","EC0-ML","Creek Chub",84,7.8,0.89209460269048,1.92427928606188,2022-06-06,"020503010201 Elk Creek"
"814","EC0-ML","Creek Chub",77,6,0.778151250383644,1.88649072517248,2022-06-06,"020503010201 Elk Creek"
"815","EC0-ML","Common Shiner",76,4.8,0.681241237375587,1.88081359228079,2022-06-06,"020503010201 Elk Creek"
"816","EC0-ML","Tessellated Darter",61,2.6,0.414973347970818,1.78532983501077,2022-06-06,"020503010201 Elk Creek"
"817","EC0-ML","Tessellated Darter",57,1.8,0.255272505103306,1.75587485567249,2022-06-06,"020503010201 Elk Creek"
"818","EC0-ML","White Sucker",89,9.1,0.959041392321094,1.94939000664491,2022-06-06,"020503010201 Elk Creek"
"819","EC0-ML","Common Shiner",65,2.6,0.414973347970818,1.81291335664286,2022-06-06,"020503010201 Elk Creek"
"820","EC0-ML","Common Shiner",74,3.9,0.591064607026499,1.86923171973098,2022-06-06,"020503010201 Elk Creek"
"821","EC0-ML","Creek Chub",63,2.9,0.462397997898956,1.79934054945358,2022-06-06,"020503010201 Elk Creek"
"822","EC0-ML","Common Shiner",108,15.1,1.17897694729317,2.03342375548695,2022-06-06,"020503010201 Elk Creek"
"823","EC0-ML","Common Shiner",41,0.3,-0.522878745280338,1.61278385671974,2022-06-06,"020503010201 Elk Creek"
"824","EC0-ML","Creek Chub",46,1.1,0.0413926851582251,1.66275783168157,2022-06-06,"020503010201 Elk Creek"
"825","EC0-ML","White Sucker",81,5.8,0.763427993562937,1.90848501887865,2022-06-06,"020503010201 Elk Creek"
"826","EC0-ML","Tessellated Darter",58,1.9,0.278753600952829,1.76342799356294,2022-06-06,"020503010201 Elk Creek"
"827","EC0-ML","Tessellated Darter",46,1,0,1.66275783168157,2022-06-06,"020503010201 Elk Creek"
"828","EC0-ML","Tessellated Darter",63,2.4,0.380211241711606,1.79934054945358,2022-06-06,"020503010201 Elk Creek"
"829","EC0-ML","Tessellated Darter",62,1.7,0.230448921378274,1.79239168949825,2022-06-06,"020503010201 Elk Creek"
"830","EC0-NF","Blacknose Dace",41,0.9,-0.0457574905606751,1.61278385671974,2022-06-09,"020503010201 Elk Creek"
"831","EC0-NF","Blacknose Dace",87,1.9,0.278753600952829,1.93951925261862,2022-06-09,"020503010201 Elk Creek"
"832","EC0-NF","Blacknose Dace",45,0.7,-0.154901959985743,1.65321251377534,2022-06-09,"020503010201 Elk Creek"
"833","EC0-NF","Rosyside Dace",56,1.5,0.176091259055681,1.7481880270062,2022-06-09,"020503010201 Elk Creek"
"834","EC0-NF","Blacknose Dace",44,0.7,-0.154901959985743,1.64345267648619,2022-06-09,"020503010201 Elk Creek"
"835","EC0-NF","Blacknose Dace",46,0.9,-0.0457574905606751,1.66275783168157,2022-06-09,"020503010201 Elk Creek"
"836","EC0-NF","Rosyside Dace",47,0.9,-0.0457574905606751,1.67209785793572,2022-06-09,"020503010201 Elk Creek"
"837","EC0-NF","Rosyside Dace",45,0.8,-0.0969100130080564,1.65321251377534,2022-06-09,"020503010201 Elk Creek"
"838","EC0-NF","Rosyside Dace",41,0.6,-0.221848749616356,1.61278385671974,2022-06-09,"020503010201 Elk Creek"
"839","EC0-NF","Longnose Dace",53,1.4,0.146128035678238,1.72427586960079,2022-06-09,"020503010201 Elk Creek"
"840","EC0-NF","Longnose Dace",87,9,0.954242509439325,1.93951925261862,2022-06-09,"020503010201 Elk Creek"
"841","EC0-NF","Longnose Dace",61,2,0.301029995663981,1.78532983501077,2022-06-09,"020503010201 Elk Creek"
"842","EC0-NF","Longnose Dace",80,4.8,0.681241237375587,1.90308998699194,2022-06-09,"020503010201 Elk Creek"
"843","EC0-NF","Rosyside Dace",35,0.4,-0.397940008672038,1.54406804435028,2022-06-09,"020503010201 Elk Creek"
"844","EC0-NF","Rosyside Dace",42,0.8,-0.0969100130080564,1.6232492903979,2022-06-09,"020503010201 Elk Creek"
"845","EC0-NF","Common Shiner",96,6.9,0.838849090737255,1.98227123303957,2022-06-09,"020503010201 Elk Creek"
"846","EC0-NF","Rosyside Dace",45,0.8,-0.0969100130080564,1.65321251377534,2022-06-09,"020503010201 Elk Creek"
"847","EC0-NF","White Sucker",57,1.9,0.278753600952829,1.75587485567249,2022-06-09,"020503010201 Elk Creek"
"848","EC0-NF","Rosyside Dace",42,0.5,-0.301029995663981,1.6232492903979,2022-06-09,"020503010201 Elk Creek"
"849","EC0-NF","Rosyside Dace",50,0.9,-0.0457574905606751,1.69897000433602,2022-06-09,"020503010201 Elk Creek"
"850","EC0-NF","Blacknose Dace",43,0.6,-0.221848749616356,1.63346845557959,2022-06-09,"020503010201 Elk Creek"
"851","EC0-NF","Blacknose Dace",69,3.6,0.556302500767287,1.83884909073726,2022-06-09,"020503010201 Elk Creek"
"852","EC0-NF","Blacknose Dace",70,3.2,0.505149978319906,1.84509804001426,2022-06-09,"020503010201 Elk Creek"
"853","EC0-NF","Blacknose Dace",46,0.7,-0.154901959985743,1.66275783168157,2022-06-09,"020503010201 Elk Creek"
"854","EC0-NF","Tessellated Darter",47,1,0,1.67209785793572,2022-06-09,"020503010201 Elk Creek"
"855","EC0-NF","Tessellated Darter",43,0.8,-0.0969100130080564,1.63346845557959,2022-06-09,"020503010201 Elk Creek"
"856","EC0-NF","Tessellated Darter",59,2.1,0.322219294733919,1.77085201164214,2022-06-09,"020503010201 Elk Creek"
"857","EC0-NF","Tessellated Darter",61,3.1,0.491361693834273,1.78532983501077,2022-06-09,"020503010201 Elk Creek"
"858","EC0-NF","Blacknose Dace",43,0.8,-0.0969100130080564,1.63346845557959,2022-06-09,"020503010201 Elk Creek"
"859","EC0-NF","Blacknose Dace",69,3.5,0.544068044350276,1.83884909073726,2022-06-09,"020503010201 Elk Creek"
"860","EC0-NF","Blacknose Dace",36,0.5,-0.301029995663981,1.55630250076729,2022-06-09,"020503010201 Elk Creek"
"861","EC0-NF","Blacknose Dace",78,5.3,0.724275869600789,1.89209460269048,2022-06-09,"020503010201 Elk Creek"
"862","EC0-NF","Blacknose Dace",45,0.9,-0.0457574905606751,1.65321251377534,2022-06-09,"020503010201 Elk Creek"
"863","EC0-NF","Creek Chub",55,2,0.301029995663981,1.74036268949424,2022-06-09,"020503010201 Elk Creek"
"864","EC0-NF","Creek Chub",57,1.8,0.255272505103306,1.75587485567249,2022-06-09,"020503010201 Elk Creek"
"865","EC0-NF","Creek Chub",48,0.8,-0.0969100130080564,1.68124123737559,2022-06-09,"020503010201 Elk Creek"
"866","EC0-NF","Creek Chub",59,2,0.301029995663981,1.77085201164214,2022-06-09,"020503010201 Elk Creek"
"867","EC0-NF","Rosyside Dace",47,1.1,0.0413926851582251,1.67209785793572,2022-06-09,"020503010201 Elk Creek"
"868","EC0-NF","Longnose Dace",76,4.1,0.612783856719735,1.88081359228079,2022-06-09,"020503010201 Elk Creek"
"869","EC0-NF","Longnose Dace",50,1.5,0.176091259055681,1.69897000433602,2022-06-09,"020503010201 Elk Creek"
"870","EC0-NF","Longnose Dace",53,1.3,0.113943352306837,1.72427586960079,2022-06-09,"020503010201 Elk Creek"
"871","EC0-NF","Rosyside Dace",49,0.9,-0.0457574905606751,1.69019608002851,2022-06-09,"020503010201 Elk Creek"
"872","EC0-NF","White Sucker",55,1.9,0.278753600952829,1.74036268949424,2022-06-09,"020503010201 Elk Creek"
"873","EC0-NF","White Sucker",112,11,1.04139268515823,2.04921802267018,2022-06-09,"020503010201 Elk Creek"
"874","EC0-NF","Creek Chub",45,0.8,-0.0969100130080564,1.65321251377534,2022-06-09,"020503010201 Elk Creek"
"875","EC0-NF","Creek Chub",86,7.4,0.869231719730976,1.93449845124357,2022-06-09,"020503010201 Elk Creek"
"876","EC0-NF","Creek Chub",81,5.6,0.7481880270062,1.90848501887865,2022-06-09,"020503010201 Elk Creek"
"877","EC0-NF","Longnose Dace",66,2.7,0.431363764158987,1.81954393554187,2022-06-09,"020503010201 Elk Creek"
"878","EC0-NF","Longnose Dace",101,10.2,1.00860017176192,2.00432137378264,2022-06-09,"020503010201 Elk Creek"
"879","EC0-NF","Allegheny Pearl Dace",85,5.6,0.7481880270062,1.92941892571429,2022-06-09,"020503010201 Elk Creek"
"880","EC0-NF","Allegheny Pearl Dace",65,2.6,0.414973347970818,1.81291335664286,2022-06-09,"020503010201 Elk Creek"
"881","EC0-NF","White Sucker",54,1.8,0.255272505103306,1.73239375982297,2022-06-09,"020503010201 Elk Creek"
"882","EC0-NF","White Sucker",121,18.5,1.26717172840301,2.08278537031645,2022-06-09,"020503010201 Elk Creek"
"883","EC0-NF","Longnose Dace",74,3.4,0.531478917042255,1.86923171973098,2022-06-09,"020503010201 Elk Creek"
"884","EC0-NF","Longnose Dace",71,3.1,0.491361693834273,1.85125834871908,2022-06-09,"020503010201 Elk Creek"
"885","EC0-NF","Longnose Dace",56,1.5,0.176091259055681,1.7481880270062,2022-06-09,"020503010201 Elk Creek"
"886","EC0-NF","Rosyside Dace",52,1,0,1.7160033436348,2022-06-09,"020503010201 Elk Creek"
"887","EC0-NF","Rosyside Dace",51,1.2,0.0791812460476248,1.70757017609794,2022-06-09,"020503010201 Elk Creek"
"888","EC0-NF","Blacknose Dace",49,1.3,0.113943352306837,1.69019608002851,2022-06-09,"020503010201 Elk Creek"
"889","EC0-NF","Blacknose Dace",55,1.3,0.113943352306837,1.74036268949424,2022-06-09,"020503010201 Elk Creek"
"890","EC0-NF","Common Shiner",75,3.6,0.556302500767287,1.8750612633917,2022-06-09,"020503010201 Elk Creek"
"891","EC0-NF","Common Shiner",76,4.4,0.643452676486187,1.88081359228079,2022-06-09,"020503010201 Elk Creek"
"892","EC0-NF","Common Shiner",112,10.3,1.01283722470517,2.04921802267018,2022-06-09,"020503010201 Elk Creek"
"893","EC0-NF","White Sucker",66,2,0.301029995663981,1.81954393554187,2022-06-09,"020503010201 Elk Creek"
"894","EC0-NF","White Sucker",343,417.9,2.62107237114363,2.53529412004277,2022-06-09,"020503010201 Elk Creek"
"895","EC0-NF","White Sucker",259,238.8,2.37803432245733,2.41329976408125,2022-06-09,"020503010201 Elk Creek"
"896","EC0-NF","White Sucker",229,123.8,2.0927206446841,2.35983548233989,2022-06-09,"020503010201 Elk Creek"
"897","EC0-NF","White Sucker",253,220.4,2.34321159017975,2.40312052117582,2022-06-09,"020503010201 Elk Creek"
"898","EC0-NF","Common Shiner",74,3.3,0.518513939877887,1.86923171973098,2022-06-09,"020503010201 Elk Creek"
"899","EC0-NF","Tessellated Darter",30,0.4,-0.397940008672038,1.47712125471966,2022-06-09,"020503010201 Elk Creek"
"900","EC0-NF","Common Shiner",85,5.6,0.7481880270062,1.92941892571429,2022-06-09,"020503010201 Elk Creek"
"901","EC0-NF","Common Shiner",103,9.4,0.973127853599699,2.01283722470517,2022-06-09,"020503010201 Elk Creek"
"902","EC0-NF","Creek Chub",91,7.7,0.886490725172482,1.95904139232109,2022-06-09,"020503010201 Elk Creek"
"903","EC0-NF","Creek Chub",57,1.7,0.230448921378274,1.75587485567249,2022-06-09,"020503010201 Elk Creek"
"904","EC0-NF","Creek Chub",57,1.8,0.255272505103306,1.75587485567249,2022-06-09,"020503010201 Elk Creek"
"905","EC0-NF","Allegheny Pearl Dace",95,8.4,0.924279286061882,1.97772360528885,2022-06-09,"020503010201 Elk Creek"
"906","EC0-NF","Allegheny Pearl Dace",75,3.8,0.57978359661681,1.8750612633917,2022-06-09,"020503010201 Elk Creek"
"907","EC0-NF","Creek Chub",55,1.7,0.230448921378274,1.74036268949424,2022-06-09,"020503010201 Elk Creek"
"908","EC0-NF","Creek Chub",81,6.2,0.792391689498254,1.90848501887865,2022-06-09,"020503010201 Elk Creek"
"909","EC0-NF","Creek Chub",87,7.9,0.897627091290441,1.93951925261862,2022-06-09,"020503010201 Elk Creek"
"910","EC0-NF","Creek Chub",91,7.7,0.886490725172482,1.95904139232109,2022-06-09,"020503010201 Elk Creek"
"911","EC0-NF","White Sucker",51,1.4,0.146128035678238,1.70757017609794,2022-06-09,"020503010201 Elk Creek"
"912","EC0-NF","White Sucker",69,3.6,0.556302500767287,1.83884909073726,2022-06-09,"020503010201 Elk Creek"
"913","EC0-NF","White Sucker",95,8.3,0.919078092376074,1.97772360528885,2022-06-09,"020503010201 Elk Creek"
"914","EC0-NF","Creek Chub",58,0.9,-0.0457574905606751,1.76342799356294,2022-06-09,"020503010201 Elk Creek"
"915","EC0-NF","Blacknose Dace",50,1.7,0.230448921378274,1.69897000433602,2022-06-09,"020503010201 Elk Creek"
"916","EC0-NF","Tessellated Darter",42,0.4,-0.397940008672038,1.6232492903979,2022-06-09,"020503010201 Elk Creek"
"917","EC0-NF","Tessellated Darter",51,1.6,0.204119982655925,1.70757017609794,2022-06-09,"020503010201 Elk Creek"
"918","EC0-NF","Blacknose Dace",65,3.2,0.505149978319906,1.81291335664286,2022-06-09,"020503010201 Elk Creek"
"919","EC0-NF","Blacknose Dace",62,2.7,0.431363764158987,1.79239168949825,2022-06-09,"020503010201 Elk Creek"
"920","EC0-NF","Tessellated Darter",54,1.5,0.176091259055681,1.73239375982297,2022-06-09,"020503010201 Elk Creek"
"921","EC0-NF","Tessellated Darter",48,1.2,0.0791812460476248,1.68124123737559,2022-06-09,"020503010201 Elk Creek"
"922","EC0-NF","Tessellated Darter",50,1.2,0.0791812460476248,1.69897000433602,2022-06-09,"020503010201 Elk Creek"
"923","EC0-NF","Tessellated Darter",46,1,0,1.66275783168157,2022-06-09,"020503010201 Elk Creek"
"924","EC0-NF","Tessellated Darter",56,1.6,0.204119982655925,1.7481880270062,2022-06-09,"020503010201 Elk Creek"
"925","EC0-NF","Tessellated Darter",51,1.4,0.146128035678238,1.70757017609794,2022-06-09,"020503010201 Elk Creek"
"926","EC0-NF","Tessellated Darter",49,1.2,0.0791812460476248,1.69019608002851,2022-06-09,"020503010201 Elk Creek"
"927","EC0-NF","Tessellated Darter",61,2.5,0.397940008672038,1.78532983501077,2022-06-09,"020503010201 Elk Creek"
"928","EC0-NF","Tessellated Darter",62,2.2,0.342422680822206,1.79239168949825,2022-06-09,"020503010201 Elk Creek"
"929","EC0-NF","Common Shiner",76,4.2,0.6232492903979,1.88081359228079,2022-06-09,"020503010201 Elk Creek"
"930","EC0-NF","Longnose Dace",73,3.6,0.556302500767287,1.86332286012046,2022-06-09,"020503010201 Elk Creek"
"931","EC0-NF","Common Shiner",72,3.7,0.568201724066995,1.85733249643127,2022-06-09,"020503010201 Elk Creek"
"932","EC0-NF","Creek Chub",132,27.7,1.44247976906445,2.12057393120585,2022-06-09,"020503010201 Elk Creek"
"933","EC0-NF","Creek Chub",85,6.8,0.832508912706236,1.92941892571429,2022-06-09,"020503010201 Elk Creek"
"934","EC0-NF","White Sucker",85,6.3,0.799340549453582,1.92941892571429,2022-06-09,"020503010201 Elk Creek"
"935","EC0-NF","Longnose Dace",81,5.4,0.732393759822969,1.90848501887865,2022-06-09,"020503010201 Elk Creek"
"936","EC0-NF","Creek Chub",86,6.8,0.832508912706236,1.93449845124357,2022-06-09,"020503010201 Elk Creek"
"937","EC0-NF","Creek Chub",57,1.9,0.278753600952829,1.75587485567249,2022-06-09,"020503010201 Elk Creek"
"938","EC0-NF","Creek Chub",57,1.5,0.176091259055681,1.75587485567249,2022-06-09,"020503010201 Elk Creek"
"939","EC0-NF","Creek Chub",60,2.4,0.380211241711606,1.77815125038364,2022-06-09,"020503010201 Elk Creek"
"940","EC0-NF","Creek Chub",57,1.9,0.278753600952829,1.75587485567249,2022-06-09,"020503010201 Elk Creek"
"941","EC0-NF","Creek Chub",49,1.1,0.0413926851582251,1.69019608002851,2022-06-09,"020503010201 Elk Creek"
"942","EC0-NF","White Sucker",202,87.3,1.94101424370557,2.30535136944662,2022-06-09,"020503010201 Elk Creek"
"943","EC0-NF","White Sucker",62,2.3,0.361727836017593,1.79239168949825,2022-06-09,"020503010201 Elk Creek"
"944","EC0-NF","White Sucker",263,224.6,2.35140975192544,2.41995574848976,2022-06-09,"020503010201 Elk Creek"
"945","EC0-NF","White Sucker",46,0.5,-0.301029995663981,1.66275783168157,2022-06-09,"020503010201 Elk Creek"
"946","EC0-NF","White Sucker",173,59.1,1.77158748088126,2.2380461031288,2022-06-09,"020503010201 Elk Creek"
"947","EC0-NF","Blacknose Dace",49,1.1,0.0413926851582251,1.69019608002851,2022-06-09,"020503010201 Elk Creek"
"948","EC0-NF","Blacknose Dace",43,0.8,-0.0969100130080564,1.63346845557959,2022-06-09,"020503010201 Elk Creek"
"949","EC0-NF","Blacknose Dace",40,0.5,-0.301029995663981,1.60205999132796,2022-06-09,"020503010201 Elk Creek"
"950","EC0-NF","Blacknose Dace",41,0.6,-0.221848749616356,1.61278385671974,2022-06-09,"020503010201 Elk Creek"
"951","EC0-NF","Creek Chub",47,0.9,-0.0457574905606751,1.67209785793572,2022-06-09,"020503010201 Elk Creek"
"952","EC0-NF","Longnose Dace",75,4.3,0.633468455579587,1.8750612633917,2022-06-09,"020503010201 Elk Creek"
"953","EC0-NF","Allegheny Pearl Dace",77,4.6,0.662757831681574,1.88649072517248,2022-06-09,"020503010201 Elk Creek"
"954","EC0-NF","Allegheny Pearl Dace",58,1.9,0.278753600952829,1.76342799356294,2022-06-09,"020503010201 Elk Creek"
"955","EC0-NF","Longnose Dace",68,3.2,0.505149978319906,1.83250891270624,2022-06-09,"020503010201 Elk Creek"
"956","EC0-NF","Allegheny Pearl Dace",89,6.2,0.792391689498254,1.94939000664491,2022-06-09,"020503010201 Elk Creek"
"957","EC0-NF","Allegheny Pearl Dace",88,5.3,0.724275869600789,1.94448267215017,2022-06-09,"020503010201 Elk Creek"
"958","EC0-NF","Longnose Dace",62,2.7,0.431363764158987,1.79239168949825,2022-06-09,"020503010201 Elk Creek"
"959","EC0-NF","Allegheny Pearl Dace",88,6.5,0.812913356642856,1.94448267215017,2022-06-09,"020503010201 Elk Creek"
"960","EC0-NF","White Sucker",57,2.1,0.322219294733919,1.75587485567249,2022-06-09,"020503010201 Elk Creek"
"961","EC0-NF","White Sucker",67,2.5,0.397940008672038,1.82607480270083,2022-06-09,"020503010201 Elk Creek"
"962","EC0-NF","Longnose Dace",54,1.4,0.146128035678238,1.73239375982297,2022-06-09,"020503010201 Elk Creek"
"963","EC0-NF","White Sucker",144,32.7,1.51454775266029,2.15836249209525,2022-06-09,"020503010201 Elk Creek"
"964","EC0-NF","Longnose Dace",79,4.2,0.6232492903979,1.89762709129044,2022-06-09,"020503010201 Elk Creek"
"965","EC0-NF","Allegheny Pearl Dace",71,3.4,0.531478917042255,1.85125834871908,2022-06-09,"020503010201 Elk Creek"
"966","EC0-NF","Creek Chub",87,7.1,0.851258348719075,1.93951925261862,2022-06-09,"020503010201 Elk Creek"
"967","EC0-NF","Creek Chub",109,15.9,1.20139712432045,2.03742649794062,2022-06-09,"020503010201 Elk Creek"
"968","EC0-NF","Longnose Dace",59,1.8,0.255272505103306,1.77085201164214,2022-06-09,"020503010201 Elk Creek"
"969","EC0-NF","Tessellated Darter",52,1.4,0.146128035678238,1.7160033436348,2022-06-09,"020503010201 Elk Creek"
"970","EC0-NF","Tessellated Darter",53,1.5,0.176091259055681,1.72427586960079,2022-06-09,"020503010201 Elk Creek"
"971","EC0-NF","Tessellated Darter",54,1.5,0.176091259055681,1.73239375982297,2022-06-09,"020503010201 Elk Creek"
"972","EC0-NF","Tessellated Darter",54,1.4,0.146128035678238,1.73239375982297,2022-06-09,"020503010201 Elk Creek"
"973","EC0-NF","Tessellated Darter",53,1.6,0.204119982655925,1.72427586960079,2022-06-09,"020503010201 Elk Creek"
"974","EC0-NF","Tessellated Darter",65,2.5,0.397940008672038,1.81291335664286,2022-06-09,"020503010201 Elk Creek"
"975","EC0-NF","White Sucker",304,331.8,2.52087638168834,2.48287358360875,2022-06-09,"020503010201 Elk Creek"
"976","EC0-NF","Rosyside Dace",47,1.2,0.0791812460476248,1.67209785793572,2022-06-09,"020503010201 Elk Creek"
"977","EC0-NF","Rosyside Dace",49,1.1,0.0413926851582251,1.69019608002851,2022-06-09,"020503010201 Elk Creek"
"978","EC0-NF","Rosyside Dace",50,1,0,1.69897000433602,2022-06-09,"020503010201 Elk Creek"
"979","EC0-NF","White Sucker",197,87.3,1.94101424370557,2.29446622616159,2022-06-09,"020503010201 Elk Creek"
"980","EC0-NF","White Sucker",129,23.2,1.3654879848909,2.11058971029925,2022-06-09,"020503010201 Elk Creek"
"981","EC0-NF","White Sucker",51,1.3,0.113943352306837,1.70757017609794,2022-06-09,"020503010201 Elk Creek"
"982","EC0-NF","Rosyside Dace",56,1.6,0.204119982655925,1.7481880270062,2022-06-09,"020503010201 Elk Creek"
"983","EC0-NF","Creek Chub",47,1.1,0.0413926851582251,1.67209785793572,2022-06-09,"020503010201 Elk Creek"
"984","EC0-NF","Rosyside Dace",46,0.9,-0.0457574905606751,1.66275783168157,2022-06-09,"020503010201 Elk Creek"
"985","EC0-NF","Rosyside Dace",43,1,0,1.63346845557959,2022-06-09,"020503010201 Elk Creek"
"986","EC0-NF","Tessellated Darter",57,1.5,0.176091259055681,1.75587485567249,2022-06-09,"020503010201 Elk Creek"
"987","EC0-NF","Tessellated Darter",45,0.8,-0.0969100130080564,1.65321251377534,2022-06-09,"020503010201 Elk Creek"
"988","EC0-NF","Tessellated Darter",69,2.9,0.462397997898956,1.83884909073726,2022-06-09,"020503010201 Elk Creek"
"989","EC0-NF","White Sucker",101,11.1,1.04532297878666,2.00432137378264,2022-06-09,"020503010201 Elk Creek"
"990","EC0-NF","White Sucker",93,8.8,0.944482672150169,1.96848294855394,2022-06-09,"020503010201 Elk Creek"
"991","EC0-NF","White Sucker",48,1.1,0.0413926851582251,1.68124123737559,2022-06-09,"020503010201 Elk Creek"
"992","EC0-NF","White Sucker",54,1.4,0.146128035678238,1.73239375982297,2022-06-09,"020503010201 Elk Creek"
"993","EC0-NF","Tessellated Darter",58,1.6,0.204119982655925,1.76342799356294,2022-06-09,"020503010201 Elk Creek"
"994","EC0-NF","Blacknose Dace",41,0.6,-0.221848749616356,1.61278385671974,2022-06-09,"020503010201 Elk Creek"
"995","EC0-NF","Blacknose Dace",51,1.1,0.0413926851582251,1.70757017609794,2022-06-09,"020503010201 Elk Creek"
"996","EC0-NF","Rosyside Dace",42,0.9,-0.0457574905606751,1.6232492903979,2022-06-09,"020503010201 Elk Creek"
"997","EC0-NF","Blacknose Dace",45,1,0,1.65321251377534,2022-06-09,"020503010201 Elk Creek"
"998","EC0-NF","Blacknose Dace",43,0.7,-0.154901959985743,1.63346845557959,2022-06-09,"020503010201 Elk Creek"
"999","EC0-NF","Rosyside Dace",47,0.9,-0.0457574905606751,1.67209785793572,2022-06-09,"020503010201 Elk Creek"
"1000","EC0-NF","Rosyside Dace",38,0.4,-0.397940008672038,1.57978359661681,2022-06-09,"020503010201 Elk Creek"
"1001","EC0-NF","Blacknose Dace",54,1.6,0.204119982655925,1.73239375982297,2022-06-09,"020503010201 Elk Creek"
"1002","EC0-NF","Blacknose Dace",53,2,0.301029995663981,1.72427586960079,2022-06-09,"020503010201 Elk Creek"
"1003","EC0-NF","Common Shiner",89,6,0.778151250383644,1.94939000664491,2022-06-09,"020503010201 Elk Creek"
"1004","EC0-NF","Rosyside Dace",47,1.2,0.0791812460476248,1.67209785793572,2022-06-09,"020503010201 Elk Creek"
"1005","EC0-NF","Rosyside Dace",55,1.5,0.176091259055681,1.74036268949424,2022-06-09,"020503010201 Elk Creek"
"1006","EC0-NF","Rosyside Dace",46,1,0,1.66275783168157,2022-06-09,"020503010201 Elk Creek"
"1007","EC0-NF","Rosyside Dace",55,1.3,0.113943352306837,1.74036268949424,2022-06-09,"020503010201 Elk Creek"
"1008","EC0-NF","Common Shiner",85,6.3,0.799340549453582,1.92941892571429,2022-06-09,"020503010201 Elk Creek"
"1009","EC0-NF","Creek Chub",56,1.7,0.230448921378274,1.7481880270062,2022-06-09,"020503010201 Elk Creek"
"1010","EC0-NF","Rosyside Dace",47,1.1,0.0413926851582251,1.67209785793572,2022-06-09,"020503010201 Elk Creek"
"1011","EC0-NF","Tessellated Darter",39,0.9,-0.0457574905606751,1.5910646070265,2022-06-09,"020503010201 Elk Creek"
"1012","EC0-NF","Tessellated Darter",60,1.8,0.255272505103306,1.77815125038364,2022-06-09,"020503010201 Elk Creek"
"1013","EC0-NF","Tessellated Darter",42,0.8,-0.0969100130080564,1.6232492903979,2022-06-09,"020503010201 Elk Creek"
"1014","EC0-NF","Tessellated Darter",47,1,0,1.67209785793572,2022-06-09,"020503010201 Elk Creek"
"1015","EC0-NF","Rosyside Dace",49,1,0,1.69019608002851,2022-06-09,"020503010201 Elk Creek"
"1016","EC0-NF","Rosyside Dace",37,0.5,-0.301029995663981,1.56820172406699,2022-06-09,"020503010201 Elk Creek"
"1017","EC0-NF","Rosyside Dace",45,0.6,-0.221848749616356,1.65321251377534,2022-06-09,"020503010201 Elk Creek"
"1018","EC0-NF","Creek Chub",50,0.9,-0.0457574905606751,1.69897000433602,2022-06-09,"020503010201 Elk Creek"
"1019","EC0-NF","Common Shiner",112,14.8,1.17026171539496,2.04921802267018,2022-06-09,"020503010201 Elk Creek"
"1020","EC0-NF","Common Shiner",81,4.5,0.653212513775344,1.90848501887865,2022-06-09,"020503010201 Elk Creek"
"1021","EC0-NF","Common Shiner",100,9.4,0.973127853599699,2,2022-06-09,"020503010201 Elk Creek"
"1022","EC0-PH","Blacknose Dace",67,3.1,0.491361693834273,1.82607480270083,2022-06-06,"020503010201 Elk Creek"
"1023","EC0-PH","Tessellated Darter",60,1,0,1.77815125038364,2022-06-06,"020503010201 Elk Creek"
"1024","EC0-PH","Tessellated Darter",45,0.9,-0.0457574905606751,1.65321251377534,2022-06-06,"020503010201 Elk Creek"
"1025","EC0-PH","Tessellated Darter",52,1.2,0.0791812460476248,1.7160033436348,2022-06-06,"020503010201 Elk Creek"
"1026","EC0-PH","Creek Chub",45,0.9,-0.0457574905606751,1.65321251377534,2022-06-06,"020503010201 Elk Creek"
"1027","EC0-PH","White Sucker",178,70.6,1.8488047010518,2.25042000230889,2022-06-06,"020503010201 Elk Creek"
"1028","EC0-PH","White Sucker",206,99,1.99563519459755,2.31386722036915,2022-06-06,"020503010201 Elk Creek"
"1029","EC0-PH","White Sucker",99,10.4,1.01703333929878,1.99563519459755,2022-06-06,"020503010201 Elk Creek"
"1030","EC0-PH","Common Shiner",89,7.2,0.857332496431269,1.94939000664491,2022-06-06,"020503010201 Elk Creek"
"1031","EC0-PH","White Sucker",308,365.4,2.56276854301652,2.48855071650044,2022-06-06,"020503010201 Elk Creek"
"1032","EC0-PH","White Sucker",166,46.1,1.66370092538965,2.22010808804005,2022-06-06,"020503010201 Elk Creek"
"1033","EC0-PH","White Sucker",126,22.2,1.34635297445064,2.10037054511756,2022-06-06,"020503010201 Elk Creek"
"1034","EC0-PH","White Sucker",370,525.4,2.72049006845005,2.56820172406699,2022-06-06,"020503010201 Elk Creek"
"1035","EC0-PH","Creek Chub",98,12.4,1.09342168516224,1.99122607569249,2022-06-06,"020503010201 Elk Creek"
"1036","EC0-PH","Blacknose Dace",77,4.6,0.662757831681574,1.88649072517248,2022-06-06,"020503010201 Elk Creek"
"1037","EC0-PH","Creek Chub",47,1.2,0.0791812460476248,1.67209785793572,2022-06-06,"020503010201 Elk Creek"
"1038","EC0-PH","Creek Chub",45,0.8,-0.0969100130080564,1.65321251377534,2022-06-06,"020503010201 Elk Creek"
"1039","EC0-PH","Creek Chub",73,4.2,0.6232492903979,1.86332286012046,2022-06-06,"020503010201 Elk Creek"
"1040","EC0-PH","White Sucker",51,1.1,0.0413926851582251,1.70757017609794,2022-06-06,"020503010201 Elk Creek"
"1041","EC0-PH","White Sucker",47,1.1,0.0413926851582251,1.67209785793572,2022-06-06,"020503010201 Elk Creek"
"1042","EC0-PH","White Sucker",53,1.3,0.113943352306837,1.72427586960079,2022-06-06,"020503010201 Elk Creek"
"1043","EC0-PH","White Sucker",143,28.4,1.45331834004704,2.15533603746506,2022-06-06,"020503010201 Elk Creek"
"1044","EC0-PH","Common Shiner",85,6,0.778151250383644,1.92941892571429,2022-06-06,"020503010201 Elk Creek"
"1045","EC0-PH","Common Shiner",82,5.1,0.707570176097936,1.91381385238372,2022-06-06,"020503010201 Elk Creek"
"1046","EC0-PH","White Sucker",83,6.4,0.806179973983887,1.91907809237607,2022-06-06,"020503010201 Elk Creek"
"1047","EC0-PH","White Sucker",51,1.6,0.204119982655925,1.70757017609794,2022-06-06,"020503010201 Elk Creek"
"1048","EC0-PH","White Sucker",113,11.6,1.06445798922692,2.05307844348342,2022-06-06,"020503010201 Elk Creek"
"1049","EC0-PH","White Sucker",93,8.5,0.929418925714293,1.96848294855394,2022-06-06,"020503010201 Elk Creek"
"1050","EC0-PH","White Sucker",113,15.5,1.19033169817029,2.05307844348342,2022-06-06,"020503010201 Elk Creek"
"1051","EC0-PH","Common Shiner",87,5.6,0.7481880270062,1.93951925261862,2022-06-06,"020503010201 Elk Creek"
"1052","EC0-PH","Creek Chub",203,123.6,2.0920184707528,2.30749603791321,2022-06-06,"020503010201 Elk Creek"
"1053","EC0-PH","White Sucker",58,2.2,0.342422680822206,1.76342799356294,2022-06-06,"020503010201 Elk Creek"
"1054","EC0-PH","Creek Chub",225,146.1,2.1646502159343,2.35218251811136,2022-06-06,"020503010201 Elk Creek"
"1055","EC0-PH","Blacknose Dace",54,1.8,0.255272505103306,1.73239375982297,2022-06-06,"020503010201 Elk Creek"
"1056","EC0-PH","Blacknose Dace",53,1.4,0.146128035678238,1.72427586960079,2022-06-06,"020503010201 Elk Creek"
"1057","EC0-PH","Blacknose Dace",59,1.9,0.278753600952829,1.77085201164214,2022-06-06,"020503010201 Elk Creek"
"1058","EC0-PH","Creek Chub",111,17.4,1.2405492482826,2.04532297878666,2022-06-06,"020503010201 Elk Creek"
"1059","EC0-PH","Blacknose Dace",44,0.7,-0.154901959985743,1.64345267648619,2022-06-06,"020503010201 Elk Creek"
"1060","EC0-PH","Blacknose Dace",41,0.8,-0.0969100130080564,1.61278385671974,2022-06-06,"020503010201 Elk Creek"
"1061","EC0-PH","Creek Chub",44,0.7,-0.154901959985743,1.64345267648619,2022-06-06,"020503010201 Elk Creek"
"1062","EC0-PH","Creek Chub",52,1.4,0.146128035678238,1.7160033436348,2022-06-06,"020503010201 Elk Creek"
"1063","EC0-PH","White Sucker",334,447.6,2.65089007785631,2.52374646681156,2022-06-06,"020503010201 Elk Creek"
"1064","EC0-PH","Blacknose Dace",39,0.5,-0.301029995663981,1.5910646070265,2022-06-06,"020503010201 Elk Creek"
"1065","EC0-PH","Blacknose Dace",43,0.8,-0.0969100130080564,1.63346845557959,2022-06-06,"020503010201 Elk Creek"
"1066","EC0-PH","Blacknose Dace",55,1.6,0.204119982655925,1.74036268949424,2022-06-06,"020503010201 Elk Creek"
"1067","EC0-PH","Rosyside Dace",46,0.8,-0.0969100130080564,1.66275783168157,2022-06-06,"020503010201 Elk Creek"
"1068","EC0-PH","Rosyside Dace",46,0.7,-0.154901959985743,1.66275783168157,2022-06-06,"020503010201 Elk Creek"
"1069","EC0-PH","Rosyside Dace",40,0.6,-0.221848749616356,1.60205999132796,2022-06-06,"020503010201 Elk Creek"
"1070","EC0-PH","Allegheny Pearl Dace",96,7.9,0.897627091290441,1.98227123303957,2022-06-06,"020503010201 Elk Creek"
"1071","EC0-PH","Rosyside Dace",31,0.7,-0.154901959985743,1.49136169383427,2022-06-06,"020503010201 Elk Creek"
"1072","EC0-PH","Tessellated Darter",66,3.5,0.544068044350276,1.81954393554187,2022-06-06,"020503010201 Elk Creek"
"1073","EC0-PH","Tessellated Darter",55,1.9,0.278753600952829,1.74036268949424,2022-06-06,"020503010201 Elk Creek"
"1074","EC0-PH","White Sucker",137,29.6,1.47129171105894,2.13672056715641,2022-06-06,"020503010201 Elk Creek"
"1075","EC0-PH","White Sucker",100,11.1,1.04532297878666,2,2022-06-06,"020503010201 Elk Creek"
"1076","EC0-PH","Longnose Dace",71,3.5,0.544068044350276,1.85125834871908,2022-06-06,"020503010201 Elk Creek"
"1077","EC0-PH","Tessellated Darter",64,2.3,0.361727836017593,1.80617997398389,2022-06-06,"020503010201 Elk Creek"
"1078","EC0-PH","Tessellated Darter",51,1.6,0.204119982655925,1.70757017609794,2022-06-06,"020503010201 Elk Creek"
"1079","EC0-PH","Tessellated Darter",46,0.9,-0.0457574905606751,1.66275783168157,2022-06-06,"020503010201 Elk Creek"
"1080","EC0-PH","Tessellated Darter",66,2.1,0.322219294733919,1.81954393554187,2022-06-06,"020503010201 Elk Creek"
"1081","EC0-PH","Tessellated Darter",45,0.9,-0.0457574905606751,1.65321251377534,2022-06-06,"020503010201 Elk Creek"
"1082","EC0-PH","Tessellated Darter",54,1.8,0.255272505103306,1.73239375982297,2022-06-06,"020503010201 Elk Creek"
"1083","EC0-PH","Blacknose Dace",45,1,0,1.65321251377534,2022-06-06,"020503010201 Elk Creek"
"1084","EC0-PH","Blacknose Dace",55,1.6,0.204119982655925,1.74036268949424,2022-06-06,"020503010201 Elk Creek"
"1085","EC0-PH","Longnose Dace",67,2.8,0.447158031342219,1.82607480270083,2022-06-06,"020503010201 Elk Creek"
"1086","EC0-PH","Longnose Dace",71,3.5,0.544068044350276,1.85125834871908,2022-06-06,"020503010201 Elk Creek"
"1087","EC0-PH","Tessellated Darter",46,1,0,1.66275783168157,2022-06-06,"020503010201 Elk Creek"
"1088","EC0-PH","Tessellated Darter",46,0.8,-0.0969100130080564,1.66275783168157,2022-06-06,"020503010201 Elk Creek"
"1089","EC0-PH","Tessellated Darter",47,1.1,0.0413926851582251,1.67209785793572,2022-06-06,"020503010201 Elk Creek"
"1090","EC0-PH","Common Shiner",60,2.1,0.322219294733919,1.77815125038364,2022-06-06,"020503010201 Elk Creek"
"1091","EC0-PH","Creek Chub",111,19.2,1.28330122870355,2.04532297878666,2022-06-06,"020503010201 Elk Creek"
"1092","EC0-PH","Blacknose Dace",41,0.8,-0.0969100130080564,1.61278385671974,2022-06-06,"020503010201 Elk Creek"
"1093","EC0-PH","Blacknose Dace",75,4.5,0.653212513775344,1.8750612633917,2022-06-06,"020503010201 Elk Creek"
"1094","EC0-PH","Blacknose Dace",66,2.8,0.447158031342219,1.81954393554187,2022-06-06,"020503010201 Elk Creek"
"1095","EC0-PH","Blacknose Dace",42,1,0,1.6232492903979,2022-06-06,"020503010201 Elk Creek"
"1096","EC0-PH","Blacknose Dace",68,2.5,0.397940008672038,1.83250891270624,2022-06-06,"020503010201 Elk Creek"
"1097","EC0-PH","Longnose Dace",57,1.5,0.176091259055681,1.75587485567249,2022-06-06,"020503010201 Elk Creek"
"1098","EC0-PH","Longnose Dace",57,1.6,0.204119982655925,1.75587485567249,2022-06-06,"020503010201 Elk Creek"
"1099","EC0-PH","Longnose Dace",74,3.7,0.568201724066995,1.86923171973098,2022-06-06,"020503010201 Elk Creek"
"1100","EC0-PH","Creek Chub",71,4,0.602059991327962,1.85125834871908,2022-06-06,"020503010201 Elk Creek"
"1101","EC0-PH","Creek Chub",59,2.4,0.380211241711606,1.77085201164214,2022-06-06,"020503010201 Elk Creek"
"1102","EC0-PH","Creek Chub",63,2.8,0.447158031342219,1.79934054945358,2022-06-06,"020503010201 Elk Creek"
"1103","EC0-PH","Creek Chub",78,5.7,0.755874855672491,1.89209460269048,2022-06-06,"020503010201 Elk Creek"
"1104","EC0-PH","White Sucker",50,1.4,0.146128035678238,1.69897000433602,2022-06-06,"020503010201 Elk Creek"
"1105","EC0-PH","Creek Chub",55,1.9,0.278753600952829,1.74036268949424,2022-06-06,"020503010201 Elk Creek"
"1106","EC0-PH","White Sucker",204,94.1,1.97358962342726,2.3096301674259,2022-06-06,"020503010201 Elk Creek"
"1107","EC0-PH","Creek Chub",47,1.3,0.113943352306837,1.67209785793572,2022-06-06,"020503010201 Elk Creek"
"1108","EC0-PH","Creek Chub",75,5.8,0.763427993562937,1.8750612633917,2022-06-06,"020503010201 Elk Creek"
"1109","EC0-PH","White Sucker",315,367.3,2.56502092834529,2.4983105537896,2022-06-06,"020503010201 Elk Creek"
"1110","EC0-PH","White Sucker",228,135.3,2.13129779659762,2.35793484700045,2022-06-06,"020503010201 Elk Creek"
"1111","EC0-PH","White Sucker",265,217,2.33645973384853,2.42324587393681,2022-06-06,"020503010201 Elk Creek"
"1112","EC0-PH","Rosyside Dace",56,1.9,0.278753600952829,1.7481880270062,2022-06-06,"020503010201 Elk Creek"
"1113","EC0-PH","Creek Chub",59,2.8,0.447158031342219,1.77085201164214,2022-06-06,"020503010201 Elk Creek"
"1114","EC0-PH","Blacknose Dace",72,3.6,0.556302500767287,1.85733249643127,2022-06-06,"020503010201 Elk Creek"
"1115","EC0-PH","Longnose Dace",84,6.22,0.793790384690819,1.92427928606188,2022-06-06,"020503010201 Elk Creek"
"1116","EC0-PH","Common Shiner",75,4.1,0.612783856719735,1.8750612633917,2022-06-06,"020503010201 Elk Creek"
"1117","EC0-PH","Common Shiner",82,4.9,0.690196080028514,1.91381385238372,2022-06-06,"020503010201 Elk Creek"
"1118","EC0-PH","Common Shiner",86,7.2,0.857332496431269,1.93449845124357,2022-06-06,"020503010201 Elk Creek"
"1119","EC0-PH","Common Shiner",91,7,0.845098040014257,1.95904139232109,2022-06-06,"020503010201 Elk Creek"
"1120","EC0-PH","Common Shiner",84,5.6,0.7481880270062,1.92427928606188,2022-06-06,"020503010201 Elk Creek"
"1121","EC0-PH","Longnose Dace",79,2.8,0.447158031342219,1.89762709129044,2022-06-06,"020503010201 Elk Creek"
"1122","EC0-PH","Longnose Dace",76,3.1,0.491361693834273,1.88081359228079,2022-06-06,"020503010201 Elk Creek"
"1123","EC0-PH","Common Shiner",77,4.8,0.681241237375587,1.88649072517248,2022-06-06,"020503010201 Elk Creek"
"1124","EC0-PH","Common Shiner",128,29.5,1.46982201597816,2.10720996964787,2022-06-06,"020503010201 Elk Creek"
"1125","EC0-PH","Common Shiner",90,7.3,0.863322860120456,1.95424250943932,2022-06-06,"020503010201 Elk Creek"
"1126","EC0-PH","Tessellated Darter",46,0.9,-0.0457574905606751,1.66275783168157,2022-06-06,"020503010201 Elk Creek"
"1127","EC0-PH","Tessellated Darter",65,2.7,0.431363764158987,1.81291335664286,2022-06-06,"020503010201 Elk Creek"
"1128","EC0-PH","Tessellated Darter",54,1.4,0.146128035678238,1.73239375982297,2022-06-06,"020503010201 Elk Creek"
"1129","EC0-PH","Common Shiner",47,1.1,0.0413926851582251,1.67209785793572,2022-06-06,"020503010201 Elk Creek"
"1130","EC0-PH","Common Shiner",78,4.1,0.612783856719735,1.89209460269048,2022-06-06,"020503010201 Elk Creek"
"1131","EC0-PH","Common Shiner",89,6.7,0.826074802700826,1.94939000664491,2022-06-06,"020503010201 Elk Creek"
"1132","EC0-PH","Longnose Dace",73,3.8,0.57978359661681,1.86332286012046,2022-06-06,"020503010201 Elk Creek"
"1133","EC0-PH","Longnose Dace",61,2,0.301029995663981,1.78532983501077,2022-06-06,"020503010201 Elk Creek"
"1134","EC0-PH","Longnose Dace",55,1.6,0.204119982655925,1.74036268949424,2022-06-06,"020503010201 Elk Creek"
"1135","EC0-PH","Longnose Dace",64,2.2,0.342422680822206,1.80617997398389,2022-06-06,"020503010201 Elk Creek"
"1136","EC0-PH","Longnose Dace",49,1.1,0.0413926851582251,1.69019608002851,2022-06-06,"020503010201 Elk Creek"
"1137","EC0-PH","Tessellated Darter",47,1.1,0.0413926851582251,1.67209785793572,2022-06-06,"020503010201 Elk Creek"
"1138","EC0-PH","Tessellated Darter",49,1.2,0.0791812460476248,1.69019608002851,2022-06-06,"020503010201 Elk Creek"
"1139","EC0-PH","Tessellated Darter",47,0.8,-0.0969100130080564,1.67209785793572,2022-06-06,"020503010201 Elk Creek"
"1140","EC0-PH","Allegheny Pearl Dace",74,3.6,0.556302500767287,1.86923171973098,2022-06-06,"020503010201 Elk Creek"
"1141","EC0-PH","Allegheny Pearl Dace",91,8.1,0.90848501887865,1.95904139232109,2022-06-06,"020503010201 Elk Creek"
"1142","EC0-PH","Allegheny Pearl Dace",85,5.6,0.7481880270062,1.92941892571429,2022-06-06,"020503010201 Elk Creek"
"1143","EC0-PH","White Sucker",241,142.2,2.15289959639375,2.38201704257487,2022-06-06,"020503010201 Elk Creek"
"1144","EC0-PH","White Sucker",332,379.3,2.57898284270279,2.52113808370404,2022-06-06,"020503010201 Elk Creek"
"1145","EC0-PH","Blacknose Dace",63,2.6,0.414973347970818,1.79934054945358,2022-06-06,"020503010201 Elk Creek"
"1146","EC0-PH","Blacknose Dace",45,0.8,-0.0969100130080564,1.65321251377534,2022-06-06,"020503010201 Elk Creek"
"1147","EC0-PH","Blacknose Dace",56,1.7,0.230448921378274,1.7481880270062,2022-06-06,"020503010201 Elk Creek"
"1148","EC0-PH","Blacknose Dace",55,2,0.301029995663981,1.74036268949424,2022-06-06,"020503010201 Elk Creek"
"1149","EC0-PH","Blacknose Dace",72,4,0.602059991327962,1.85733249643127,2022-06-06,"020503010201 Elk Creek"
"1150","EC0-PH","Blacknose Dace",71,3.9,0.591064607026499,1.85125834871908,2022-06-06,"020503010201 Elk Creek"
"1151","EC0-PH","Blacknose Dace",51,1.1,0.0413926851582251,1.70757017609794,2022-06-06,"020503010201 Elk Creek"
"1152","EC0-PH","Blacknose Dace",53,1.6,0.204119982655925,1.72427586960079,2022-06-06,"020503010201 Elk Creek"
"1153","EC0-PH","Blacknose Dace",49,0.9,-0.0457574905606751,1.69019608002851,2022-06-06,"020503010201 Elk Creek"
"1154","EC0-PH","Blacknose Dace",64,3.2,0.505149978319906,1.80617997398389,2022-06-06,"020503010201 Elk Creek"
"1155","EC0-PH","Common Shiner",116,18.4,1.26481782300954,2.06445798922692,2022-06-06,"020503010201 Elk Creek"
"1156","EC0-PH","Common Shiner",117,17.2,1.23552844690755,2.06818586174616,2022-06-06,"020503010201 Elk Creek"
"1157","EC0-PH","Common Shiner",87,6.1,0.785329835010767,1.93951925261862,2022-06-06,"020503010201 Elk Creek"
"1158","EC0-PH","Creek Chub",46,0.1,-1,1.66275783168157,2022-06-06,"020503010201 Elk Creek"
"1159","EC0-PH","Creek Chub",47,0.9,-0.0457574905606751,1.67209785793572,2022-06-06,"020503010201 Elk Creek"
"1160","EC0-PH","Creek Chub",59,2.4,0.380211241711606,1.77085201164214,2022-06-06,"020503010201 Elk Creek"
"1161","EC0-PH","Creek Chub",85,8,0.903089986991944,1.92941892571429,2022-06-06,"020503010201 Elk Creek"
"1162","EC0-PH","Creek Chub",48,1.1,0.0413926851582251,1.68124123737559,2022-06-06,"020503010201 Elk Creek"
"1163","EC0-PH","Creek Chub",47,1.3,0.113943352306837,1.67209785793572,2022-06-06,"020503010201 Elk Creek"
"1164","EC0-PH","Creek Chub",45,1.1,0.0413926851582251,1.65321251377534,2022-06-06,"020503010201 Elk Creek"
"1165","EC0-PH","Creek Chub",41,0.8,-0.0969100130080564,1.61278385671974,2022-06-06,"020503010201 Elk Creek"
"1166","EC0-PH","Longnose Dace",81,7.5,0.8750612633917,1.90848501887865,2022-06-06,"020503010201 Elk Creek"
"1167","EC0-PH","Tessellated Darter",57,1.5,0.176091259055681,1.75587485567249,2022-06-06,"020503010201 Elk Creek"
"1168","EC0-PH","Tessellated Darter",49,1.2,0.0791812460476248,1.69019608002851,2022-06-06,"020503010201 Elk Creek"
"1169","EC0-PH","Tessellated Darter",56,1.6,0.204119982655925,1.7481880270062,2022-06-06,"020503010201 Elk Creek"
"1170","EC0-PH","Tessellated Darter",51,1.2,0.0791812460476248,1.70757017609794,2022-06-06,"020503010201 Elk Creek"
"1171","EC0-PH","Blacknose Dace",62,2.8,0.447158031342219,1.79239168949825,2022-06-06,"020503010201 Elk Creek"
"1172","EC0-PH","Tessellated Darter",57,1.6,0.204119982655925,1.75587485567249,2022-06-06,"020503010201 Elk Creek"
"1173","EC0-PH","Tessellated Darter",59,2,0.301029995663981,1.77085201164214,2022-06-06,"020503010201 Elk Creek"
"1174","EC0-PH","Tessellated Darter",61,2.4,0.380211241711606,1.78532983501077,2022-06-06,"020503010201 Elk Creek"
"1175","EC0-PH","Tessellated Darter",46,1.1,0.0413926851582251,1.66275783168157,2022-06-06,"020503010201 Elk Creek"
"1176","EC0-PH","Tessellated Darter",64,2.7,0.431363764158987,1.80617997398389,2022-06-06,"020503010201 Elk Creek"
"1177","EC0-PH","Blacknose Dace",75,4,0.602059991327962,1.8750612633917,2022-06-06,"020503010201 Elk Creek"
"1178","EC0-PH","Longnose Dace",54,1.3,0.113943352306837,1.73239375982297,2022-06-06,"020503010201 Elk Creek"
"1179","EC0-PH","Longnose Dace",67,2.9,0.462397997898956,1.82607480270083,2022-06-06,"020503010201 Elk Creek"
"1180","EC0-PH","Longnose Dace",56,1,0,1.7481880270062,2022-06-06,"020503010201 Elk Creek"
"1181","EC0-PH","White Sucker",290,284,2.45331834004704,2.46239799789896,2022-06-06,"020503010201 Elk Creek"
"1182","EC0-PH","Allegheny Pearl Dace",89,7.4,0.869231719730976,1.94939000664491,2022-06-06,"020503010201 Elk Creek"
"1183","EC0-PH","Allegheny Pearl Dace",87,6.6,0.819543935541869,1.93951925261862,2022-06-06,"020503010201 Elk Creek"
"1184","EC0-PH","Allegheny Pearl Dace",100,9.1,0.959041392321094,2,2022-06-06,"020503010201 Elk Creek"
"1185","EC0-PH","Creek Chub",84,7,0.845098040014257,1.92427928606188,2022-06-06,"020503010201 Elk Creek"
"1186","EC0-PH","Tessellated Darter",52,1.3,0.113943352306837,1.7160033436348,2022-06-06,"020503010201 Elk Creek"
"1187","EC0-PH","Creek Chub",46,1.1,0.0413926851582251,1.66275783168157,2022-06-06,"020503010201 Elk Creek"
"1188","EC0-PH","Creek Chub",40,0.7,-0.154901959985743,1.60205999132796,2022-06-06,"020503010201 Elk Creek"
"1189","EC0-PH","Longnose Dace",52,1.2,0.0791812460476248,1.7160033436348,2022-06-06,"020503010201 Elk Creek"
"1190","EC0-PH","Longnose Dace",59,1.8,0.255272505103306,1.77085201164214,2022-06-06,"020503010201 Elk Creek"
"1191","EC0-PH","Longnose Dace",65,3,0.477121254719662,1.81291335664286,2022-06-06,"020503010201 Elk Creek"
"1192","EC0-SF","Creek Chub",69,3.1,0.491361693834273,1.83884909073726,2022-06-07,"020503010201 Elk Creek"
"1193","EC0-SF","Creek Chub",114,19.7,1.29446622616159,2.05690485133647,2022-06-07,"020503010201 Elk Creek"
"1194","EC0-SF","Blacknose Dace",60,1.9,0.278753600952829,1.77815125038364,2022-06-07,"020503010201 Elk Creek"
"1195","EC0-SF","Creek Chub",61,2.4,0.380211241711606,1.78532983501077,2022-06-07,"020503010201 Elk Creek"
"1196","EC0-SF","Creek Chub",44,0.9,-0.0457574905606751,1.64345267648619,2022-06-07,"020503010201 Elk Creek"
"1197","EC0-SF","Rosyside Dace",41,0.5,-0.301029995663981,1.61278385671974,2022-06-07,"020503010201 Elk Creek"
"1198","EC0-SF","Blacknose Dace",43,0.7,-0.154901959985743,1.63346845557959,2022-06-07,"020503010201 Elk Creek"
"1199","EC0-SF","Blacknose Dace",46,0.9,-0.0457574905606751,1.66275783168157,2022-06-07,"020503010201 Elk Creek"
"1200","EC0-SF","Blacknose Dace",40,0.5,-0.301029995663981,1.60205999132796,2022-06-07,"020503010201 Elk Creek"
"1201","EC0-SF","Blacknose Dace",59,1.9,0.278753600952829,1.77085201164214,2022-06-07,"020503010201 Elk Creek"
"1202","EC0-SF","Common Shiner",82,4.5,0.653212513775344,1.91381385238372,2022-06-07,"020503010201 Elk Creek"
"1203","EC0-SF","Tessellated Darter",63,1.9,0.278753600952829,1.79934054945358,2022-06-07,"020503010201 Elk Creek"
"1204","EC0-SF","Tessellated Darter",44,0.7,-0.154901959985743,1.64345267648619,2022-06-07,"020503010201 Elk Creek"
"1205","EC0-SF","Tessellated Darter",54,1.2,0.0791812460476248,1.73239375982297,2022-06-07,"020503010201 Elk Creek"
"1206","EC0-SF","Allegheny Pearl Dace",88,7,0.845098040014257,1.94448267215017,2022-06-07,"020503010201 Elk Creek"
"1207","EC0-SF","Allegheny Pearl Dace",94,7.5,0.8750612633917,1.9731278535997,2022-06-07,"020503010201 Elk Creek"
"1208","EC0-SF","Tessellated Darter",46,0.8,-0.0969100130080564,1.66275783168157,2022-06-07,"020503010201 Elk Creek"
"1209","EC0-SF","Tessellated Darter",44,0.7,-0.154901959985743,1.64345267648619,2022-06-07,"020503010201 Elk Creek"
"1210","EC0-SF","Tessellated Darter",48,1,0,1.68124123737559,2022-06-07,"020503010201 Elk Creek"
"1211","EC0-SF","Blacknose Dace",59,2.9,0.462397997898956,1.77085201164214,2022-06-07,"020503010201 Elk Creek"
"1212","EC0-SF","Common Shiner",118,18.1,1.25767857486918,2.07188200730613,2022-06-07,"020503010201 Elk Creek"
"1213","EC0-SF","Common Shiner",101,8.2,0.913813852383717,2.00432137378264,2022-06-07,"020503010201 Elk Creek"
"1214","EC0-SF","Common Shiner",90,7.1,0.851258348719075,1.95424250943932,2022-06-07,"020503010201 Elk Creek"
"1215","EC0-SF","Rosyside Dace",43,0.7,-0.154901959985743,1.63346845557959,2022-06-07,"020503010201 Elk Creek"
"1216","EC0-SF","Rosyside Dace",54,1.5,0.176091259055681,1.73239375982297,2022-06-07,"020503010201 Elk Creek"
"1217","EC0-SF","Rosyside Dace",47,0.8,-0.0969100130080564,1.67209785793572,2022-06-07,"020503010201 Elk Creek"
"1218","EC0-SF","Blacknose Dace",56,1.8,0.255272505103306,1.7481880270062,2022-06-07,"020503010201 Elk Creek"
"1219","EC0-SF","Rosyside Dace",39,0.5,-0.301029995663981,1.5910646070265,2022-06-07,"020503010201 Elk Creek"
"1220","EC0-SF","Rosyside Dace",59,1.4,0.146128035678238,1.77085201164214,2022-06-07,"020503010201 Elk Creek"
"1221","EC0-SF","Rosyside Dace",40,0.6,-0.221848749616356,1.60205999132796,2022-06-07,"020503010201 Elk Creek"
"1222","EC0-SF","Blacknose Dace",41,0.6,-0.221848749616356,1.61278385671974,2022-06-07,"020503010201 Elk Creek"
"1223","EC0-SF","Blacknose Dace",69,3.2,0.505149978319906,1.83884909073726,2022-06-07,"020503010201 Elk Creek"
"1224","EC0-SF","Blacknose Dace",46,0.7,-0.154901959985743,1.66275783168157,2022-06-07,"020503010201 Elk Creek"
"1225","EC0-SF","Blacknose Dace",42,0.5,-0.301029995663981,1.6232492903979,2022-06-07,"020503010201 Elk Creek"
"1226","EC0-SF","Blacknose Dace",64,2.7,0.431363764158987,1.80617997398389,2022-06-07,"020503010201 Elk Creek"
"1227","EC0-SF","Blacknose Dace",57,1.8,0.255272505103306,1.75587485567249,2022-06-07,"020503010201 Elk Creek"
"1228","EC0-SF","Blacknose Dace",44,0.9,-0.0457574905606751,1.64345267648619,2022-06-07,"020503010201 Elk Creek"
"1229","EC0-SF","Blacknose Dace",60,1.9,0.278753600952829,1.77815125038364,2022-06-07,"020503010201 Elk Creek"
"1230","EC0-SF","Creek Chub",122,21.8,1.3384564936046,2.08635983067475,2022-06-07,"020503010201 Elk Creek"
"1231","EC0-SF","Creek Chub",181,70.1,1.84571801796666,2.25767857486918,2022-06-07,"020503010201 Elk Creek"
"1232","EC0-SF","Creek Chub",116,19.2,1.28330122870355,2.06445798922692,2022-06-07,"020503010201 Elk Creek"
"1233","EC0-SF","Creek Chub",91,9.9,0.99563519459755,1.95904139232109,2022-06-07,"020503010201 Elk Creek"
"1234","EC0-SF","Creek Chub",56,2.6,0.414973347970818,1.7481880270062,2022-06-07,"020503010201 Elk Creek"
"1235","EC0-SF","Blacknose Dace",41,0.6,-0.221848749616356,1.61278385671974,2022-06-07,"020503010201 Elk Creek"
"1236","EC0-SF","Blacknose Dace",63,2.6,0.414973347970818,1.79934054945358,2022-06-07,"020503010201 Elk Creek"
"1237","EC0-SF","Blacknose Dace",58,1.8,0.255272505103306,1.76342799356294,2022-06-07,"020503010201 Elk Creek"
"1238","EC0-SF","White Sucker",45,0.8,-0.0969100130080564,1.65321251377534,2022-06-07,"020503010201 Elk Creek"
"1239","EC0-SF","White Sucker",60,2.4,0.380211241711606,1.77815125038364,2022-06-07,"020503010201 Elk Creek"
"1240","EC0-SF","White Sucker",50,1.2,0.0791812460476248,1.69897000433602,2022-06-07,"020503010201 Elk Creek"
"1241","EC0-SF","White Sucker",56,1.7,0.230448921378274,1.7481880270062,2022-06-07,"020503010201 Elk Creek"
"1242","EC0-SF","Common Shiner",76,4.1,0.612783856719735,1.88081359228079,2022-06-07,"020503010201 Elk Creek"
"1243","EC0-SF","Allegheny Pearl Dace",92,8,0.903089986991944,1.96378782734556,2022-06-07,"020503010201 Elk Creek"
"1244","EC0-SF","Allegheny Pearl Dace",94,8.2,0.913813852383717,1.9731278535997,2022-06-07,"020503010201 Elk Creek"
"1245","EC0-SF","Allegheny Pearl Dace",96,8.6,0.934498451243568,1.98227123303957,2022-06-07,"020503010201 Elk Creek"
"1246","EC0-SF","Allegheny Pearl Dace",73,4,0.602059991327962,1.86332286012046,2022-06-07,"020503010201 Elk Creek"
"1247","EC0-SF","Creek Chub",74,4.3,0.633468455579587,1.86923171973098,2022-06-07,"020503010201 Elk Creek"
"1248","EC0-SF","Creek Chub",114,13.5,1.13033376849501,2.05690485133647,2022-06-07,"020503010201 Elk Creek"
"1249","EC0-SF","Allegheny Pearl Dace",82,6.9,0.838849090737255,1.91381385238372,2022-06-07,"020503010201 Elk Creek"
"1250","EC0-SF","Rosyside Dace",40,0.7,-0.154901959985743,1.60205999132796,2022-06-07,"020503010201 Elk Creek"
"1251","EC0-SF","Blacknose Dace",61,2.3,0.361727836017593,1.78532983501077,2022-06-07,"020503010201 Elk Creek"
"1252","EC0-SF","Rosyside Dace",58,1.4,0.146128035678238,1.76342799356294,2022-06-07,"020503010201 Elk Creek"
"1253","EC0-SF","Rosyside Dace",40,0.6,-0.221848749616356,1.60205999132796,2022-06-07,"020503010201 Elk Creek"
"1254","EC0-SF","Rosyside Dace",53,1.5,0.176091259055681,1.72427586960079,2022-06-07,"020503010201 Elk Creek"
"1255","EC0-SF","Blacknose Dace",57,1.7,0.230448921378274,1.75587485567249,2022-06-07,"020503010201 Elk Creek"
"1256","EC0-SF","Blacknose Dace",72,3.8,0.57978359661681,1.85733249643127,2022-06-07,"020503010201 Elk Creek"
"1257","EC0-SF","Blacknose Dace",61,2.1,0.322219294733919,1.78532983501077,2022-06-07,"020503010201 Elk Creek"
"1258","EC0-SF","Creek Chub",125,25.6,1.40823996531185,2.09691001300806,2022-06-07,"020503010201 Elk Creek"
"1259","EC0-SF","Creek Chub",130,28.6,1.45636603312904,2.11394335230684,2022-06-07,"020503010201 Elk Creek"
"1260","EC0-SF","Creek Chub",114,13.3,1.12385164096709,2.05690485133647,2022-06-07,"020503010201 Elk Creek"
"1261","EC0-SF","Longnose Dace",59,1.9,0.278753600952829,1.77085201164214,2022-06-07,"020503010201 Elk Creek"
"1262","EC0-SF","Creek Chub",76,5.9,0.770852011642144,1.88081359228079,2022-06-07,"020503010201 Elk Creek"
"1263","EC0-SF","Creek Chub",96,11.7,1.06818586174616,1.98227123303957,2022-06-07,"020503010201 Elk Creek"
"1264","EC0-SF","Rosyside Dace",49,1.2,0.0791812460476248,1.69019608002851,2022-06-07,"020503010201 Elk Creek"
"1265","EC0-SF","Rosyside Dace",42,0.8,-0.0969100130080564,1.6232492903979,2022-06-07,"020503010201 Elk Creek"
"1266","EC0-SF","Tessellated Darter",44,0.8,-0.0969100130080564,1.64345267648619,2022-06-07,"020503010201 Elk Creek"
"1267","EC0-SF","Tessellated Darter",70,2.6,0.414973347970818,1.84509804001426,2022-06-07,"020503010201 Elk Creek"
"1268","EC0-SF","Tessellated Darter",40,0.6,-0.221848749616356,1.60205999132796,2022-06-07,"020503010201 Elk Creek"
"1269","EC0-SF","Tessellated Darter",50,1.3,0.113943352306837,1.69897000433602,2022-06-07,"020503010201 Elk Creek"
"1270","EC0-SF","White Sucker",56,1.8,0.255272505103306,1.7481880270062,2022-06-07,"020503010201 Elk Creek"
"1271","EC0-SF","White Sucker",50,1,0,1.69897000433602,2022-06-07,"020503010201 Elk Creek"
"1272","EC0-SF","White Sucker",43,0.9,-0.0457574905606751,1.63346845557959,2022-06-07,"020503010201 Elk Creek"
"1273","EC0-SF","White Sucker",85,6.2,0.792391689498254,1.92941892571429,2022-06-07,"020503010201 Elk Creek"
"1274","EC0-SF","White Sucker",70,3.9,0.591064607026499,1.84509804001426,2022-06-07,"020503010201 Elk Creek"
"1275","EC0-SF","White Sucker",72,3.6,0.556302500767287,1.85733249643127,2022-06-07,"020503010201 Elk Creek"
"1276","EC0-SF","White Sucker",55,2.1,0.322219294733919,1.74036268949424,2022-06-07,"020503010201 Elk Creek"
"1277","EC0-SF","White Sucker",90,8.2,0.913813852383717,1.95424250943932,2022-06-07,"020503010201 Elk Creek"
"1278","EC0-SF","White Sucker",244,168.5,2.22659990520736,2.38738982633873,2022-06-07,"020503010201 Elk Creek"
"1279","EC0-SF","Longnose Dace",59,1.7,0.230448921378274,1.77085201164214,2022-06-07,"020503010201 Elk Creek"
"1280","EC0-SF","Longnose Dace",80,5.4,0.732393759822969,1.90308998699194,2022-06-07,"020503010201 Elk Creek"
"1281","EC0-SF","Longnose Dace",77,3.4,0.531478917042255,1.88649072517248,2022-06-07,"020503010201 Elk Creek"
"1282","EC0-SF","Creek Chub",52,1.6,0.204119982655925,1.7160033436348,2022-06-07,"020503010201 Elk Creek"
"1283","EC0-SF","White Sucker",49,1.3,0.113943352306837,1.69019608002851,2022-06-07,"020503010201 Elk Creek"
"1284","EC0-SF","Common Shiner",88,6.4,0.806179973983887,1.94448267215017,2022-06-07,"020503010201 Elk Creek"
"1285","EC0-SF","Longnose Dace",60,2,0.301029995663981,1.77815125038364,2022-06-07,"020503010201 Elk Creek"
"1286","EC0-SF","Creek Chub",89,7.5,0.8750612633917,1.94939000664491,2022-06-07,"020503010201 Elk Creek"
"1287","EC0-SF","Longnose Dace",58,1.9,0.278753600952829,1.76342799356294,2022-06-07,"020503010201 Elk Creek"
"1288","EC0-SF","Longnose Dace",83,5.6,0.7481880270062,1.91907809237607,2022-06-07,"020503010201 Elk Creek"
"1289","EC0-SF","Creek Chub",137,35.8,1.55388302664387,2.13672056715641,2022-06-07,"020503010201 Elk Creek"
"1290","EC0-SF","Longnose Dace",55,1.5,0.176091259055681,1.74036268949424,2022-06-07,"020503010201 Elk Creek"
"1291","EC0-SF","Creek Chub",36,0.4,-0.397940008672038,1.55630250076729,2022-06-07,"020503010201 Elk Creek"
"1292","EC0-SF","Creek Chub",38,0.6,-0.221848749616356,1.57978359661681,2022-06-07,"020503010201 Elk Creek"
"1293","EC0-SF","Blacknose Dace",47,0.9,-0.0457574905606751,1.67209785793572,2022-06-07,"020503010201 Elk Creek"
"1294","EC0-SF","Blacknose Dace",68,3.1,0.491361693834273,1.83250891270624,2022-06-07,"020503010201 Elk Creek"
"1295","EC0-SF","Creek Chub",61,2.7,0.431363764158987,1.78532983501077,2022-06-07,"020503010201 Elk Creek"
"1296","EC0-SF","Creek Chub",91,8.8,0.944482672150169,1.95904139232109,2022-06-07,"020503010201 Elk Creek"
"1297","EC0-SF","Creek Chub",67,2.8,0.447158031342219,1.82607480270083,2022-06-07,"020503010201 Elk Creek"
"1298","EC0-SF","Tessellated Darter",47,0.8,-0.0969100130080564,1.67209785793572,2022-06-07,"020503010201 Elk Creek"
"1299","EC0-SF","Tessellated Darter",49,1.2,0.0791812460476248,1.69019608002851,2022-06-07,"020503010201 Elk Creek"
"1300","EC0-SF","White Sucker",110,14.7,1.16731733474818,2.04139268515822,2022-06-07,"020503010201 Elk Creek"
"1301","EC0-SF","White Sucker",355,488,2.68841982200271,2.55022835305509,2022-06-07,"020503010201 Elk Creek"
"1302","EC0-SF","White Sucker",275,230,2.36172783601759,2.43933269383026,2022-06-07,"020503010201 Elk Creek"
"1303","EC0-SF","Rosyside Dace",39,0.4,-0.397940008672038,1.5910646070265,2022-06-07,"020503010201 Elk Creek"
"1304","EC0-SF","Blacknose Dace",56,1.4,0.146128035678238,1.7481880270062,2022-06-07,"020503010201 Elk Creek"
"1305","EC0-SF","Blacknose Dace",40,0.5,-0.301029995663981,1.60205999132796,2022-06-07,"020503010201 Elk Creek"
"1306","EC0-SF","White Sucker",205,104.9,2.02077548819356,2.31175386105575,2022-06-07,"020503010201 Elk Creek"
"1307","EC0-SF","White Sucker",52,1.4,0.146128035678238,1.7160033436348,2022-06-07,"020503010201 Elk Creek"
"1308","EC0-SF","White Sucker",116,19,1.27875360095283,2.06445798922692,2022-06-07,"020503010201 Elk Creek"
"1309","EC0-SF","White Sucker",51,1.8,0.255272505103306,1.70757017609794,2022-06-07,"020503010201 Elk Creek"
"1310","EC0-SF","White Sucker",172,56.1,1.74896286125616,2.23552844690755,2022-06-07,"020503010201 Elk Creek"
"1311","EC0-SF","White Sucker",128,24.2,1.38381536598043,2.10720996964787,2022-06-07,"020503010201 Elk Creek"
"1312","EC0-SF","Tessellated Darter",45,1.1,0.0413926851582251,1.65321251377534,2022-06-07,"020503010201 Elk Creek"
"1313","EC0-SF","Tessellated Darter",54,1.8,0.255272505103306,1.73239375982297,2022-06-07,"020503010201 Elk Creek"
"1314","EC0-SF","Tessellated Darter",48,0.7,-0.154901959985743,1.68124123737559,2022-06-07,"020503010201 Elk Creek"
"1315","EC0-SF","Tessellated Darter",59,2.3,0.361727836017593,1.77085201164214,2022-06-07,"020503010201 Elk Creek"
"1316","EC0-SF","Longnose Dace",70,3.3,0.518513939877887,1.84509804001426,2022-06-07,"020503010201 Elk Creek"
"1317","EC0-SF","Creek Chub",54,1.7,0.230448921378274,1.73239375982297,2022-06-07,"020503010201 Elk Creek"
"1318","EC0-SF","Longnose Dace",57,1,0,1.75587485567249,2022-06-07,"020503010201 Elk Creek"
"1319","EC0-SF","Tessellated Darter",47,0.9,-0.0457574905606751,1.67209785793572,2022-06-07,"020503010201 Elk Creek"
"1320","EC0-SF","Tessellated Darter",53,1.7,0.230448921378274,1.72427586960079,2022-06-07,"020503010201 Elk Creek"
"1321","EC0-SF","Tessellated Darter",54,1.4,0.146128035678238,1.73239375982297,2022-06-07,"020503010201 Elk Creek"
"1322","EC0-SF","Tessellated Darter",55,1.7,0.230448921378274,1.74036268949424,2022-06-07,"020503010201 Elk Creek"
"1323","EC0-SF","Tessellated Darter",54,1.5,0.176091259055681,1.73239375982297,2022-06-07,"020503010201 Elk Creek"
"1324","EC0-SF","Tessellated Darter",50,1.2,0.0791812460476248,1.69897000433602,2022-06-07,"020503010201 Elk Creek"
"1325","EC0-SF","Tessellated Darter",37,0.6,-0.221848749616356,1.56820172406699,2022-06-07,"020503010201 Elk Creek"
"1326","EC0-SF","Tessellated Darter",39,0.6,-0.221848749616356,1.5910646070265,2022-06-07,"020503010201 Elk Creek"
"1327","EC0-SF","Tessellated Darter",62,1.5,0.176091259055681,1.79239168949825,2022-06-07,"020503010201 Elk Creek"
"1328","EC0-SF","Tessellated Darter",50,1.1,0.0413926851582251,1.69897000433602,2022-06-07,"020503010201 Elk Creek"
"1329","EC0-SF","White Sucker",186,71.7,1.8555191556678,2.26951294421792,2022-06-07,"020503010201 Elk Creek"
"1330","EC0-SF","Blacknose Dace",41,0.6,-0.221848749616356,1.61278385671974,2022-06-07,"020503010201 Elk Creek"
"1331","EC0-SF","Blacknose Dace",49,1.2,0.0791812460476248,1.69019608002851,2022-06-07,"020503010201 Elk Creek"
"1332","EC0-SF","Blacknose Dace",40,0.6,-0.221848749616356,1.60205999132796,2022-06-07,"020503010201 Elk Creek"
"1333","EC0-SF","Creek Chub",42,0.9,-0.0457574905606751,1.6232492903979,2022-06-07,"020503010201 Elk Creek"
"1334","EC0-SF","Creek Chub",59,2.4,0.380211241711606,1.77085201164214,2022-06-07,"020503010201 Elk Creek"
"1335","EC0-SF","Creek Chub",30,0.3,-0.522878745280338,1.47712125471966,2022-06-07,"020503010201 Elk Creek"
"1336","EC0-SF","Tessellated Darter",51,1,0,1.70757017609794,2022-06-07,"020503010201 Elk Creek"
"1337","EC0-SF","Tessellated Darter",67,2.7,0.431363764158987,1.82607480270083,2022-06-07,"020503010201 Elk Creek"
"1338","EC0-SF","White Sucker",162,43.5,1.63848925695464,2.20951501454263,2022-06-07,"020503010201 Elk Creek"
"1339","EC0-SF","White Sucker",295,281,2.44870631990508,2.46982201597816,2022-06-07,"020503010201 Elk Creek"
"1340","EC0-SF","White Sucker",149,37,1.56820172406699,2.17318626841227,2022-06-07,"020503010201 Elk Creek"
"1341","EC0-SF","White Sucker",64,2.5,0.397940008672038,1.80617997398389,2022-06-07,"020503010201 Elk Creek"
"1342","EC0-SF","Tessellated Darter",42,0.6,-0.221848749616356,1.6232492903979,2022-06-07,"020503010201 Elk Creek"
"1343","EC0-SF","Blacknose Dace",42,0.7,-0.154901959985743,1.6232492903979,2022-06-07,"020503010201 Elk Creek"
"1344","EC0-SF","White Sucker",269,212,2.32633586092875,2.42975228000241,2022-06-07,"020503010201 Elk Creek"
"1345","EC0-SF","White Sucker",330,420,2.6232492903979,2.51851393987789,2022-06-07,"020503010201 Elk Creek"
"1346","EC0-SF","Tessellated Darter",47,1.1,0.0413926851582251,1.67209785793572,2022-06-07,"020503010201 Elk Creek"
"1347","FlagMarsh.Pigeon","Sculpin spp.",70,3.6,0.556302500767287,1.84509804001426,2023-06-29,"020502060302 Glass Creek-Loyalsock Creek"
"1348","FlagMarsh.Pigeon","Sculpin spp.",70,3.6,0.556302500767287,1.84509804001426,2023-06-29,"020502060302 Glass Creek-Loyalsock Creek"
"1351","FlagMarsh.Pigeon","Sculpin spp.",57,2.2,0.342422680822206,1.75587485567249,2023-06-29,"020502060302 Glass Creek-Loyalsock Creek"
"1353","FlagMarsh.Pigeon","Sculpin spp.",84,6,0.778151250383644,1.92427928606188,2023-06-29,"020502060302 Glass Creek-Loyalsock Creek"
"1354","FlagMarsh.Pigeon","Sculpin spp.",65,3.1,0.491361693834273,1.81291335664286,2023-06-29,"020502060302 Glass Creek-Loyalsock Creek"
"1355","FlagMarsh.Pigeon","Sculpin spp.",48,1.3,0.113943352306837,1.68124123737559,2023-06-29,"020502060302 Glass Creek-Loyalsock Creek"
"1356","FlagMarsh.Pigeon","Sculpin spp.",41,0.8,-0.0969100130080564,1.61278385671974,2023-06-29,"020502060302 Glass Creek-Loyalsock Creek"
"1357","FlagMarsh.Pigeon","Sculpin spp.",78,5.4,0.732393759822969,1.89209460269048,2023-06-29,"020502060302 Glass Creek-Loyalsock Creek"
"1358","FlagMarsh.Pigeon","Sculpin spp.",58,2.2,0.342422680822206,1.76342799356294,2023-06-29,"020502060302 Glass Creek-Loyalsock Creek"
"1361","FlagMarsh.Pigeon","Blacknose Dace",71,3.6,0.556302500767287,1.85125834871908,2023-06-29,"020502060302 Glass Creek-Loyalsock Creek"
"1368","FlagMarsh.Pigeon","Sculpin spp.",82,6.5,0.812913356642856,1.91381385238372,2023-06-29,"020502060302 Glass Creek-Loyalsock Creek"
"1369","FlagMarsh.Pigeon","Blacknose Dace",67,2.6,0.414973347970818,1.82607480270083,2023-06-29,"020502060302 Glass Creek-Loyalsock Creek"
"1370","FlagMarsh.Pigeon","Blacknose Dace",67,2.6,0.414973347970818,1.82607480270083,2023-06-29,"020502060302 Glass Creek-Loyalsock Creek"
"1375","FlagMarsh.Pigeon","Bluegill",45,1.1,0.0413926851582251,1.65321251377534,2023-06-29,"020502060302 Glass Creek-Loyalsock Creek"
"1376","FlagMarsh.Pigeon","Bluegill",46,1.3,0.113943352306837,1.66275783168157,2023-06-29,"020502060302 Glass Creek-Loyalsock Creek"
"1377","FlagMarsh.Pigeon","Bluegill",45,1.3,0.113943352306837,1.65321251377534,2023-06-29,"020502060302 Glass Creek-Loyalsock Creek"
"1378","FlagMarsh.Pigeon","Bluegill",52,1.9,0.278753600952829,1.7160033436348,2023-06-29,"020502060302 Glass Creek-Loyalsock Creek"
"1379","FlagMarsh.Pigeon","Bluegill",55,2.2,0.342422680822206,1.74036268949424,2023-06-29,"020502060302 Glass Creek-Loyalsock Creek"
"1380","FlagMarsh.Pigeon","Bluegill",56,2.6,0.414973347970818,1.7481880270062,2023-06-29,"020502060302 Glass Creek-Loyalsock Creek"
"1381","FlagMarsh.Pigeon","Bluegill",50,1.5,0.176091259055681,1.69897000433602,2023-06-29,"020502060302 Glass Creek-Loyalsock Creek"
"1382","FlagMarsh.Pigeon","Bluegill",48,1.4,0.146128035678238,1.68124123737559,2023-06-29,"020502060302 Glass Creek-Loyalsock Creek"
"1383","FlagMarsh.Pigeon","Bluegill",49,1.8,0.255272505103306,1.69019608002851,2023-06-29,"020502060302 Glass Creek-Loyalsock Creek"
"1384","FlagMarsh.Pigeon","Blacknose Dace",52,1.3,0.113943352306837,1.7160033436348,2023-06-29,"020502060302 Glass Creek-Loyalsock Creek"
"1385","FlagMarsh.Pigeon","Bluegill",54,2.1,0.322219294733919,1.73239375982297,2023-06-29,"020502060302 Glass Creek-Loyalsock Creek"
"1386","FlagMarsh.Pigeon","Bluegill",52,1.9,0.278753600952829,1.7160033436348,2023-06-29,"020502060302 Glass Creek-Loyalsock Creek"
"1387","FlagMarsh.Pigeon","Bluegill",46,1.4,0.146128035678238,1.66275783168157,2023-06-29,"020502060302 Glass Creek-Loyalsock Creek"
"1389","FlagMarsh.Pigeon","Creek Chub",68,3.2,0.505149978319906,1.83250891270624,2023-06-29,"020502060302 Glass Creek-Loyalsock Creek"
"1390","FlagMarsh.Pigeon","Blacknose Dace",81,4.9,0.690196080028514,1.90848501887865,2023-06-29,"020502060302 Glass Creek-Loyalsock Creek"
"1394","FlagMarsh.Pigeon","Sculpin spp.",89,8.5,0.929418925714293,1.94939000664491,2023-06-29,"020502060302 Glass Creek-Loyalsock Creek"
"1395","FlagMarsh.Pigeon","Sculpin spp.",77,5.6,0.7481880270062,1.88649072517248,2023-06-29,"020502060302 Glass Creek-Loyalsock Creek"
"1407","FlagMarsh.Pigeon","Sculpin spp.",62,2.7,0.431363764158987,1.79239168949825,2023-06-29,"020502060302 Glass Creek-Loyalsock Creek"
"1409","FlagMarsh.Pigeon","Sculpin spp.",46,1,0,1.66275783168157,2023-06-29,"020502060302 Glass Creek-Loyalsock Creek"
"1410","FlagMarsh.Pigeon","Sculpin spp.",83,6.3,0.799340549453582,1.91907809237607,2023-06-29,"020502060302 Glass Creek-Loyalsock Creek"
"1411","FlagMarsh.Pigeon","Sculpin spp.",95,11.5,1.06069784035361,1.97772360528885,2023-06-29,"020502060302 Glass Creek-Loyalsock Creek"
"1412","FlagMarsh.Pigeon","Blacknose Dace",50,1,0,1.69897000433602,2023-06-29,"020502060302 Glass Creek-Loyalsock Creek"
"1413","FlagMarsh.Pigeon","Blacknose Dace",74,3.6,0.556302500767287,1.86923171973098,2023-06-29,"020502060302 Glass Creek-Loyalsock Creek"
"1414","FlagMarsh.Pigeon","Blacknose Dace",61,2.3,0.361727836017593,1.78532983501077,2023-06-29,"020502060302 Glass Creek-Loyalsock Creek"
"1421","FlagMarsh.Pigeon","Blacknose Dace",77,3.8,0.57978359661681,1.88649072517248,2023-06-29,"020502060302 Glass Creek-Loyalsock Creek"
"1422","FlagMarsh.Pigeon","Blacknose Dace",61,2.2,0.342422680822206,1.78532983501077,2023-06-29,"020502060302 Glass Creek-Loyalsock Creek"
"1425","FlagMarsh.Pigeon","Blacknose Dace",76,3.6,0.556302500767287,1.88081359228079,2023-06-29,"020502060302 Glass Creek-Loyalsock Creek"
"1426","FlagMarsh.Pigeon","Blacknose Dace",74,3.2,0.505149978319906,1.86923171973098,2023-06-29,"020502060302 Glass Creek-Loyalsock Creek"
"1427","FlagMarsh.Pigeon","Blacknose Dace",60,1.9,0.278753600952829,1.77815125038364,2023-06-29,"020502060302 Glass Creek-Loyalsock Creek"
"1428","FlagMarsh.Pigeon","Creek Chub",79,5,0.698970004336019,1.89762709129044,2023-06-29,"020502060302 Glass Creek-Loyalsock Creek"
"1429","FlagMarsh.Pigeon","Blacknose Dace",65,2.4,0.380211241711606,1.81291335664286,2023-06-29,"020502060302 Glass Creek-Loyalsock Creek"
"1432","FlagMarsh.Pigeon","Blacknose Dace",63,1.9,0.278753600952829,1.79934054945358,2023-06-29,"020502060302 Glass Creek-Loyalsock Creek"
"1433","FlagMarsh.Pigeon","Blacknose Dace",63,2,0.301029995663981,1.79934054945358,2023-06-29,"020502060302 Glass Creek-Loyalsock Creek"
"1442","FlagMarsh.Pigeon","Sculpin spp.",60,2.6,0.414973347970818,1.77815125038364,2023-06-29,"020502060302 Glass Creek-Loyalsock Creek"
"1443","FlagMarsh.Pigeon","Sculpin spp.",54,1.6,0.204119982655925,1.73239375982297,2023-06-29,"020502060302 Glass Creek-Loyalsock Creek"
"1444","FlagMarsh.Pigeon","Sculpin spp.",72,4.8,0.681241237375587,1.85733249643127,2023-06-29,"020502060302 Glass Creek-Loyalsock Creek"
"1445","FlagMarsh.Pigeon","Sculpin spp.",47,1.5,0.176091259055681,1.67209785793572,2023-06-29,"020502060302 Glass Creek-Loyalsock Creek"
"1446","FlagMarsh.Pigeon","Sculpin spp.",72,3.9,0.591064607026499,1.85733249643127,2023-06-29,"020502060302 Glass Creek-Loyalsock Creek"
"1447","FlagMarsh.Pigeon","Sculpin spp.",65,3.2,0.505149978319906,1.81291335664286,2023-06-29,"020502060302 Glass Creek-Loyalsock Creek"
"1448","FlagMarsh.Pigeon","Sculpin spp.",90,9,0.954242509439325,1.95424250943932,2023-06-29,"020502060302 Glass Creek-Loyalsock Creek"
"1449","FlagMarsh.Pigeon","Sculpin spp.",78,5.5,0.740362689494244,1.89209460269048,2023-06-29,"020502060302 Glass Creek-Loyalsock Creek"
"1450","FlagMarsh.Pigeon","Sculpin spp.",67,3.3,0.518513939877887,1.82607480270083,2023-06-29,"020502060302 Glass Creek-Loyalsock Creek"
"1451","FlagMarsh.Pigeon","Sculpin spp.",82,6.4,0.806179973983887,1.91381385238372,2023-06-29,"020502060302 Glass Creek-Loyalsock Creek"
"1454","FlagMarsh.Pigeon","Sculpin spp.",91,9.3,0.968482948553935,1.95904139232109,2023-06-29,"020502060302 Glass Creek-Loyalsock Creek"
"1455","FlagMarsh.Pigeon","Sculpin spp.",78,5.2,0.716003343634799,1.89209460269048,2023-06-29,"020502060302 Glass Creek-Loyalsock Creek"
"1456","FlagMarsh.Pigeon","Bluegill",57,2.3,0.361727836017593,1.75587485567249,2023-06-29,"020502060302 Glass Creek-Loyalsock Creek"
"1457","FlagMarsh.Pigeon","Bluegill",50,1.9,0.278753600952829,1.69897000433602,2023-06-29,"020502060302 Glass Creek-Loyalsock Creek"
"1458","FlagMarsh.Pigeon","Bluegill",51,1.8,0.255272505103306,1.70757017609794,2023-06-29,"020502060302 Glass Creek-Loyalsock Creek"
"1459","FlagMarsh.Pigeon","Bluegill",45,1.6,0.204119982655925,1.65321251377534,2023-06-29,"020502060302 Glass Creek-Loyalsock Creek"
"1460","FlagMarsh.Pigeon","Bluegill",51,2,0.301029995663981,1.70757017609794,2023-06-29,"020502060302 Glass Creek-Loyalsock Creek"
"1461","FlagMarsh.Pigeon","Bluegill",51,2.3,0.361727836017593,1.70757017609794,2023-06-29,"020502060302 Glass Creek-Loyalsock Creek"
"1462","FlagMarsh.Pigeon","Bluegill",48,1.4,0.146128035678238,1.68124123737559,2023-06-29,"020502060302 Glass Creek-Loyalsock Creek"
"1463","FlagMarsh.Pigeon","Bluegill",54,2,0.301029995663981,1.73239375982297,2023-06-29,"020502060302 Glass Creek-Loyalsock Creek"
"1464","FlagMarsh.Pigeon","Blacknose Dace",65,2.7,0.431363764158987,1.81291335664286,2023-06-29,"020502060302 Glass Creek-Loyalsock Creek"
"1465","FlagMarsh.Pigeon","Blacknose Dace",68,2.6,0.414973347970818,1.83250891270624,2023-06-29,"020502060302 Glass Creek-Loyalsock Creek"
"1466","FlagMarsh.Pigeon","Blacknose Dace",65,2.2,0.342422680822206,1.81291335664286,2023-06-29,"020502060302 Glass Creek-Loyalsock Creek"
"1467","FlagMarsh.Pigeon","Creek Chub",99,8.6,0.934498451243568,1.99563519459755,2023-06-29,"020502060302 Glass Creek-Loyalsock Creek"
"1468","FlagMarsh.Pigeon","Blacknose Dace",55,1.5,0.176091259055681,1.74036268949424,2023-06-29,"020502060302 Glass Creek-Loyalsock Creek"
"1470","FlagMarsh.Pigeon","Creek Chub",51,1.2,0.0791812460476248,1.70757017609794,2023-06-29,"020502060302 Glass Creek-Loyalsock Creek"
"1471","FlagMarsh.Pigeon","Creek Chub",126,23.5,1.37106786227174,2.10037054511756,2023-06-29,"020502060302 Glass Creek-Loyalsock Creek"
"1472","FlagMarsh.Pigeon","Bluegill",50,2,0.301029995663981,1.69897000433602,2023-06-29,"020502060302 Glass Creek-Loyalsock Creek"
"1473","FlagMarsh.Pigeon","Bluegill",47,1.9,0.278753600952829,1.67209785793572,2023-06-29,"020502060302 Glass Creek-Loyalsock Creek"
"1474","FlagMarsh.Pigeon","Bluegill",56,2.8,0.447158031342219,1.7481880270062,2023-06-29,"020502060302 Glass Creek-Loyalsock Creek"
"1475","FlagMarsh.Pigeon","Bluegill",54,2.1,0.322219294733919,1.73239375982297,2023-06-29,"020502060302 Glass Creek-Loyalsock Creek"
"1476","FlagMarsh.Pigeon","Blacknose Dace",63,2.5,0.397940008672038,1.79934054945358,2023-06-29,"020502060302 Glass Creek-Loyalsock Creek"
"1477","FlagMarsh.Pigeon","Sculpin spp.",78,5.4,0.732393759822969,1.89209460269048,2023-06-29,"020502060302 Glass Creek-Loyalsock Creek"
"1479","FlagMarsh.Pigeon","Blacknose Dace",85,5,0.698970004336019,1.92941892571429,2023-06-29,"020502060302 Glass Creek-Loyalsock Creek"
"1480","FlagMarsh.Pigeon","Blacknose Dace",65,2.2,0.342422680822206,1.81291335664286,2023-06-29,"020502060302 Glass Creek-Loyalsock Creek"
"1481","FlagMarsh.Pigeon","Blacknose Dace",72,3.6,0.556302500767287,1.85733249643127,2023-06-29,"020502060302 Glass Creek-Loyalsock Creek"
"1482","FlagMarsh.Pigeon","Blacknose Dace",71,3.4,0.531478917042255,1.85125834871908,2023-06-29,"020502060302 Glass Creek-Loyalsock Creek"
"1483","FlagMarsh.Pigeon","Blacknose Dace",72,3.4,0.531478917042255,1.85733249643127,2023-06-29,"020502060302 Glass Creek-Loyalsock Creek"
"1484","FlagMarsh.Pigeon","Blacknose Dace",72,3.2,0.505149978319906,1.85733249643127,2023-06-29,"020502060302 Glass Creek-Loyalsock Creek"
"1485","FlagMarsh.Pigeon","Sculpin spp.",62,2.4,0.380211241711606,1.79239168949825,2023-06-29,"020502060302 Glass Creek-Loyalsock Creek"
"1486","FlagMarsh.Pigeon","Blacknose Dace",64,2.3,0.361727836017593,1.80617997398389,2023-06-29,"020502060302 Glass Creek-Loyalsock Creek"
"1487","FlagMarsh.Pigeon","Blacknose Dace",64,2.2,0.342422680822206,1.80617997398389,2023-06-29,"020502060302 Glass Creek-Loyalsock Creek"
"1489","FlagMarsh.Pigeon","Bluegill",45,1.1,0.0413926851582251,1.65321251377534,2023-06-29,"020502060302 Glass Creek-Loyalsock Creek"
"1490","FlagMarsh.Pigeon","Bluegill",53,2,0.301029995663981,1.72427586960079,2023-06-29,"020502060302 Glass Creek-Loyalsock Creek"
"1491","FlagMarsh.Pigeon","Bluegill",47,1.3,0.113943352306837,1.67209785793572,2023-06-29,"020502060302 Glass Creek-Loyalsock Creek"
"1492","FlagMarsh.Pigeon","Bluegill",45,1.5,0.176091259055681,1.65321251377534,2023-06-29,"020502060302 Glass Creek-Loyalsock Creek"
"1495","FlagMarsh.Pigeon","Blacknose Dace",63,2.3,0.361727836017593,1.79934054945358,2023-06-29,"020502060302 Glass Creek-Loyalsock Creek"
"1496","FlagMarsh.Pigeon","Bluegill",56,2.5,0.397940008672038,1.7481880270062,2023-06-29,"020502060302 Glass Creek-Loyalsock Creek"
"1497","FlagMarsh.Pigeon","Creek Chub",76,4.4,0.643452676486187,1.88081359228079,2023-06-29,"020502060302 Glass Creek-Loyalsock Creek"
"1498","FlagMarsh.Pigeon","Bluegill",51,1.6,0.204119982655925,1.70757017609794,2023-06-29,"020502060302 Glass Creek-Loyalsock Creek"
"1503","FO0-WD","Sculpin spp.",84,6,0.778151250383644,1.92427928606188,2022-06-16,"020502061201 White Deer Creek"
"1504","FO0-WD","Sculpin spp.",86,8.1,0.90848501887865,1.93449845124357,2022-06-16,"020502061201 White Deer Creek"
"1505","FO0-WD","Sculpin spp.",76,5.5,0.740362689494244,1.88081359228079,2022-06-16,"020502061201 White Deer Creek"
"1506","FO0-WD","Sculpin spp.",44,1,0,1.64345267648619,2022-06-16,"020502061201 White Deer Creek"
"1507","FO0-WD","Sculpin spp.",86,5.1,0.707570176097936,1.93449845124357,2022-06-16,"020502061201 White Deer Creek"
"1508","FO0-WD","Sculpin spp.",83,6.1,0.785329835010767,1.91907809237607,2022-06-16,"020502061201 White Deer Creek"
"1509","FO0-WD","Sculpin spp.",90,6.8,0.832508912706236,1.95424250943932,2022-06-16,"020502061201 White Deer Creek"
"1510","FO0-WD","Sculpin spp.",53,1.6,0.204119982655925,1.72427586960079,2022-06-16,"020502061201 White Deer Creek"
"1511","FO0-WD","Sculpin spp.",53,1.4,0.146128035678238,1.72427586960079,2022-06-16,"020502061201 White Deer Creek"
"1512","FO0-WD","Sculpin spp.",60,3.1,0.491361693834273,1.77815125038364,2022-06-16,"020502061201 White Deer Creek"
"1513","FO0-WD","Sculpin spp.",69,3.9,0.591064607026499,1.83884909073726,2022-06-16,"020502061201 White Deer Creek"
"1514","FO0-WD","Sculpin spp.",76,3.9,0.591064607026499,1.88081359228079,2022-06-16,"020502061201 White Deer Creek"
"1515","FO0-WD","Sculpin spp.",51,1.2,0.0791812460476248,1.70757017609794,2022-06-16,"020502061201 White Deer Creek"
"1516","FO0-WD","Sculpin spp.",81,5.1,0.707570176097936,1.90848501887865,2022-06-16,"020502061201 White Deer Creek"
"1517","FO0-WD","Sculpin spp.",75,4.7,0.672097857935718,1.8750612633917,2022-06-16,"020502061201 White Deer Creek"
"1518","FO0-WD","Sculpin spp.",74,4.4,0.643452676486187,1.86923171973098,2022-06-16,"020502061201 White Deer Creek"
"1519","FO0-WD","Sculpin spp.",82,5.5,0.740362689494244,1.91381385238372,2022-06-16,"020502061201 White Deer Creek"
"1520","FO0-WD","Sculpin spp.",61,2.5,0.397940008672038,1.78532983501077,2022-06-16,"020502061201 White Deer Creek"
"1521","FO0-WD","Sculpin spp.",72,4,0.602059991327962,1.85733249643127,2022-06-16,"020502061201 White Deer Creek"
"1522","FO0-WD","Sculpin spp.",71,3.92,0.593286067020457,1.85125834871908,2024-06-12,"020502061201 White Deer Creek"
"1523","FO0-WD","Sculpin spp.",66,2.37,0.374748346010104,1.81954393554187,2024-06-12,"020502061201 White Deer Creek"
"1524","FO0-WD","Sculpin spp.",74,4.14,0.617000341120899,1.86923171973098,2024-06-12,"020502061201 White Deer Creek"
"1525","FO0-WD","Sculpin spp.",74,3.88,0.588831725594207,1.86923171973098,2024-06-12,"020502061201 White Deer Creek"
"1526","FO0-WD","Sculpin spp.",57,2.04,0.309630167425899,1.75587485567249,2024-06-12,"020502061201 White Deer Creek"
"1527","FO0-WD","Sculpin spp.",68,3.67,0.564666064252089,1.83250891270624,2024-06-12,"020502061201 White Deer Creek"
"1528","FO0-WD","Sculpin spp.",68,3.72,0.570542939881898,1.83250891270624,2024-06-12,"020502061201 White Deer Creek"
"1529","FO0-WD","Sculpin spp.",87,8.9,0.949390006644913,1.93951925261862,2022-06-16,"020502061201 White Deer Creek"
"1530","FO0-WD","Sculpin spp.",50,1.2,0.0791812460476248,1.69897000433602,2022-06-16,"020502061201 White Deer Creek"
"1531","FO0-WD","Sculpin spp.",49,1.1,0.0413926851582251,1.69019608002851,2022-06-16,"020502061201 White Deer Creek"
"1532","FO0-WD","Sculpin spp.",81,5.3,0.724275869600789,1.90848501887865,2022-06-16,"020502061201 White Deer Creek"
"1533","FO0-WD","Sculpin spp.",83,5.8,0.763427993562937,1.91907809237607,2022-06-16,"020502061201 White Deer Creek"
"1534","FO0-WD","Sculpin spp.",59,2.1,0.322219294733919,1.77085201164214,2022-06-16,"020502061201 White Deer Creek"
"1535","FO0-WD","Sculpin spp.",63,2.9,0.462397997898956,1.79934054945358,2023-06-21,"020502061201 White Deer Creek"
"1536","FO0-WD","Sculpin spp.",53,1.8,0.255272505103306,1.72427586960079,2023-06-21,"020502061201 White Deer Creek"
"1537","FO0-WD","Sculpin spp.",54,1.4,0.146128035678238,1.73239375982297,2023-06-21,"020502061201 White Deer Creek"
"1538","FO0-WD","Sculpin spp.",68,3.2,0.505149978319906,1.83250891270624,2023-06-21,"020502061201 White Deer Creek"
"1539","FO0-WD","Sculpin spp.",82,5.6,0.7481880270062,1.91381385238372,2022-06-16,"020502061201 White Deer Creek"
"1540","FO0-WD","Sculpin spp.",51,1.3,0.113943352306837,1.70757017609794,2022-06-16,"020502061201 White Deer Creek"
"1541","FO0-WD","Sculpin spp.",82,5.4,0.732393759822969,1.91381385238372,2022-06-16,"020502061201 White Deer Creek"
"1542","FO0-WD","Sculpin spp.",70,4.2,0.6232492903979,1.84509804001426,2022-06-16,"020502061201 White Deer Creek"
"1543","FO0-WD","Sculpin spp.",66,2.96,0.471291711058939,1.81954393554187,2024-06-12,"020502061201 White Deer Creek"
"1544","FO0-WD","Sculpin spp.",77,4.48,0.651278013998144,1.88649072517248,2024-06-12,"020502061201 White Deer Creek"
"1545","FO0-WD","Sculpin spp.",62,2.41,0.382017042574868,1.79239168949825,2024-06-12,"020502061201 White Deer Creek"
"1546","FO0-WD","Sculpin spp.",71,3.54,0.549003262025788,1.85125834871908,2024-06-12,"020502061201 White Deer Creek"
"1547","FO0-WD","Sculpin spp.",72,3.72,0.570542939881898,1.85733249643127,2024-06-12,"020502061201 White Deer Creek"
"1548","FO0-WD","Sculpin spp.",75,4.54,0.657055852857104,1.8750612633917,2024-06-12,"020502061201 White Deer Creek"
"1549","FO0-WD","Sculpin spp.",51,1.03,0.0128372247051722,1.70757017609794,2024-06-12,"020502061201 White Deer Creek"
"1550","FO0-WD","Sculpin spp.",102,11.28,1.05230909964732,2.00860017176192,2024-06-12,"020502061201 White Deer Creek"
"1551","FO0-WD","Sculpin spp.",71,4.07,0.60959440922522,1.85125834871908,2024-06-12,"020502061201 White Deer Creek"
"1552","FO0-WD","Sculpin spp.",66,3.03,0.481442628502305,1.81954393554187,2024-06-12,"020502061201 White Deer Creek"
"1553","FO0-WD","Sculpin spp.",67,3.1,0.491361693834273,1.82607480270083,2024-06-12,"020502061201 White Deer Creek"
"1554","FO0-WD","Sculpin spp.",66,3.4,0.531478917042255,1.81954393554187,2022-06-16,"020502061201 White Deer Creek"
"1555","FO0-WD","Sculpin spp.",73,4.73,0.674861140737812,1.86332286012046,2024-06-12,"020502061201 White Deer Creek"
"1556","FO0-WD","Sculpin spp.",84,6.01,0.77887447200274,1.92427928606188,2024-06-12,"020502061201 White Deer Creek"
"1557","FO0-WD","Sculpin spp.",73,3.67,0.564666064252089,1.86332286012046,2024-06-12,"020502061201 White Deer Creek"
"1558","FO0-WD","Sculpin spp.",69,3.34,0.523746466811564,1.83884909073726,2024-06-12,"020502061201 White Deer Creek"
"1559","FO0-WD","Sculpin spp.",66,2.67,0.426511261364575,1.81954393554187,2024-06-12,"020502061201 White Deer Creek"
"1560","FO0-WD","Sculpin spp.",63,2.59,0.413299764081252,1.79934054945358,2024-06-12,"020502061201 White Deer Creek"
"1561","FO0-WD","Sculpin spp.",70,3.89,0.589949601325708,1.84509804001426,2024-06-12,"020502061201 White Deer Creek"
"1562","FO0-WD","Sculpin spp.",79,4.76,0.677606952720493,1.89762709129044,2025-06-04,"020502061201 White Deer Creek"
"1563","FO0-WD","Sculpin spp.",66,2.76,0.440909082065218,1.81954393554187,2025-06-04,"020502061201 White Deer Creek"
"1564","FO0-WD","Sculpin spp.",75,4.18,0.621176281775035,1.8750612633917,2025-06-04,"020502061201 White Deer Creek"
"1565","FO0-WD","Sculpin spp.",77,4.68,0.670245853074124,1.88649072517248,2025-06-04,"020502061201 White Deer Creek"
"1566","FO0-WD","Sculpin spp.",78,5.22,0.717670503002262,1.89209460269048,2025-06-04,"020502061201 White Deer Creek"
"1567","FO0-WD","Sculpin spp.",81,5.3,0.724275869600789,1.90848501887865,2025-06-04,"020502061201 White Deer Creek"
"1568","FO0-WD","Sculpin spp.",70,3.54,0.549003262025788,1.84509804001426,2025-06-04,"020502061201 White Deer Creek"
"1569","FO0-WD","Sculpin spp.",67,2.67,0.426511261364575,1.82607480270083,2024-06-12,"020502061201 White Deer Creek"
"1570","FO0-WD","Sculpin spp.",51,1.34,0.127104798364808,1.70757017609794,2024-06-12,"020502061201 White Deer Creek"
"1571","FO0-WD","Sculpin spp.",77,4.56,0.658964842664435,1.88649072517248,2025-06-04,"020502061201 White Deer Creek"
"1572","FO0-WD","Sculpin spp.",78,5.02,0.700703717145019,1.89209460269048,2025-06-04,"020502061201 White Deer Creek"
"1573","FO0-WD","Sculpin spp.",87,7.3,0.863322860120456,1.93951925261862,2023-06-21,"020502061201 White Deer Creek"
"1574","FO0-WD","Sculpin spp.",77,5.3,0.724275869600789,1.88649072517248,2023-06-21,"020502061201 White Deer Creek"
"1575","FO0-WD","Sculpin spp.",46,1.01,0.00432137378264258,1.66275783168157,2025-06-04,"020502061201 White Deer Creek"
"1576","FO0-WD","Sculpin spp.",64,2.84,0.453318340047038,1.80617997398389,2025-06-04,"020502061201 White Deer Creek"
"1577","FO0-WD","Sculpin spp.",75,4.61,0.663700925389648,1.8750612633917,2025-06-04,"020502061201 White Deer Creek"
"1578","FO0-WD","Sculpin spp.",78,5.55,0.744292983122676,1.89209460269048,2025-06-04,"020502061201 White Deer Creek"
"1579","FO0-WD","Sculpin spp.",57,1.9,0.278753600952829,1.75587485567249,2023-06-21,"020502061201 White Deer Creek"
"1580","FO0-WD","Sculpin spp.",84,5.9,0.770852011642144,1.92427928606188,2023-06-21,"020502061201 White Deer Creek"
"1581","FO0-WD","Sculpin spp.",44,0.9,-0.0457574905606751,1.64345267648619,2023-06-21,"020502061201 White Deer Creek"
"1582","FO0-WD","Sculpin spp.",46,1,0,1.66275783168157,2023-06-21,"020502061201 White Deer Creek"
"1583","FO0-WD","Sculpin spp.",52,1.3,0.113943352306837,1.7160033436348,2023-06-21,"020502061201 White Deer Creek"
"1584","FO0-WD","Sculpin spp.",85,6.7,0.826074802700826,1.92941892571429,2023-06-21,"020502061201 White Deer Creek"
"1585","FO0-WD","Sculpin spp.",59,1.94,0.287801729930226,1.77085201164214,2025-06-04,"020502061201 White Deer Creek"
"1586","FO0-WD","Sculpin spp.",72,4.01,0.603144372620182,1.85733249643127,2025-06-04,"020502061201 White Deer Creek"
"1587","FO0-WD","Sculpin spp.",75,4.91,0.691081492122968,1.8750612633917,2025-06-04,"020502061201 White Deer Creek"
"1588","FO0-WD","Sculpin spp.",75,4.12,0.614897216033135,1.8750612633917,2025-06-04,"020502061201 White Deer Creek"
"1589","FO0-WD","Sculpin spp.",87,7.2,0.857332496431269,1.93951925261862,2023-06-21,"020502061201 White Deer Creek"
"1590","FO0-WD","Sculpin spp.",72,4,0.602059991327962,1.85733249643127,2023-06-21,"020502061201 White Deer Creek"
"1591","FO0-WD","Sculpin spp.",50,1.3,0.113943352306837,1.69897000433602,2023-06-21,"020502061201 White Deer Creek"
"1592","FO0-WD","Sculpin spp.",90,6.16,0.789580712164425,1.95424250943932,2025-06-04,"020502061201 White Deer Creek"
"1593","FO0-WD","Sculpin spp.",70,3.7,0.568201724066995,1.84509804001426,2025-06-04,"020502061201 White Deer Creek"
"1594","FO0-WD","Sculpin spp.",60,2.32,0.3654879848909,1.77815125038364,2024-06-12,"020502061201 White Deer Creek"
"1595","FO0-WD","Sculpin spp.",55,1.49,0.173186268412274,1.74036268949424,2024-06-12,"020502061201 White Deer Creek"
"1596","FO0-WD","Sculpin spp.",80,5.56,0.745074791582057,1.90308998699194,2024-06-12,"020502061201 White Deer Creek"
"1597","FO0-WD","Sculpin spp.",81,5.3,0.724275869600789,1.90848501887865,2025-06-04,"020502061201 White Deer Creek"
"1598","FO0-WD","Sculpin spp.",70,3.51,0.545307116465824,1.84509804001426,2025-06-04,"020502061201 White Deer Creek"
"1599","FO0-WD","Sculpin spp.",67,3.44,0.53655844257153,1.82607480270083,2025-06-04,"020502061201 White Deer Creek"
"1600","FO0-WD","Sculpin spp.",69,3.5,0.544068044350276,1.83884909073726,2025-06-04,"020502061201 White Deer Creek"
"1601","FO0-WD","Sculpin spp.",87,6.8,0.832508912706236,1.93951925261862,2023-06-21,"020502061201 White Deer Creek"
"1602","FO0-WD","Sculpin spp.",80,7.1,0.851258348719075,1.90308998699194,2023-06-21,"020502061201 White Deer Creek"
"1603","FO0-WD","Sculpin spp.",88,7.9,0.897627091290441,1.94448267215017,2023-06-21,"020502061201 White Deer Creek"
"1604","FO0-WD","Sculpin spp.",82,6.8,0.832508912706236,1.91381385238372,2023-06-21,"020502061201 White Deer Creek"
"1605","FO0-WD","Sculpin spp.",53,1.5,0.176091259055681,1.72427586960079,2023-06-21,"020502061201 White Deer Creek"
"1606","FO0-WD","Sculpin spp.",46,1,0,1.66275783168157,2023-06-21,"020502061201 White Deer Creek"
"1607","FO0-WD","Sculpin spp.",79,5.04,0.702430536445525,1.89762709129044,2025-06-04,"020502061201 White Deer Creek"
"1608","FO0-WD","Sculpin spp.",80,5.3,0.724275869600789,1.90308998699194,2023-06-21,"020502061201 White Deer Creek"
"1609","FO0-WD","Sculpin spp.",85,7.43,0.870988813760575,1.92941892571429,2025-06-04,"020502061201 White Deer Creek"
"1610","FO0-WD","Sculpin spp.",69,3.1,0.491361693834273,1.83884909073726,2025-06-04,"020502061201 White Deer Creek"
"1611","FO0-WD","Sculpin spp.",72,4.04,0.606381365110605,1.85733249643127,2025-06-04,"020502061201 White Deer Creek"
"1612","FO0-WD","Sculpin spp.",82,6.31,0.800029359244134,1.91381385238372,2025-06-04,"020502061201 White Deer Creek"
"1613","FO0-WD","Sculpin spp.",53,1.6,0.204119982655925,1.72427586960079,2023-06-21,"020502061201 White Deer Creek"
"1614","FO0-WD","Sculpin spp.",79,5.9,0.770852011642144,1.89762709129044,2023-06-21,"020502061201 White Deer Creek"
"1615","FO0-WD","Sculpin spp.",52,1.3,0.113943352306837,1.7160033436348,2023-06-21,"020502061201 White Deer Creek"
"1616","FO0-WD","Sculpin spp.",89,8.1,0.90848501887865,1.94939000664491,2023-06-21,"020502061201 White Deer Creek"
"1617","FO0-WD","Sculpin spp.",75,4.32,0.635483746814912,1.8750612633917,2025-06-04,"020502061201 White Deer Creek"
"1618","FO0-WD","Sculpin spp.",72,4.1,0.612783856719735,1.85733249643127,2025-06-04,"020502061201 White Deer Creek"
"1619","FO0-WD","Sculpin spp.",49,1.3,0.113943352306837,1.69019608002851,2023-06-21,"020502061201 White Deer Creek"
"1620","FO0-WD","Sculpin spp.",77,5.9,0.770852011642144,1.88649072517248,2023-06-21,"020502061201 White Deer Creek"
"1621","FO0-WD","Sculpin spp.",70,4.2,0.6232492903979,1.84509804001426,2023-06-21,"020502061201 White Deer Creek"
"1622","FO0-WD","Sculpin spp.",79,5.8,0.763427993562937,1.89762709129044,2023-06-21,"020502061201 White Deer Creek"
"1623","FO0-YR","Sculpin spp.",67,2,0.301029995663981,1.82607480270083,2022-06-16,"020502061002 Rapid Run"
"1624","FO0-YR","Sculpin spp.",81,5.2,0.716003343634799,1.90848501887865,2022-06-16,"020502061002 Rapid Run"
"1625","FO0-YR","Sculpin spp.",55,1.7,0.230448921378274,1.74036268949424,2022-06-16,"020502061002 Rapid Run"
"1626","FO0-YR","Sculpin spp.",74,2.3,0.361727836017593,1.86923171973098,2022-06-16,"020502061002 Rapid Run"
"1627","FO0-YR","Sculpin spp.",47,1,0,1.67209785793572,2022-06-16,"020502061002 Rapid Run"
"1628","FO0-YR","Sculpin spp.",75,4.8,0.681241237375587,1.8750612633917,2022-06-16,"020502061002 Rapid Run"
"1629","FO0-YR","Sculpin spp.",79,3.2,0.505149978319906,1.89762709129044,2022-06-16,"020502061002 Rapid Run"
"1630","FO0-YR","Sculpin spp.",78,2.8,0.447158031342219,1.89209460269048,2022-06-16,"020502061002 Rapid Run"
"1631","FO0-YR","Sculpin spp.",85,3.9,0.591064607026499,1.92941892571429,2022-06-16,"020502061002 Rapid Run"
"1632","FO0-YR","Sculpin spp.",61,2.3,0.361727836017593,1.78532983501077,2022-06-16,"020502061002 Rapid Run"
"1633","FO0-YR","Sculpin spp.",52,1.6,0.204119982655925,1.7160033436348,2022-06-16,"020502061002 Rapid Run"
"1634","FO0-YR","Sculpin spp.",60,2.2,0.342422680822206,1.77815125038364,2022-06-16,"020502061002 Rapid Run"
"1635","FO0-YR","Sculpin spp.",46,1,0,1.66275783168157,2022-06-16,"020502061002 Rapid Run"
"1636","FO0-YR","Sculpin spp.",75,2.6,0.414973347970818,1.8750612633917,2022-06-16,"020502061002 Rapid Run"
"1637","FO0-YR","Sculpin spp.",92,3.9,0.591064607026499,1.96378782734556,2022-06-16,"020502061002 Rapid Run"
"1638","FO0-YR","Sculpin spp.",72,1.8,0.255272505103306,1.85733249643127,2022-06-16,"020502061002 Rapid Run"
"1639","FO0-YR","Sculpin spp.",67,3.4,0.531478917042255,1.82607480270083,2022-06-16,"020502061002 Rapid Run"
"1640","FO0-YR","Sculpin spp.",71,3.9,0.591064607026499,1.85125834871908,2022-06-16,"020502061002 Rapid Run"
"1641","FO0-YR","Sculpin spp.",39,0.5,-0.301029995663981,1.5910646070265,2022-06-16,"020502061002 Rapid Run"
"1642","FO0-YR","Sculpin spp.",75,4.1,0.612783856719735,1.8750612633917,2022-06-16,"020502061002 Rapid Run"
"1643","FO0-YR","Sculpin spp.",60,2.4,0.380211241711606,1.77815125038364,2022-06-16,"020502061002 Rapid Run"
"1644","FO0-YR","Sculpin spp.",75,3.9,0.591064607026499,1.8750612633917,2022-06-16,"020502061002 Rapid Run"
"1645","FO0-YR","Sculpin spp.",42,0.7,-0.154901959985743,1.6232492903979,2022-06-16,"020502061002 Rapid Run"
"1646","FO0-YR","Sculpin spp.",77,5,0.698970004336019,1.88649072517248,2022-06-16,"020502061002 Rapid Run"
"1647","FO0-YR","Sculpin spp.",76,2.6,0.414973347970818,1.88081359228079,2022-06-16,"020502061002 Rapid Run"
"1648","FO0-YR","Sculpin spp.",82,5.7,0.755874855672491,1.91381385238372,2022-06-16,"020502061002 Rapid Run"
"1649","FO0-YR","Sculpin spp.",98,5.7,0.755874855672491,1.99122607569249,2022-06-16,"020502061002 Rapid Run"
"1650","FO0-YR","Sculpin spp.",61,2.2,0.342422680822206,1.78532983501077,2022-06-16,"020502061002 Rapid Run"
"1651","FO0-YR","Sculpin spp.",44,1,0,1.64345267648619,2022-06-16,"020502061002 Rapid Run"
"1652","FO0-YR","Sculpin spp.",79,5.6,0.7481880270062,1.89762709129044,2022-06-16,"020502061002 Rapid Run"
"1653","Glass.Loyalsock","Creek Chub",103,8.5,0.929418925714293,2.01283722470517,2022-06-29,"020502060302 Glass Creek-Loyalsock Creek"
"1654","Glass.Loyalsock","Creek Chub",67,2.4,0.380211241711606,1.82607480270083,2022-06-29,"020502060302 Glass Creek-Loyalsock Creek"
"1655","Glass.Loyalsock","Creek Chub",66,2.5,0.397940008672038,1.81954393554187,2022-06-29,"020502060302 Glass Creek-Loyalsock Creek"
"1656","Glass.Loyalsock","Creek Chub",76,4.4,0.643452676486187,1.88081359228079,2022-06-29,"020502060302 Glass Creek-Loyalsock Creek"
"1657","Glass.Loyalsock","Creek Chub",71,3.5,0.544068044350276,1.85125834871908,2022-06-29,"020502060302 Glass Creek-Loyalsock Creek"
"1658","Glass.Loyalsock","Creek Chub",68,3.3,0.518513939877887,1.83250891270624,2022-06-29,"020502060302 Glass Creek-Loyalsock Creek"
"1659","Glass.Loyalsock","Creek Chub",90,6.2,0.792391689498254,1.95424250943932,2022-06-29,"020502060302 Glass Creek-Loyalsock Creek"
"1660","Glass.Loyalsock","Creek Chub",67,2.9,0.462397997898956,1.82607480270083,2022-06-29,"020502060302 Glass Creek-Loyalsock Creek"
"1661","Glass.Loyalsock","Creek Chub",71,2.9,0.462397997898956,1.85125834871908,2022-06-29,"020502060302 Glass Creek-Loyalsock Creek"
"1662","Glass.Loyalsock","Creek Chub",75,4.1,0.612783856719735,1.8750612633917,2022-06-29,"020502060302 Glass Creek-Loyalsock Creek"
"1663","Glass.Loyalsock","Blacknose Dace",70,3.3,0.518513939877887,1.84509804001426,2022-06-29,"020502060302 Glass Creek-Loyalsock Creek"
"1664","Glass.Loyalsock","Blacknose Dace",76,3.6,0.556302500767287,1.88081359228079,2022-06-29,"020502060302 Glass Creek-Loyalsock Creek"
"1665","Glass.Loyalsock","Blacknose Dace",73,3.4,0.531478917042255,1.86332286012046,2022-06-29,"020502060302 Glass Creek-Loyalsock Creek"
"1666","Glass.Loyalsock","Creek Chub",60,2.2,0.342422680822206,1.77815125038364,2022-06-29,"020502060302 Glass Creek-Loyalsock Creek"
"1667","Glass.Loyalsock","Blacknose Dace",56,1.47,0.167317334748176,1.7481880270062,2025-06-25,"020502060302 Glass Creek-Loyalsock Creek"
"1668","Glass.Loyalsock","Blacknose Dace",60,1.83,0.262451089730429,1.77815125038364,2025-06-25,"020502060302 Glass Creek-Loyalsock Creek"
"1669","Glass.Loyalsock","Blacknose Dace",59,1.76,0.24551266781415,1.77085201164214,2025-06-25,"020502060302 Glass Creek-Loyalsock Creek"
"1670","Glass.Loyalsock","Creek Chub",74,3.8,0.57978359661681,1.86923171973098,2022-06-29,"020502060302 Glass Creek-Loyalsock Creek"
"1671","Glass.Loyalsock","Blacknose Dace",64,2.8,0.447158031342219,1.80617997398389,2022-06-29,"020502060302 Glass Creek-Loyalsock Creek"
"1672","Glass.Loyalsock","Blacknose Dace",59,1.87,0.271841606536499,1.77085201164214,2025-06-25,"020502060302 Glass Creek-Loyalsock Creek"
"1673","Glass.Loyalsock","Creek Chub",78,4.9,0.690196080028514,1.89209460269048,2022-06-29,"020502060302 Glass Creek-Loyalsock Creek"
"1674","Glass.Loyalsock","Blacknose Dace",70,2.8,0.447158031342219,1.84509804001426,2022-06-29,"020502060302 Glass Creek-Loyalsock Creek"
"1675","Glass.Loyalsock","Creek Chub",85,5.9,0.770852011642144,1.92941892571429,2022-06-29,"020502060302 Glass Creek-Loyalsock Creek"
"1676","Glass.Loyalsock","Creek Chub",75,3.9,0.591064607026499,1.8750612633917,2022-06-29,"020502060302 Glass Creek-Loyalsock Creek"
"1677","Glass.Loyalsock","Blacknose Dace",63,2.23,0.348304863048161,1.79934054945358,2025-06-25,"020502060302 Glass Creek-Loyalsock Creek"
"1678","Glass.Loyalsock","Blacknose Dace",60,1.92,0.28330122870355,1.77815125038364,2025-06-25,"020502060302 Glass Creek-Loyalsock Creek"
"1679","Glass.Loyalsock","Blacknose Dace",60,1.92,0.28330122870355,1.77815125038364,2025-06-25,"020502060302 Glass Creek-Loyalsock Creek"
"1680","Glass.Loyalsock","Blacknose Dace",69,2.56,0.40823996531185,1.83884909073726,2025-06-25,"020502060302 Glass Creek-Loyalsock Creek"
"1681","Glass.Loyalsock","Blacknose Dace",61,1.93,0.285557309007774,1.78532983501077,2025-06-25,"020502060302 Glass Creek-Loyalsock Creek"
"1682","Glass.Loyalsock","Blacknose Dace",63,2.29,0.359835482339888,1.79934054945358,2025-06-25,"020502060302 Glass Creek-Loyalsock Creek"
"1683","Glass.Loyalsock","Blacknose Dace",62,2.18,0.338456493604605,1.79239168949825,2025-06-25,"020502060302 Glass Creek-Loyalsock Creek"
"1684","Glass.Loyalsock","Blacknose Dace",59,1.89,0.276461804173244,1.77085201164214,2025-06-25,"020502060302 Glass Creek-Loyalsock Creek"
"1685","Glass.Loyalsock","Blacknose Dace",68,2.41,0.382017042574868,1.83250891270624,2025-06-25,"020502060302 Glass Creek-Loyalsock Creek"
"1686","Glass.Loyalsock","Blacknose Dace",72,3.21,0.506505032404872,1.85733249643127,2025-06-25,"020502060302 Glass Creek-Loyalsock Creek"
"1687","Glass.Loyalsock","Blacknose Dace",61,2.35,0.371067862271736,1.78532983501077,2025-06-25,"020502060302 Glass Creek-Loyalsock Creek"
"1688","Glass.Loyalsock","Blacknose Dace",71,2.78,0.444044795918076,1.85125834871908,2025-06-25,"020502060302 Glass Creek-Loyalsock Creek"
"1689","Glass.Loyalsock","Blacknose Dace",59,2.13,0.328379603438738,1.77085201164214,2025-06-25,"020502060302 Glass Creek-Loyalsock Creek"
"1690","Glass.Loyalsock","Blacknose Dace",64,2.4,0.380211241711606,1.80617997398389,2025-06-25,"020502060302 Glass Creek-Loyalsock Creek"
"1691","Glass.Loyalsock","Blacknose Dace",58,1.79,0.252853030979893,1.76342799356294,2025-06-25,"020502060302 Glass Creek-Loyalsock Creek"
"1692","Glass.Loyalsock","Blacknose Dace",63,2.23,0.348304863048161,1.79934054945358,2025-06-25,"020502060302 Glass Creek-Loyalsock Creek"
"1693","Glass.Loyalsock","Blacknose Dace",77,3.74,0.57287160220048,1.88649072517248,2025-06-25,"020502060302 Glass Creek-Loyalsock Creek"
"1694","Glass.Loyalsock","Blacknose Dace",65,2.48,0.394451680826216,1.81291335664286,2025-06-25,"020502060302 Glass Creek-Loyalsock Creek"
"1695","Glass.Loyalsock","Blacknose Dace",69,2.97,0.472756449317212,1.83884909073726,2025-06-25,"020502060302 Glass Creek-Loyalsock Creek"
"1696","Glass.Loyalsock","Creek Chub",70,3.79,0.578639209968072,1.84509804001426,2025-06-25,"020502060302 Glass Creek-Loyalsock Creek"
"1697","Glass.Loyalsock","Blacknose Dace",58,1.77,0.247973266361807,1.76342799356294,2025-06-25,"020502060302 Glass Creek-Loyalsock Creek"
"1698","Glass.Loyalsock","Blacknose Dace",57,1.7,0.230448921378274,1.75587485567249,2025-06-25,"020502060302 Glass Creek-Loyalsock Creek"
"1699","Glass.Loyalsock","Blacknose Dace",62,2.15,0.332438459915605,1.79239168949825,2025-06-25,"020502060302 Glass Creek-Loyalsock Creek"
"1700","Glass.Loyalsock","Creek Chub",66,3.6,0.556302500767287,1.81954393554187,2022-06-29,"020502060302 Glass Creek-Loyalsock Creek"
"1701","Glass.Loyalsock","Creek Chub",89,7.56,0.878521795501206,1.94939000664491,2025-06-25,"020502060302 Glass Creek-Loyalsock Creek"
"1702","Glass.Loyalsock","Creek Chub",89,7.27,0.861534410859038,1.94939000664491,2025-06-25,"020502060302 Glass Creek-Loyalsock Creek"
"1703","Glass.Loyalsock","Blacknose Dace",60,1.97,0.294466226161593,1.77815125038364,2025-06-25,"020502060302 Glass Creek-Loyalsock Creek"
"1704","Glass.Loyalsock","Blacknose Dace",75,3.91,0.592176757395867,1.8750612633917,2025-06-25,"020502060302 Glass Creek-Loyalsock Creek"
"1705","Glass.Loyalsock","Creek Chub",30,3,0.477121254719662,1.47712125471966,2022-06-29,"020502060302 Glass Creek-Loyalsock Creek"
"1706","Glass.Loyalsock","Blacknose Dace",72,3.53,0.547774705387823,1.85733249643127,2025-06-25,"020502060302 Glass Creek-Loyalsock Creek"
"1707","Glass.Loyalsock","Blacknose Dace",60,1.69,0.227886704613674,1.77815125038364,2025-06-25,"020502060302 Glass Creek-Loyalsock Creek"
"1708","Grandad.Hessler","Sculpin spp.",60,2.27,0.356025857193123,1.77815125038364,2024-06-24,"020502060505 Bear Creek"
"1709","Grandad.Hessler","Sculpin spp.",57,1.95,0.290034611362518,1.75587485567249,2024-06-24,"020502060505 Bear Creek"
"1710","Grandad.Hessler","Sculpin spp.",70,3.5,0.544068044350276,1.84509804001426,2024-06-24,"020502060505 Bear Creek"
"1711","Grandad.Hessler","Sculpin spp.",90,8.99,0.953759691733229,1.95424250943932,2024-06-24,"020502060505 Bear Creek"
"1712","Grandad.Hessler","Sculpin spp.",75,4.32,0.635483746814912,1.8750612633917,2024-06-24,"020502060505 Bear Creek"
"1713","Grandad.Hessler","Sculpin spp.",67,3.18,0.502427119984433,1.82607480270083,2024-06-24,"020502060505 Bear Creek"
"1714","Grandad.Hessler","Sculpin spp.",81,5.2,0.716003343634799,1.90848501887865,2024-06-24,"020502060505 Bear Creek"
"1715","Grandad.Hessler","Sculpin spp.",74,3.76,0.575187844927661,1.86923171973098,2024-06-24,"020502060505 Bear Creek"
"1716","Grandad.Hessler","Sculpin spp.",95,7.99,0.902546779313991,1.97772360528885,2024-06-24,"020502060505 Bear Creek"
"1717","Grandad.Hessler","Sculpin spp.",72,3.54,0.549003262025788,1.85733249643127,2024-06-24,"020502060505 Bear Creek"
"1718","Grandad.Hessler","Sculpin spp.",66,2.95,0.469822015978163,1.81954393554187,2024-06-24,"020502060505 Bear Creek"
"1719","Grandad.Hessler","Sculpin spp.",71,3.37,0.527629900871339,1.85125834871908,2024-06-24,"020502060505 Bear Creek"
"1720","Grandad.Hessler","Sculpin spp.",83,5.43,0.734799829588847,1.91907809237607,2024-06-24,"020502060505 Bear Creek"
"1721","Grandad.Hessler","Sculpin spp.",60,2.13,0.328379603438738,1.77815125038364,2024-06-24,"020502060505 Bear Creek"
"1722","Grandad.Hessler","Sculpin spp.",76,4.51,0.65417654187796,1.88081359228079,2024-06-24,"020502060505 Bear Creek"
"1723","Grandad.Hessler","Sculpin spp.",99,8.96,0.952308009662125,1.99563519459755,2024-06-24,"020502060505 Bear Creek"
"1724","Grandad.Hessler","Sculpin spp.",46,0.72,-0.142667503568732,1.66275783168157,2024-06-24,"020502060505 Bear Creek"
"1725","Grandad.Hessler","Sculpin spp.",73,3.79,0.578639209968072,1.86332286012046,2024-06-24,"020502060505 Bear Creek"
"1726","Grandad.Hessler","Sculpin spp.",74,3.99,0.600972895686748,1.86923171973098,2024-06-24,"020502060505 Bear Creek"
"1727","Grandad.Hessler","Sculpin spp.",79,5.94,0.773786444981194,1.89762709129044,2024-06-24,"020502060505 Bear Creek"
"1728","Grandad.Hessler","Sculpin spp.",50,1.3,0.113943352306837,1.69897000433602,2024-06-24,"020502060505 Bear Creek"
"1729","Grandad.Hessler","Sculpin spp.",77,4.92,0.69196510276736,1.88649072517248,2024-06-24,"020502060505 Bear Creek"
"1730","Grandad.Hessler","Sculpin spp.",98,8.26,0.916980047320382,1.99122607569249,2024-06-24,"020502060505 Bear Creek"
"1731","Grandad.Hessler","Sculpin spp.",66,0.9,-0.0457574905606751,1.81954393554187,2024-06-24,"020502060505 Bear Creek"
"1732","Grandad.Hessler","Sculpin spp.",86,7.13,0.853089529851866,1.93449845124357,2024-06-24,"020502060505 Bear Creek"
"1733","Grandad.Hessler","Sculpin spp.",62,2.23,0.348304863048161,1.79239168949825,2024-06-24,"020502060505 Bear Creek"
"1734","Grandad.Hessler","Sculpin spp.",29,0.6,-0.221848749616356,1.46239799789896,2024-06-24,"020502060505 Bear Creek"
"1735","Grandad.Hessler","Sculpin spp.",102,10.95,1.03941411917614,2.00860017176192,2024-06-24,"020502060505 Bear Creek"
"1736","Grandad.Hessler","Sculpin spp.",77,5.11,0.708420900134713,1.88649072517248,2024-06-24,"020502060505 Bear Creek"
"1737","Grandad.Hessler","Sculpin spp.",81,6.14,0.788168371141168,1.90848501887865,2024-06-24,"020502060505 Bear Creek"
"1738","Hammersley.Kettle","Longnose Dace",70,2.9,0.462397997898956,1.84509804001426,2022-07-11,"020502030104 Hammersley Fork"
"1739","Hammersley.Kettle","Longnose Dace",100,9.9,0.99563519459755,2,2022-07-11,"020502030104 Hammersley Fork"
"1740","Hammersley.Kettle","Blacknose Dace",52,1.3,0.113943352306837,1.7160033436348,2022-07-11,"020502030104 Hammersley Fork"
"1741","Hammersley.Kettle","Blacknose Dace",62,2.1,0.322219294733919,1.79239168949825,2022-07-11,"020502030104 Hammersley Fork"
"1742","Hammersley.Kettle","Blacknose Dace",41,0.5,-0.301029995663981,1.61278385671974,2022-07-11,"020502030104 Hammersley Fork"
"1743","Hammersley.Kettle","Cutlip Minnow",92,8.4,0.924279286061882,1.96378782734556,2022-07-11,"020502030104 Hammersley Fork"
"1744","Hammersley.Kettle","Blacknose Dace",66,2.6,0.414973347970818,1.81954393554187,2022-07-11,"020502030104 Hammersley Fork"
"1745","Hammersley.Kettle","Blacknose Dace",64,2.4,0.380211241711606,1.80617997398389,2022-07-11,"020502030104 Hammersley Fork"
"1746","Hammersley.Kettle","Blacknose Dace",70,3.3,0.518513939877887,1.84509804001426,2022-07-11,"020502030104 Hammersley Fork"
"1747","Hammersley.Kettle","Longnose Dace",97,8.6,0.934498451243568,1.98677173426624,2022-07-11,"020502030104 Hammersley Fork"
"1748","Hammersley.Kettle","Longnose Dace",99,9.1,0.959041392321094,1.99563519459755,2022-07-11,"020502030104 Hammersley Fork"
"1749","Hammersley.Kettle","Longnose Dace",65,2.3,0.361727836017593,1.81291335664286,2022-07-11,"020502030104 Hammersley Fork"
"1750","Hammersley.Kettle","Cutlip Minnow",103,12,1.07918124604762,2.01283722470517,2022-07-11,"020502030104 Hammersley Fork"
"1751","Hammersley.Kettle","Longnose Dace",90,7.1,0.851258348719075,1.95424250943932,2022-07-11,"020502030104 Hammersley Fork"
"1752","Hammersley.Kettle","Longnose Dace",88,6.2,0.792391689498254,1.94448267215017,2022-07-11,"020502030104 Hammersley Fork"
"1753","Hammersley.Kettle","Longnose Dace",65,2.4,0.380211241711606,1.81291335664286,2022-07-11,"020502030104 Hammersley Fork"
"1754","Hammersley.Kettle","Sculpin spp.",86,7.8,0.89209460269048,1.93449845124357,2022-07-11,"020502030104 Hammersley Fork"
"1755","Hammersley.Kettle","Longnose Dace",67,2.4,0.380211241711606,1.82607480270083,2022-07-11,"020502030104 Hammersley Fork"
"1756","Hammersley.Kettle","Longnose Dace",64,2.1,0.322219294733919,1.80617997398389,2022-07-11,"020502030104 Hammersley Fork"
"1757","Hammersley.Kettle","Longnose Dace",71,3.3,0.518513939877887,1.85125834871908,2022-07-11,"020502030104 Hammersley Fork"
"1758","Hammersley.Kettle","Longnose Dace",84,5.6,0.7481880270062,1.92427928606188,2022-07-11,"020502030104 Hammersley Fork"
"1759","Hammersley.Kettle","Longnose Dace",62,1.9,0.278753600952829,1.79239168949825,2022-07-11,"020502030104 Hammersley Fork"
"1760","Hammersley.Kettle","Sculpin spp.",80,5.3,0.724275869600789,1.90308998699194,2022-07-11,"020502030104 Hammersley Fork"
"1761","Hammersley.Kettle","Sculpin spp.",63,2.8,0.447158031342219,1.79934054945358,2022-07-11,"020502030104 Hammersley Fork"
"1762","Hammersley.Kettle","Cutlip Minnow",92,8,0.903089986991944,1.96378782734556,2022-07-11,"020502030104 Hammersley Fork"
"1763","Hammersley.Kettle","Creek Chub",111,12.1,1.08278537031645,2.04532297878666,2022-07-11,"020502030104 Hammersley Fork"
"1764","Hammersley.Kettle","Sculpin spp.",67,3.4,0.531478917042255,1.82607480270083,2022-07-11,"020502030104 Hammersley Fork"
"1765","Hammersley.Kettle","Sculpin spp.",101,11.4,1.05690485133647,2.00432137378264,2022-07-11,"020502030104 Hammersley Fork"
"1766","Hammersley.Kettle","Longnose Dace",95,7.5,0.8750612633917,1.97772360528885,2022-07-11,"020502030104 Hammersley Fork"
"1767","Hammersley.Kettle","Longnose Dace",103,9.8,0.991226075692495,2.01283722470517,2022-07-11,"020502030104 Hammersley Fork"
"1768","Hammersley.Kettle","Longnose Dace",106,11.6,1.06445798922692,2.02530586526477,2022-07-11,"020502030104 Hammersley Fork"
"1769","Hammersley.Kettle","Longnose Dace",88,6.6,0.819543935541869,1.94448267215017,2022-07-11,"020502030104 Hammersley Fork"
"1770","Hammersley.Kettle","Longnose Dace",104,9.7,0.986771734266245,2.01703333929878,2022-07-11,"020502030104 Hammersley Fork"
"1771","Hammersley.Kettle","Longnose Dace",89,6.3,0.799340549453582,1.94939000664491,2022-07-11,"020502030104 Hammersley Fork"
"1772","Hammersley.Kettle","Sculpin spp.",71,4.8,0.681241237375587,1.85125834871908,2022-07-11,"020502030104 Hammersley Fork"
"1773","Hammersley.Kettle","Blacknose Dace",67,2.4,0.380211241711606,1.82607480270083,2022-07-11,"020502030104 Hammersley Fork"
"1774","Hammersley.Kettle","Sculpin spp.",96,11.6,1.06445798922692,1.98227123303957,2022-07-11,"020502030104 Hammersley Fork"
"1775","Hammersley.Kettle","Sculpin spp.",95,9.7,0.986771734266245,1.97772360528885,2022-07-11,"020502030104 Hammersley Fork"
"1776","Hammersley.Kettle","Sculpin spp.",78,6.4,0.806179973983887,1.89209460269048,2022-07-11,"020502030104 Hammersley Fork"
"1777","Hammersley.Kettle","Sculpin spp.",65,3.1,0.491361693834273,1.81291335664286,2022-07-11,"020502030104 Hammersley Fork"
"1778","Hammersley.Kettle","Sculpin spp.",69,3.6,0.556302500767287,1.83884909073726,2022-07-11,"020502030104 Hammersley Fork"
"1779","Hammersley.Kettle","Sculpin spp.",80,6.2,0.792391689498254,1.90308998699194,2022-07-11,"020502030104 Hammersley Fork"
"1780","Hammersley.Kettle","Sculpin spp.",80,5.7,0.755874855672491,1.90308998699194,2022-07-11,"020502030104 Hammersley Fork"
"1781","Hammersley.Kettle","Longnose Dace",69,2.8,0.447158031342219,1.83884909073726,2022-07-11,"020502030104 Hammersley Fork"
"1782","Hammersley.Kettle","Longnose Dace",78,4.57,0.65991620006985,1.89209460269048,2025-07-15,"020502030104 Hammersley Fork"
"1783","Hammersley.Kettle","Creek Chub",61,1.96,0.292256071356476,1.78532983501077,2025-07-15,"020502030104 Hammersley Fork"
"1784","Hammersley.Kettle","Blacknose Dace",47,0.9,-0.0457574905606751,1.67209785793572,2022-07-11,"020502030104 Hammersley Fork"
"1785","Hammersley.Kettle","Sculpin spp.",100,11.8,1.07188200730613,2,2022-07-11,"020502030104 Hammersley Fork"
"1786","Hammersley.Kettle","Sculpin spp.",73,4.54,0.657055852857104,1.86332286012046,2025-07-15,"020502030104 Hammersley Fork"
"1787","Hammersley.Kettle","Sculpin spp.",54,1.86,0.269512944217916,1.73239375982297,2025-07-15,"020502030104 Hammersley Fork"
"1788","Hammersley.Kettle","Sculpin spp.",74,4.55,0.658011396657112,1.86923171973098,2025-07-15,"020502030104 Hammersley Fork"
"1789","Hammersley.Kettle","Sculpin spp.",64,2.97,0.472756449317212,1.80617997398389,2025-07-15,"020502030104 Hammersley Fork"
"1790","Hammersley.Kettle","Blacknose Dace",70,3.15,0.4983105537896,1.84509804001426,2025-07-15,"020502030104 Hammersley Fork"
"1791","Hammersley.Kettle","Blacknose Dace",65,2.47,0.392696953259666,1.81291335664286,2025-07-15,"020502030104 Hammersley Fork"
"1792","Hammersley.Kettle","Blacknose Dace",69,3.08,0.488550716500444,1.83884909073726,2025-07-15,"020502030104 Hammersley Fork"
"1793","Hammersley.Kettle","Sculpin spp.",64,3.05,0.484299839346786,1.80617997398389,2025-07-15,"020502030104 Hammersley Fork"
"1794","Hammersley.Kettle","Sculpin spp.",70,3.88,0.588831725594207,1.84509804001426,2025-07-15,"020502030104 Hammersley Fork"
"1795","Hammersley.Kettle","Sculpin spp.",25,0.17,-0.769551078621726,1.39794000867204,2025-07-15,"020502030104 Hammersley Fork"
"1796","Hammersley.Kettle","Sculpin spp.",93,10.43,1.01828430842653,1.96848294855394,2025-07-15,"020502030104 Hammersley Fork"
"1797","Hammersley.Kettle","Creek Chub",99,8.04,0.905256048748451,1.99563519459755,2025-07-15,"020502030104 Hammersley Fork"
"1798","Hammersley.Kettle","Creek Chub",59,1.91,0.281033367247728,1.77085201164214,2025-07-15,"020502030104 Hammersley Fork"
"1799","Hammersley.Kettle","Blacknose Dace",51,1.1,0.0413926851582251,1.70757017609794,2025-07-15,"020502030104 Hammersley Fork"
"1800","Hammersley.Kettle","Blacknose Dace",59,1.96,0.292256071356476,1.77085201164214,2025-07-15,"020502030104 Hammersley Fork"
"1801","Hammersley.Kettle","Blacknose Dace",46,0.8,-0.0969100130080564,1.66275783168157,2022-07-11,"020502030104 Hammersley Fork"
"1802","Hammersley.Kettle","Blacknose Dace",48,0.8,-0.0969100130080564,1.68124123737559,2022-07-11,"020502030104 Hammersley Fork"
"1803","Hammersley.Kettle","Longnose Dace",67,2.6,0.414973347970818,1.82607480270083,2022-07-11,"020502030104 Hammersley Fork"
"1804","Hammersley.Kettle","Longnose Dace",64,2.2,0.342422680822206,1.80617997398389,2022-07-11,"020502030104 Hammersley Fork"
"1805","Hammersley.Kettle","Cutlip Minnow",91,7.9,0.897627091290441,1.95904139232109,2022-07-11,"020502030104 Hammersley Fork"
"1806","Hammersley.Kettle","Blacknose Dace",51,1.1,0.0413926851582251,1.70757017609794,2022-07-11,"020502030104 Hammersley Fork"
"1807","Hammersley.Kettle","Blacknose Dace",60,2,0.301029995663981,1.77815125038364,2022-07-11,"020502030104 Hammersley Fork"
"1808","Hammersley.Kettle","Blacknose Dace",62,2.1,0.322219294733919,1.79239168949825,2022-07-11,"020502030104 Hammersley Fork"
"1809","Hammersley.Kettle","Blacknose Dace",49,1.1,0.0413926851582251,1.69019608002851,2022-07-11,"020502030104 Hammersley Fork"
"1810","Hammersley.Kettle","Sculpin spp.",80,5.56,0.745074791582057,1.90308998699194,2025-07-15,"020502030104 Hammersley Fork"
"1811","Hammersley.Kettle","Blacknose Dace",47,0.94,-0.0268721464003014,1.67209785793572,2025-07-15,"020502030104 Hammersley Fork"
"1812","Hammersley.Kettle","Longnose Dace",69,2.8,0.447158031342219,1.83884909073726,2022-07-11,"020502030104 Hammersley Fork"
"1813","Hammersley.Kettle","Creek Chub",109,13.7,1.13672056715641,2.03742649794062,2022-07-11,"020502030104 Hammersley Fork"
"1814","Hammersley.Kettle","Creek Chub",190,64.1,1.80685802951882,2.27875360095283,2022-07-11,"020502030104 Hammersley Fork"
"1815","Hammersley.Kettle","Blacknose Dace",65,2.43,0.385606273598312,1.81291335664286,2025-07-15,"020502030104 Hammersley Fork"
"1816","Hammersley.Kettle","Blacknose Dace",39,0.54,-0.267606240177031,1.5910646070265,2025-07-15,"020502030104 Hammersley Fork"
"1817","Hammersley.Kettle","Blacknose Dace",46,0.76,-0.119186407719209,1.66275783168157,2025-07-15,"020502030104 Hammersley Fork"
"1818","Hammersley.Kettle","Blacknose Dace",57,1.75,0.243038048686294,1.75587485567249,2025-07-15,"020502030104 Hammersley Fork"
"1819","Hammersley.Kettle","Longnose Dace",89,6.45,0.809559714635268,1.94939000664491,2025-07-15,"020502030104 Hammersley Fork"
"1820","Hammersley.Kettle","Longnose Dace",96,7.55,0.877946951629188,1.98227123303957,2025-07-15,"020502030104 Hammersley Fork"
"1821","Hammersley.Kettle","Sculpin spp.",78,6.1,0.785329835010767,1.89209460269048,2022-07-11,"020502030104 Hammersley Fork"
"1822","Hammersley.Kettle","Sculpin spp.",97,12.3,1.0899051114394,1.98677173426624,2022-07-11,"020502030104 Hammersley Fork"
"1823","Hammersley.Kettle","Sculpin spp.",87,7.6,0.880813592280791,1.93951925261862,2022-07-11,"020502030104 Hammersley Fork"
"1824","Hammersley.Kettle","Blacknose Dace",75,3.65,0.562292864456475,1.8750612633917,2025-07-15,"020502030104 Hammersley Fork"
"1825","Hammersley.Kettle","Blacknose Dace",75,4,0.602059991327962,1.8750612633917,2025-07-15,"020502030104 Hammersley Fork"
"1826","Hammersley.Kettle","Sculpin spp.",62,2.8,0.447158031342219,1.79239168949825,2025-07-15,"020502030104 Hammersley Fork"
"1827","Hammersley.Kettle","Sculpin spp.",85,6.26,0.79657433321043,1.92941892571429,2025-07-15,"020502030104 Hammersley Fork"
"1828","Hammersley.Kettle","Sculpin spp.",71,3.71,0.569373909615046,1.85125834871908,2025-07-15,"020502030104 Hammersley Fork"
"1829","Hammersley.Kettle","Sculpin spp.",54,1.65,0.217483944213906,1.73239375982297,2025-07-15,"020502030104 Hammersley Fork"
"1830","Hammersley.Kettle","Sculpin spp.",26,0.17,-0.769551078621726,1.41497334797082,2025-07-15,"020502030104 Hammersley Fork"
"1831","Hammersley.Kettle","Sculpin spp.",57,2.1,0.322219294733919,1.75587485567249,2025-07-15,"020502030104 Hammersley Fork"
"1832","Hammersley.Kettle","Blacknose Dace",69,2.94,0.468347330412157,1.83884909073726,2025-07-15,"020502030104 Hammersley Fork"
"1833","Hammersley.Kettle","Blacknose Dace",47,0.84,-0.0757207139381184,1.67209785793572,2025-07-15,"020502030104 Hammersley Fork"
"1834","Hammersley.Kettle","Longnose Dace",86,6.34,0.802089257881733,1.93449845124357,2025-07-15,"020502030104 Hammersley Fork"
"1835","Hammersley.Kettle","Longnose Dace",84,4.97,0.696356388733332,1.92427928606188,2025-07-15,"020502030104 Hammersley Fork"
"1836","Hammersley.Kettle","Longnose Dace",86,5.7,0.755874855672491,1.93449845124357,2025-07-15,"020502030104 Hammersley Fork"
"1837","Hammersley.Kettle","Longnose Dace",84,5.55,0.744292983122676,1.92427928606188,2025-07-15,"020502030104 Hammersley Fork"
"1838","Hammersley.Kettle","Sculpin spp.",73,4.17,0.620136054973757,1.86332286012046,2025-07-15,"020502030104 Hammersley Fork"
"1839","Hammersley.Kettle","Longnose Dace",79,4.24,0.627365856592733,1.89762709129044,2025-07-15,"020502030104 Hammersley Fork"
"1840","Hammersley.Kettle","Longnose Dace",77,4.11,0.613841821876069,1.88649072517248,2025-07-15,"020502030104 Hammersley Fork"
"1841","Hammersley.Kettle","Longnose Dace",69,2.93,0.46686762035411,1.83884909073726,2025-07-15,"020502030104 Hammersley Fork"
"1842","Hammersley.Kettle","Longnose Dace",76,3.53,0.547774705387823,1.88081359228079,2025-07-15,"020502030104 Hammersley Fork"
"1843","Hammersley.Kettle","Blacknose Dace",63,2.39,0.378397900948138,1.79934054945358,2025-07-15,"020502030104 Hammersley Fork"
"1844","Hammersley.Kettle","Blacknose Dace",73,3.63,0.559906625036113,1.86332286012046,2025-07-15,"020502030104 Hammersley Fork"
"1845","Hammersley.Kettle","Blacknose Dace",72,3.57,0.552668216112193,1.85733249643127,2025-07-15,"020502030104 Hammersley Fork"
"1846","Hammersley.Kettle","Longnose Dace",92,6.92,0.840106094456758,1.96378782734556,2025-07-15,"020502030104 Hammersley Fork"
"1847","Hammersley.Kettle","Sculpin spp.",67,3.1,0.491361693834273,1.82607480270083,2022-07-11,"020502030104 Hammersley Fork"
"1848","Hammersley.Kettle","Blacknose Dace",69,3,0.477121254719662,1.83884909073726,2022-07-11,"020502030104 Hammersley Fork"
"1849","Hammersley.Kettle","Sculpin spp.",85,8,0.903089986991944,1.92941892571429,2022-07-11,"020502030104 Hammersley Fork"
"1850","Hammersley.Kettle","Sculpin spp.",77,4.8,0.681241237375587,1.88649072517248,2022-07-11,"020502030104 Hammersley Fork"
"1851","Hammersley.Kettle","Sculpin spp.",102,14.9,1.17318626841227,2.00860017176192,2022-07-11,"020502030104 Hammersley Fork"
"1852","Hammersley.Kettle","Longnose Dace",89,5.79,0.762678563727436,1.94939000664491,2025-07-15,"020502030104 Hammersley Fork"
"1853","Hammersley.Kettle","Longnose Dace",68,3,0.477121254719662,1.83250891270624,2025-07-15,"020502030104 Hammersley Fork"
"1854","Hammersley.Kettle","Longnose Dace",71,3.06,0.48572142648158,1.85125834871908,2025-07-15,"020502030104 Hammersley Fork"
"1855","Hammersley.Kettle","Longnose Dace",131,22.23,1.34693946269899,2.11727129565576,2025-07-15,"020502030104 Hammersley Fork"
"1856","Hammersley.Kettle","Longnose Dace",99,8.68,0.938519725176492,1.99563519459755,2025-07-15,"020502030104 Hammersley Fork"
"1857","Hammersley.Kettle","Longnose Dace",86,5.6,0.7481880270062,1.93449845124357,2025-07-15,"020502030104 Hammersley Fork"
"1858","Hammersley.Kettle","Sculpin spp.",96,11.1,1.04532297878666,1.98227123303957,2022-07-11,"020502030104 Hammersley Fork"
"1859","Hammersley.Kettle","Longnose Dace",109,11.5,1.06069784035361,2.03742649794062,2022-07-11,"020502030104 Hammersley Fork"
"1860","Hammersley.Kettle","Sculpin spp.",71,4.2,0.6232492903979,1.85125834871908,2022-07-11,"020502030104 Hammersley Fork"
"1861","Hammersley.Kettle","Longnose Dace",90,5.99,0.777426822389311,1.95424250943932,2025-07-15,"020502030104 Hammersley Fork"
"1862","Hammersley.Kettle","Longnose Dace",87,6.29,0.798650645445269,1.93951925261862,2025-07-15,"020502030104 Hammersley Fork"
"1863","Hammersley.Kettle","Blacknose Dace",49,0.99,-0.00436480540245009,1.69019608002851,2025-07-15,"020502030104 Hammersley Fork"
"1864","Hammersley.Kettle","Blacknose Dace",61,2.32,0.3654879848909,1.78532983501077,2025-07-15,"020502030104 Hammersley Fork"
"1865","Hammersley.Kettle","Cutlip Minnow",108,14.7,1.16731733474818,2.03342375548695,2022-07-11,"020502030104 Hammersley Fork"
"1866","Hammersley.Kettle","Blacknose Dace",62,2.4,0.380211241711606,1.79239168949825,2022-07-11,"020502030104 Hammersley Fork"
"1867","Hammersley.Kettle","Blacknose Dace",46,0.8,-0.0969100130080564,1.66275783168157,2022-07-11,"020502030104 Hammersley Fork"
"1868","Hammersley.Kettle","Blacknose Dace",69,3.3,0.518513939877887,1.83884909073726,2022-07-11,"020502030104 Hammersley Fork"
"1869","Hammersley.Kettle","Blacknose Dace",60,2.1,0.322219294733919,1.77815125038364,2022-07-11,"020502030104 Hammersley Fork"
"1870","Hammersley.Kettle","Blacknose Dace",44,0.7,-0.154901959985743,1.64345267648619,2022-07-11,"020502030104 Hammersley Fork"
"1871","Hammersley.Kettle","Blacknose Dace",70,3,0.477121254719662,1.84509804001426,2022-07-11,"020502030104 Hammersley Fork"
"1872","Hammersley.Kettle","Blacknose Dace",53,1.3,0.113943352306837,1.72427586960079,2022-07-11,"020502030104 Hammersley Fork"
"1873","Hammersley.Kettle","Blacknose Dace",45,0.79,-0.102372908709559,1.65321251377534,2025-07-15,"020502030104 Hammersley Fork"
"1874","Hammersley.Kettle","Blacknose Dace",68,3.2,0.505149978319906,1.83250891270624,2022-07-11,"020502030104 Hammersley Fork"
"1875","Hammersley.Kettle","Blacknose Dace",70,3,0.477121254719662,1.84509804001426,2022-07-11,"020502030104 Hammersley Fork"
"1876","Hammersley.Kettle","Blacknose Dace",64,2.3,0.361727836017593,1.80617997398389,2022-07-11,"020502030104 Hammersley Fork"
"1877","Hammersley.Kettle","Blacknose Dace",65,2.5,0.397940008672038,1.81291335664286,2022-07-11,"020502030104 Hammersley Fork"
"1878","Hammersley.Kettle","Blacknose Dace",63,2.2,0.342422680822206,1.79934054945358,2022-07-11,"020502030104 Hammersley Fork"
"1879","Hammersley.Kettle","Blacknose Dace",51,1.2,0.0791812460476248,1.70757017609794,2022-07-11,"020502030104 Hammersley Fork"
"1880","Hammersley.Kettle","Blacknose Dace",47,0.9,-0.0457574905606751,1.67209785793572,2022-07-11,"020502030104 Hammersley Fork"
"1881","Hammersley.Kettle","Blacknose Dace",66,2.2,0.342422680822206,1.81954393554187,2022-07-11,"020502030104 Hammersley Fork"
"1882","Hammersley.Kettle","Blacknose Dace",60,2.05,0.311753861055754,1.77815125038364,2025-07-15,"020502030104 Hammersley Fork"
"1883","Hammersley.Kettle","Sculpin spp.",66,3.36,0.526339277389844,1.81954393554187,2025-07-15,"020502030104 Hammersley Fork"
"1884","Hammersley.Kettle","Sculpin spp.",79,5.43,0.734799829588847,1.89762709129044,2025-07-15,"020502030104 Hammersley Fork"
"1885","Hammersley.Kettle","Sculpin spp.",66,3.16,0.499687082618404,1.81954393554187,2025-07-15,"020502030104 Hammersley Fork"
"1886","Hammersley.Kettle","Sculpin spp.",67,3.52,0.546542663478131,1.82607480270083,2025-07-15,"020502030104 Hammersley Fork"
"1887","Hammersley.Kettle","Blacknose Dace",64,2.58,0.41161970596323,1.80617997398389,2025-07-15,"020502030104 Hammersley Fork"
"1888","Hammersley.Kettle","Blacknose Dace",62,2.31,0.363611979892144,1.79239168949825,2025-07-15,"020502030104 Hammersley Fork"
"1889","Hammersley.Kettle","Blacknose Dace",69,3.05,0.484299839346786,1.83884909073726,2025-07-15,"020502030104 Hammersley Fork"
"1890","Hammersley.Kettle","Blacknose Dace",81,4.6,0.662757831681574,1.90848501887865,2025-07-15,"020502030104 Hammersley Fork"
"1891","Hammersley.Kettle","Blacknose Dace",64,2.2,0.342422680822206,1.80617997398389,2022-07-11,"020502030104 Hammersley Fork"
"1892","Hammersley.Kettle","Sculpin spp.",70,3.9,0.591064607026499,1.84509804001426,2022-07-11,"020502030104 Hammersley Fork"
"1893","Hammersley.Kettle","Blacknose Dace",69,2.9,0.462397997898956,1.83884909073726,2022-07-11,"020502030104 Hammersley Fork"
"1894","Hammersley.Kettle","Sculpin spp.",28,0.23,-0.638272163982407,1.44715803134222,2025-07-15,"020502030104 Hammersley Fork"
"1895","Hammersley.Kettle","Sculpin spp.",54,1.68,0.225309281725863,1.73239375982297,2025-07-15,"020502030104 Hammersley Fork"
"1896","Hammersley.Kettle","Sculpin spp.",60,2.35,0.371067862271736,1.77815125038364,2025-07-15,"020502030104 Hammersley Fork"
"1897","Hammersley.Kettle","Sculpin spp.",67,3.38,0.528916700277655,1.82607480270083,2025-07-15,"020502030104 Hammersley Fork"
"1898","Hammersley.Kettle","Sculpin spp.",68,3.63,0.559906625036113,1.83250891270624,2025-07-15,"020502030104 Hammersley Fork"
"1899","Hammersley.Kettle","Sculpin spp.",62,6.74,0.82865989653532,1.79239168949825,2025-07-15,"020502030104 Hammersley Fork"
"1900","Hammersley.Kettle","Sculpin spp.",58,2.28,0.357934847000454,1.76342799356294,2025-07-15,"020502030104 Hammersley Fork"
"1901","Hammersley.Kettle","Blacknose Dace",62,2.16,0.334453751150931,1.79239168949825,2025-07-15,"020502030104 Hammersley Fork"
"1902","Hammersley.Kettle","Sculpin spp.",73,4.7,0.672097857935718,1.86332286012046,2022-07-11,"020502030104 Hammersley Fork"
"1903","Hammersley.Kettle","Sculpin spp.",88,7.5,0.8750612633917,1.94448267215017,2022-07-11,"020502030104 Hammersley Fork"
"1904","Hammersley.Kettle","Sculpin spp.",82,6.7,0.826074802700826,1.91381385238372,2022-07-11,"020502030104 Hammersley Fork"
"1905","Hammersley.Kettle","Longnose Dace",99,8.6,0.934498451243568,1.99563519459755,2025-07-15,"020502030104 Hammersley Fork"
"1906","Hammersley.Kettle","Longnose Dace",78,4.5,0.653212513775344,1.89209460269048,2025-07-15,"020502030104 Hammersley Fork"
"1907","Hammersley.Kettle","Longnose Dace",98,9.13,0.960470777534299,1.99122607569249,2025-07-15,"020502030104 Hammersley Fork"
"1908","Hammersley.Kettle","Longnose Dace",79,4.44,0.64738297011462,1.89762709129044,2025-07-15,"020502030104 Hammersley Fork"
"1909","Hammersley.Kettle","Blacknose Dace",71,3.2,0.505149978319906,1.85125834871908,2022-07-11,"020502030104 Hammersley Fork"
"1910","Hammersley.Kettle","Longnose Dace",83,5.9,0.770852011642144,1.91907809237607,2022-07-11,"020502030104 Hammersley Fork"
"1911","Hammersley.Kettle","Longnose Dace",68,2.6,0.414973347970818,1.83250891270624,2022-07-11,"020502030104 Hammersley Fork"
"1912","Hammersley.Kettle","Longnose Dace",100,8,0.903089986991944,2,2022-07-11,"020502030104 Hammersley Fork"
"1913","Hammersley.Kettle","Longnose Dace",87,5.4,0.732393759822969,1.93951925261862,2022-07-11,"020502030104 Hammersley Fork"
"1914","Hammersley.Kettle","Blacknose Dace",46,0.9,-0.0457574905606751,1.66275783168157,2022-07-11,"020502030104 Hammersley Fork"
"1915","Hammersley.Kettle","Longnose Dace",92,6.8,0.832508912706236,1.96378782734556,2025-07-15,"020502030104 Hammersley Fork"
"1916","Hammersley.Kettle","Longnose Dace",103,11.58,1.06370855939142,2.01283722470517,2025-07-15,"020502030104 Hammersley Fork"
"1917","Hammersley.Kettle","Longnose Dace",68,2.71,0.432969290874406,1.83250891270624,2025-07-15,"020502030104 Hammersley Fork"
"1918","Hammersley.Kettle","Longnose Dace",75,3.74,0.57287160220048,1.8750612633917,2025-07-15,"020502030104 Hammersley Fork"
"1919","Hammersley.Kettle","Blacknose Dace",71,2.98,0.474216264076255,1.85125834871908,2025-07-15,"020502030104 Hammersley Fork"
"1920","Hammersley.Kettle","Blacknose Dace",47,0.92,-0.0362121726544447,1.67209785793572,2025-07-15,"020502030104 Hammersley Fork"
"1921","Hammersley.Kettle","Blacknose Dace",49,1.12,0.0492180226701817,1.69019608002851,2025-07-15,"020502030104 Hammersley Fork"
"1922","Hammersley.Kettle","Blacknose Dace",46,0.81,-0.0915149811213502,1.66275783168157,2025-07-15,"020502030104 Hammersley Fork"
"1923","Hammersley.Kettle","Longnose Dace",75,3.63,0.559906625036113,1.8750612633917,2025-07-15,"020502030104 Hammersley Fork"
"1924","Hammersley.Kettle","Longnose Dace",79,4.12,0.614897216033135,1.89762709129044,2025-07-15,"020502030104 Hammersley Fork"
"1925","Hammersley.Kettle","Blacknose Dace",68,2.6,0.414973347970818,1.83250891270624,2022-07-11,"020502030104 Hammersley Fork"
"1926","Hammersley.Kettle","Longnose Dace",97,8.4,0.924279286061882,1.98677173426624,2022-07-11,"020502030104 Hammersley Fork"
"1927","Hammersley.Kettle","Sculpin spp.",78,5.28,0.722633922533812,1.89209460269048,2025-07-15,"020502030104 Hammersley Fork"
"1928","Hammersley.Kettle","Sculpin spp.",63,2.7,0.431363764158987,1.79934054945358,2022-07-11,"020502030104 Hammersley Fork"
"1929","Hammersley.Kettle","Sculpin spp.",86,6.6,0.819543935541869,1.93449845124357,2022-07-11,"020502030104 Hammersley Fork"
"1930","Hammersley.Kettle","Sculpin spp.",81,6.05,0.781755374652469,1.90848501887865,2025-07-15,"020502030104 Hammersley Fork"
"1931","Hammersley.Kettle","Sculpin spp.",89,8.3,0.919078092376074,1.94939000664491,2022-07-11,"020502030104 Hammersley Fork"
"1932","Hammersley.Kettle","Longnose Dace",95,8,0.903089986991944,1.97772360528885,2022-07-11,"020502030104 Hammersley Fork"
"1933","Hammersley.Kettle","Sculpin spp.",80,5.67,0.753583058892907,1.90308998699194,2025-07-15,"020502030104 Hammersley Fork"
"1934","Hessler.Bear","Sculpin spp.",73,4.86,0.686636269262293,1.86332286012046,2024-06-24,"020502060505 Bear Creek"
"1935","Hessler.Bear","Sculpin spp.",70,4.24,0.627365856592733,1.84509804001426,2024-06-24,"020502060505 Bear Creek"
"1936","Hessler.Bear","Sculpin spp.",77,4.98,0.697229342759718,1.88649072517248,2024-06-24,"020502060505 Bear Creek"
"1937","Hessler.Bear","Sculpin spp.",49,0.99,-0.00436480540245009,1.69019608002851,2024-06-24,"020502060505 Bear Creek"
"1938","Hessler.Bear","Sculpin spp.",65,2.93,0.46686762035411,1.81291335664286,2024-06-24,"020502060505 Bear Creek"
"1939","Hessler.Bear","Sculpin spp.",83,6.3,0.799340549453582,1.91907809237607,2024-06-24,"020502060505 Bear Creek"
"1940","Hessler.Bear","Sculpin spp.",77,4.73,0.674861140737812,1.88649072517248,2024-06-24,"020502060505 Bear Creek"
"1941","Hessler.Bear","Sculpin spp.",65,2.97,0.472756449317212,1.81291335664286,2024-06-24,"020502060505 Bear Creek"
"1942","Hessler.Bear","Sculpin spp.",59,2.23,0.348304863048161,1.77085201164214,2024-06-24,"020502060505 Bear Creek"
"1943","Hessler.Bear","Sculpin spp.",47,1.14,0.0569048513364726,1.67209785793572,2024-06-24,"020502060505 Bear Creek"
"1944","Hessler.Bear","Sculpin spp.",63,2.74,0.437750562820388,1.79934054945358,2024-06-24,"020502060505 Bear Creek"
"1945","Hessler.Bear","Sculpin spp.",79,5.76,0.760422483423212,1.89762709129044,2024-06-24,"020502060505 Bear Creek"
"1946","Hessler.Bear","Sculpin spp.",62,2.05,0.311753861055754,1.79239168949825,2024-06-24,"020502060505 Bear Creek"
"1947","Hessler.Bear","Sculpin spp.",84,4.83,0.683947130751512,1.92427928606188,2024-06-24,"020502060505 Bear Creek"
"1948","Hessler.Bear","Sculpin spp.",64,2.94,0.468347330412157,1.80617997398389,2024-06-24,"020502060505 Bear Creek"
"1949","Hessler.Bear","Sculpin spp.",87,5.51,0.741151598851785,1.93951925261862,2024-06-24,"020502060505 Bear Creek"
"1950","Hessler.Bear","Sculpin spp.",78,4.38,0.6414741105041,1.89209460269048,2024-06-24,"020502060505 Bear Creek"
"1951","Hessler.Bear","Sculpin spp.",66,3.62,0.558708570533166,1.81954393554187,2024-06-24,"020502060505 Bear Creek"
"1952","Hessler.Bear","Sculpin spp.",56,1.9,0.278753600952829,1.7481880270062,2024-06-24,"020502060505 Bear Creek"
"1953","Hessler.Bear","Sculpin spp.",60,2.08,0.318063334962762,1.77815125038364,2024-06-24,"020502060505 Bear Creek"
"1954","Hessler.Bear","Sculpin spp.",65,2.75,0.439332693830263,1.81291335664286,2024-06-24,"020502060505 Bear Creek"
"1955","Hessler.Bear","Sculpin spp.",71,3.49,0.54282542695918,1.85125834871908,2024-06-24,"020502060505 Bear Creek"
"1956","Hessler.Bear","Sculpin spp.",46,0.76,-0.119186407719209,1.66275783168157,2024-06-24,"020502060505 Bear Creek"
"1957","Hessler.Bear","Sculpin spp.",85,5.49,0.739572344450092,1.92941892571429,2024-06-24,"020502060505 Bear Creek"
"1958","Hessler.Bear","Sculpin spp.",61,2.32,0.3654879848909,1.78532983501077,2024-06-24,"020502060505 Bear Creek"
"1959","Hessler.Bear","Sculpin spp.",46,1.01,0.00432137378264258,1.66275783168157,2024-06-24,"020502060505 Bear Creek"
"1960","Hessler.Bear","Sculpin spp.",80,5.53,0.742725131304698,1.90308998699194,2024-06-24,"020502060505 Bear Creek"
"1961","Hessler.Bear","Sculpin spp.",41,0.72,-0.142667503568732,1.61278385671974,2024-06-24,"020502060505 Bear Creek"
"1962","Hessler.Bear","Sculpin spp.",66,3.21,0.506505032404872,1.81954393554187,2024-06-24,"020502060505 Bear Creek"
"1963","Huckle.Loyalsock","Longnose Dace",104,12.35,1.09166695759568,2.01703333929878,2025-06-23,"020502060503 Ogdonia Creek-Loyalsock Creek"
"1964","Huckle.Loyalsock","Longnose Dace",120,18.72,1.27230584440209,2.07918124604762,2025-06-23,"020502060503 Ogdonia Creek-Loyalsock Creek"
"1965","Huckle.Loyalsock","Longnose Dace",71,3.52,0.546542663478131,1.85125834871908,2025-06-23,"020502060503 Ogdonia Creek-Loyalsock Creek"
"1966","Huckle.Loyalsock","Sculpin spp.",73,3.71,0.569373909615046,1.86332286012046,2025-06-23,"020502060503 Ogdonia Creek-Loyalsock Creek"
"1967","Huckle.Loyalsock","Sculpin spp.",74,4.15,0.618048096712093,1.86923171973098,2025-06-23,"020502060503 Ogdonia Creek-Loyalsock Creek"
"1968","Huckle.Loyalsock","Longnose Dace",106,12.41,1.09377178149873,2.02530586526477,2025-06-23,"020502060503 Ogdonia Creek-Loyalsock Creek"
"1969","Huckle.Loyalsock","Fantail Darter",70,2.07,0.315970345456918,1.84509804001426,2025-06-23,"020502060503 Ogdonia Creek-Loyalsock Creek"
"1970","Huckle.Loyalsock","Blacknose Dace",67,2.92,0.465382851448418,1.82607480270083,2025-06-23,"020502060503 Ogdonia Creek-Loyalsock Creek"
"1971","Huckle.Loyalsock","Sculpin spp.",60,2.36,0.372912002970107,1.77815125038364,2025-06-23,"020502060503 Ogdonia Creek-Loyalsock Creek"
"1972","Huckle.Loyalsock","Sculpin spp.",65,3.41,0.532754378992498,1.81291335664286,2025-06-23,"020502060503 Ogdonia Creek-Loyalsock Creek"
"1973","Huckle.Loyalsock","Longnose Dace",88,7.7,0.886490725172482,1.94448267215017,2025-06-23,"020502060503 Ogdonia Creek-Loyalsock Creek"
"1974","Huckle.Loyalsock","Sculpin spp.",80,5.92,0.77232170672292,1.90308998699194,2025-06-23,"020502060503 Ogdonia Creek-Loyalsock Creek"
"1975","Huckle.Loyalsock","Fantail Darter",53,1.25,0.0969100130080564,1.72427586960079,2025-06-23,"020502060503 Ogdonia Creek-Loyalsock Creek"
"1976","Huckle.Loyalsock","Blacknose Dace",57,1.84,0.264817823009536,1.75587485567249,2025-06-23,"020502060503 Ogdonia Creek-Loyalsock Creek"
"1977","Huckle.Loyalsock","Sculpin spp.",131,24.81,1.39462676427221,2.11727129565576,2025-06-23,"020502060503 Ogdonia Creek-Loyalsock Creek"
"1978","Huckle.Loyalsock","Sculpin spp.",64,2.71,0.432969290874406,1.80617997398389,2025-06-23,"020502060503 Ogdonia Creek-Loyalsock Creek"
"1979","Huckle.Loyalsock","Longnose Dace",71,3.52,0.546542663478131,1.85125834871908,2025-06-23,"020502060503 Ogdonia Creek-Loyalsock Creek"
"1980","Huckle.Loyalsock","Longnose Dace",104,12.35,1.09166695759568,2.01703333929878,2025-06-23,"020502060503 Ogdonia Creek-Loyalsock Creek"
"1981","Huckle.Loyalsock","Longnose Dace",120,18.72,1.27230584440209,2.07918124604762,2025-06-23,"020502060503 Ogdonia Creek-Loyalsock Creek"
"1982","Huckle.Loyalsock","Longnose Dace",106,12.41,1.09377178149873,2.02530586526477,2025-06-23,"020502060503 Ogdonia Creek-Loyalsock Creek"
"1983","Huckle.Loyalsock","Longnose Dace",103,10.33,1.01410032151962,2.01283722470517,2025-06-23,"020502060503 Ogdonia Creek-Loyalsock Creek"
"1984","Huckle.Loyalsock","Longnose Dace",86,6.74,0.82865989653532,1.93449845124357,2025-06-23,"020502060503 Ogdonia Creek-Loyalsock Creek"
"1985","Huckle.Loyalsock","Longnose Dace",86,6.74,0.82865989653532,1.93449845124357,2025-06-23,"020502060503 Ogdonia Creek-Loyalsock Creek"
"1986","Huckle.Loyalsock","Blacknose Dace",63,2.05,0.311753861055754,1.79934054945358,2025-06-23,"020502060503 Ogdonia Creek-Loyalsock Creek"
"1987","Huckle.Loyalsock","Fantail Darter",74,2.81,0.44870631990508,1.86923171973098,2025-06-23,"020502060503 Ogdonia Creek-Loyalsock Creek"
"1988","Huckle.Loyalsock","Sculpin spp.",67,3.19,0.503790683057181,1.82607480270083,2025-06-23,"020502060503 Ogdonia Creek-Loyalsock Creek"
"1989","Huckle.Loyalsock","Sculpin spp.",118,20.73,1.31659930209386,2.07188200730613,2025-06-23,"020502060503 Ogdonia Creek-Loyalsock Creek"
"1990","Huckle.Loyalsock","Sculpin spp.",125,27.51,1.43949059038968,2.09691001300806,2025-06-23,"020502060503 Ogdonia Creek-Loyalsock Creek"
"1991","Huckle.Loyalsock","Longnose Dace",88,7.7,0.886490725172482,1.94448267215017,2025-06-23,"020502060503 Ogdonia Creek-Loyalsock Creek"
"1992","Huckle.Loyalsock","Sculpin spp.",73,3.64,0.561101383649056,1.86332286012046,2025-06-23,"020502060503 Ogdonia Creek-Loyalsock Creek"
"1993","Huckle.Loyalsock","Fantail Darter",67,2.02,0.305351369446624,1.82607480270083,2025-06-23,"020502060503 Ogdonia Creek-Loyalsock Creek"
"1994","Huckle.Loyalsock","Sculpin spp.",94,8.81,0.944975908412048,1.9731278535997,2025-06-23,"020502060503 Ogdonia Creek-Loyalsock Creek"
"1995","Huckle.Loyalsock","Longnose Dace",96,8.68,0.938519725176492,1.98227123303957,2025-06-23,"020502060503 Ogdonia Creek-Loyalsock Creek"
"1996","Huckle.Loyalsock","Sculpin spp.",82,6.11,0.786041210242554,1.91381385238372,2025-06-23,"020502060503 Ogdonia Creek-Loyalsock Creek"
"1997","Huckle.Loyalsock","Sculpin spp.",85,6.52,0.81424759573192,1.92941892571429,2025-06-23,"020502060503 Ogdonia Creek-Loyalsock Creek"
"1998","Huckle.Loyalsock","Sculpin spp.",75,4.75,0.676693609624867,1.8750612633917,2025-06-23,"020502060503 Ogdonia Creek-Loyalsock Creek"
"1999","Huckle.Loyalsock","Fantail Darter",72,2.53,0.403120521175818,1.85733249643127,2025-06-23,"020502060503 Ogdonia Creek-Loyalsock Creek"
"2000","Huckle.Loyalsock","Longnose Dace",96,8.68,0.938519725176492,1.98227123303957,2025-06-23,"020502060503 Ogdonia Creek-Loyalsock Creek"
"2001","Huckle.Loyalsock","Longnose Dace",103,10.33,1.01410032151962,2.01283722470517,2025-06-23,"020502060503 Ogdonia Creek-Loyalsock Creek"
"2002","Huckle.Loyalsock","Sculpin spp.",69,3.16,0.499687082618404,1.83884909073726,2025-06-23,"020502060503 Ogdonia Creek-Loyalsock Creek"
"2003","JohnSummerson.Trout","Sculpin spp.",110,14.89,1.17289469775218,2.04139268515822,2024-07-08,"020502030106 Lower Kettle Creek"
"2004","JohnSummerson.Trout","Sculpin spp.",118,18.74,1.27276958655176,2.07188200730613,2024-07-08,"020502030106 Lower Kettle Creek"
"2005","JohnSummerson.Trout","Sculpin spp.",65,2.61,0.416640507338281,1.81291335664286,2024-07-08,"020502030106 Lower Kettle Creek"
"2006","JohnSummerson.Trout","Sculpin spp.",99,10.93,1.0386201619497,1.99563519459755,2024-07-08,"020502030106 Lower Kettle Creek"
"2007","JohnSummerson.Trout","Sculpin spp.",93,9.64,0.984077033902831,1.96848294855394,2024-07-08,"020502030106 Lower Kettle Creek"
"2008","JohnSummerson.Trout","Sculpin spp.",84,5.44,0.73559889969818,1.92427928606188,2024-07-08,"020502030106 Lower Kettle Creek"
"2009","JohnSummerson.Trout","Sculpin spp.",62,2.3,0.361727836017593,1.79239168949825,2024-07-08,"020502030106 Lower Kettle Creek"
"2010","JohnSummerson.Trout","Sculpin spp.",75,3.95,0.59659709562646,1.8750612633917,2024-07-08,"020502030106 Lower Kettle Creek"
"2011","JohnSummerson.Trout","Sculpin spp.",102,13.62,1.13417710757677,2.00860017176192,2024-07-08,"020502030106 Lower Kettle Creek"
"2012","JohnSummerson.Trout","Sculpin spp.",74,3.75,0.574031267727719,1.86923171973098,2024-07-08,"020502030106 Lower Kettle Creek"
"2013","JohnSummerson.Trout","Sculpin spp.",52,1.35,0.130333768495006,1.7160033436348,2024-07-08,"020502030106 Lower Kettle Creek"
"2014","JohnSummerson.Trout","Sculpin spp.",74,4.12,0.614897216033135,1.86923171973098,2024-07-08,"020502030106 Lower Kettle Creek"
"2015","JohnSummerson.Trout","Sculpin spp.",128,26.17,1.41780372263988,2.10720996964787,2024-07-08,"020502030106 Lower Kettle Creek"
"2016","JohnSummerson.Trout","Sculpin spp.",80,4.87,0.687528961214634,1.90308998699194,2024-07-08,"020502030106 Lower Kettle Creek"
"2017","JohnSummerson.Trout","Sculpin spp.",80,4.91,0.691081492122968,1.90308998699194,2024-07-08,"020502030106 Lower Kettle Creek"
"2018","JohnSummerson.Trout","Sculpin spp.",61,2.54,0.404833716619938,1.78532983501077,2024-07-08,"020502030106 Lower Kettle Creek"
"2019","JohnSummerson.Trout","Sculpin spp.",91,7.25,0.860338006570994,1.95904139232109,2024-07-08,"020502030106 Lower Kettle Creek"
"2020","JohnSummerson.Trout","Sculpin spp.",75,4.64,0.666517980554881,1.8750612633917,2024-07-08,"020502030106 Lower Kettle Creek"
"2021","JohnSummerson.Trout","Sculpin spp.",62,2.33,0.367355921026019,1.79239168949825,2024-07-08,"020502030106 Lower Kettle Creek"
"2022","JohnSummerson.Trout","Sculpin spp.",62,2.42,0.383815365980431,1.79239168949825,2024-07-08,"020502030106 Lower Kettle Creek"
"2023","JohnSummerson.Trout","Sculpin spp.",72,3.56,0.551449997972875,1.85733249643127,2024-07-08,"020502030106 Lower Kettle Creek"
"2024","JohnSummerson.Trout","Sculpin spp.",62,2.55,0.406540180433955,1.79239168949825,2024-07-08,"020502030106 Lower Kettle Creek"
"2025","JohnSummerson.Trout","Sculpin spp.",76,4.6,0.662757831681574,1.88081359228079,2024-07-08,"020502030106 Lower Kettle Creek"
"2026","JohnSummerson.Trout","Sculpin spp.",64,2.62,0.418301291319745,1.80617997398389,2024-07-08,"020502030106 Lower Kettle Creek"
"2027","JohnSummerson.Trout","Sculpin spp.",54,1.36,0.133538908370218,1.73239375982297,2024-07-08,"020502030106 Lower Kettle Creek"
"2028","JohnSummerson.Trout","Sculpin spp.",72,4.13,0.615950051656401,1.85733249643127,2024-07-08,"020502030106 Lower Kettle Creek"
"2029","JohnSummerson.Trout","Sculpin spp.",54,1.55,0.190331698170291,1.73239375982297,2024-07-08,"020502030106 Lower Kettle Creek"
"2030","JohnSummerson.Trout","Sculpin spp.",61,2.44,0.387389826338729,1.78532983501077,2024-07-08,"020502030106 Lower Kettle Creek"
"2031","JohnSummerson.Trout","Sculpin spp.",105,12.68,1.10311925354571,2.02118929906994,2024-07-08,"020502030106 Lower Kettle Creek"
"2032","JohnSummerson.Trout","Sculpin spp.",68,3.06,0.48572142648158,1.83250891270624,2024-07-08,"020502030106 Lower Kettle Creek"
"2033","JohnSummerson.Trout","Sculpin spp.",62,2.19,0.340444114840118,1.79239168949825,2024-07-08,"020502030106 Lower Kettle Creek"
"2034","JohnSummerson.Trout","Sculpin spp.",85,6.65,0.822821645303105,1.92941892571429,2024-07-08,"020502030106 Lower Kettle Creek"
"2035","JohnSummerson.Trout","Sculpin spp.",47,1.03,0.0128372247051722,1.67209785793572,2024-07-08,"020502030106 Lower Kettle Creek"
"2036","Kettle.WestSusquehana","Sculpin spp.",52,1.4,0.146128035678238,1.7160033436348,2022-07-13,"020502030102 Upper Kettle Creek"
"2037","Kettle.WestSusquehana","Sculpin spp.",125,28.8,1.45939248775923,2.09691001300806,2022-07-13,"020502030102 Upper Kettle Creek"
"2038","Kettle.WestSusquehana","Sculpin spp.",67,3.6,0.556302500767287,1.82607480270083,2022-07-13,"020502030102 Upper Kettle Creek"
"2039","Kettle.WestSusquehana","Sculpin spp.",89,8.06,0.906335041805091,1.94939000664491,2025-07-07,"020502030102 Upper Kettle Creek"
"2040","Kettle.WestSusquehana","Sculpin spp.",95,10.47,1.01994668167884,1.97772360528885,2025-07-07,"020502030102 Upper Kettle Creek"
"2041","Kettle.WestSusquehana","Sculpin spp.",95,10,1,1.97772360528885,2022-07-13,"020502030102 Upper Kettle Creek"
"2042","Kettle.WestSusquehana","Sculpin spp.",63,3.1,0.491361693834273,1.79934054945358,2022-07-13,"020502030102 Upper Kettle Creek"
"2043","Kettle.WestSusquehana","Sculpin spp.",89,8,0.903089986991944,1.94939000664491,2022-07-13,"020502030102 Upper Kettle Creek"
"2044","Kettle.WestSusquehana","Sculpin spp.",49,1.4,0.146128035678238,1.69019608002851,2022-07-13,"020502030102 Upper Kettle Creek"
"2045","Kettle.WestSusquehana","Sculpin spp.",78,5.35,0.728353782021228,1.89209460269048,2025-07-07,"020502030102 Upper Kettle Creek"
"2046","Kettle.WestSusquehana","Sculpin spp.",91,8.86,0.947433721887051,1.95904139232109,2025-07-07,"020502030102 Upper Kettle Creek"
"2047","Kettle.WestSusquehana","Sculpin spp.",56,1.9,0.278753600952829,1.7481880270062,2022-07-13,"020502030102 Upper Kettle Creek"
"2048","Kettle.WestSusquehana","Sculpin spp.",68,3.6,0.556302500767287,1.83250891270624,2022-07-13,"020502030102 Upper Kettle Creek"
"2049","Kettle.WestSusquehana","Sculpin spp.",72,4.7,0.672097857935718,1.85733249643127,2022-07-13,"020502030102 Upper Kettle Creek"
"2050","Kettle.WestSusquehana","Sculpin spp.",79,5.54,0.74350976472843,1.89762709129044,2025-07-07,"020502030102 Upper Kettle Creek"
"2051","Kettle.WestSusquehana","Sculpin spp.",72,4.38,0.6414741105041,1.85733249643127,2025-07-07,"020502030102 Upper Kettle Creek"
"2052","Kettle.WestSusquehana","Sculpin spp.",44,1,0,1.64345267648619,2022-07-13,"020502030102 Upper Kettle Creek"
"2053","Kettle.WestSusquehana","Sculpin spp.",87,8,0.903089986991944,1.93951925261862,2022-07-13,"020502030102 Upper Kettle Creek"
"2054","Kettle.WestSusquehana","Sculpin spp.",53,1.8,0.255272505103306,1.72427586960079,2022-07-13,"020502030102 Upper Kettle Creek"
"2055","Kettle.WestSusquehana","Sculpin spp.",76,5.2,0.716003343634799,1.88081359228079,2022-07-13,"020502030102 Upper Kettle Creek"
"2056","Kettle.WestSusquehana","Sculpin spp.",78,5.7,0.755874855672491,1.89209460269048,2022-07-13,"020502030102 Upper Kettle Creek"
"2057","Kettle.WestSusquehana","Sculpin spp.",76,5.42,0.733999286538387,1.88081359228079,2025-07-07,"020502030102 Upper Kettle Creek"
"2058","Kettle.WestSusquehana","Sculpin spp.",83,6.2,0.792391689498254,1.91907809237607,2022-07-13,"020502030102 Upper Kettle Creek"
"2059","Kettle.WestSusquehana","Sculpin spp.",89,8.3,0.919078092376074,1.94939000664491,2022-07-13,"020502030102 Upper Kettle Creek"
"2060","Kettle.WestSusquehana","Sculpin spp.",87,8.8,0.944482672150169,1.93951925261862,2022-07-13,"020502030102 Upper Kettle Creek"
"2061","Kettle.WestSusquehana","Sculpin spp.",81,6.9,0.838849090737255,1.90848501887865,2022-07-13,"020502030102 Upper Kettle Creek"
"2062","Kettle.WestSusquehana","Sculpin spp.",60,2.4,0.380211241711606,1.77815125038364,2022-07-13,"020502030102 Upper Kettle Creek"
"2063","Kettle.WestSusquehana","Sculpin spp.",87,7.1,0.851258348719075,1.93951925261862,2022-07-13,"020502030102 Upper Kettle Creek"
"2064","Kettle.WestSusquehana","Sculpin spp.",63,3.1,0.491361693834273,1.79934054945358,2022-07-13,"020502030102 Upper Kettle Creek"
"2065","Kettle.WestSusquehana","Sculpin spp.",80,6.25,0.795880017344075,1.90308998699194,2025-07-07,"020502030102 Upper Kettle Creek"
"2066","Kettle.WestSusquehana","Sculpin spp.",42,0.85,-0.0705810742857073,1.6232492903979,2025-07-07,"020502030102 Upper Kettle Creek"
"2067","Kettle.WestSusquehana","Sculpin spp.",96,10.54,1.02284061087653,1.98227123303957,2025-07-07,"020502030102 Upper Kettle Creek"
"2068","Kettle.WestSusquehana","Sculpin spp.",42,0.81,-0.0915149811213502,1.6232492903979,2025-07-07,"020502030102 Upper Kettle Creek"
"2069","Kettle.WestSusquehana","Sculpin spp.",60,2.1,0.322219294733919,1.77815125038364,2025-07-07,"020502030102 Upper Kettle Creek"
"2070","Kettle.WestSusquehana","Sculpin spp.",81,6.006,0.778585327862962,1.90848501887865,2025-07-07,"020502030102 Upper Kettle Creek"
"2071","Kettle.WestSusquehana","Sculpin spp.",92,8.94,0.951337518795918,1.96378782734556,2025-07-07,"020502030102 Upper Kettle Creek"
"2072","Kettle.WestSusquehana","Sculpin spp.",70,4.14,0.617000341120899,1.84509804001426,2025-07-07,"020502030102 Upper Kettle Creek"
"2073","Kettle.WestSusquehana","Sculpin spp.",77,5.44,0.73559889969818,1.88649072517248,2025-07-07,"020502030102 Upper Kettle Creek"
"2074","Kettle.WestSusquehana","Sculpin spp.",85,7.28,0.862131379313037,1.92941892571429,2025-07-07,"020502030102 Upper Kettle Creek"
"2075","Kettle.WestSusquehana","Sculpin spp.",81,6.6,0.819543935541869,1.90848501887865,2022-07-13,"020502030102 Upper Kettle Creek"
"2076","Kettle.WestSusquehana","Sculpin spp.",84,6.8,0.832508912706236,1.92427928606188,2022-07-13,"020502030102 Upper Kettle Creek"
"2077","Kettle.WestSusquehana","Sculpin spp.",55,1.9,0.278753600952829,1.74036268949424,2022-07-13,"020502030102 Upper Kettle Creek"
"2078","Kettle.WestSusquehana","Sculpin spp.",74,4.62,0.664641975556125,1.86923171973098,2025-07-07,"020502030102 Upper Kettle Creek"
"2079","Kettle.WestSusquehana","Sculpin spp.",77,5.08,0.705863712283919,1.88649072517248,2025-07-07,"020502030102 Upper Kettle Creek"
"2080","Kettle.WestSusquehana","Sculpin spp.",77,5.56,0.745074791582057,1.88649072517248,2025-07-07,"020502030102 Upper Kettle Creek"
"2081","Kettle.WestSusquehana","Sculpin spp.",72,4.21,0.624282095835668,1.85733249643127,2025-07-07,"020502030102 Upper Kettle Creek"
"2082","Kettle.WestSusquehana","Sculpin spp.",103,13.3,1.12385164096709,2.01283722470517,2022-07-13,"020502030102 Upper Kettle Creek"
"2083","Kettle.WestSusquehana","Sculpin spp.",106,15.7,1.19589965240923,2.02530586526477,2022-07-13,"020502030102 Upper Kettle Creek"
"2084","Kettle.WestSusquehana","Sculpin spp.",69,4.15,0.618048096712093,1.83884909073726,2025-07-07,"020502030102 Upper Kettle Creek"
"2085","Kettle.WestSusquehana","Sculpin spp.",100,11.37,1.05576046468773,2,2025-07-07,"020502030102 Upper Kettle Creek"
"2086","Kettle.WestSusquehana","Sculpin spp.",105,16,1.20411998265592,2.02118929906994,2022-07-13,"020502030102 Upper Kettle Creek"
"2087","Kettle.WestSusquehana","Sculpin spp.",74,4.2,0.6232492903979,1.86923171973098,2025-07-07,"020502030102 Upper Kettle Creek"
"2088","Kettle.WestSusquehana","Sculpin spp.",72,4.62,0.664641975556125,1.85733249643127,2025-07-07,"020502030102 Upper Kettle Creek"
"2089","Kettle.WestSusquehana","Sculpin spp.",57,2.17,0.33645973384853,1.75587485567249,2025-07-07,"020502030102 Upper Kettle Creek"
"2090","Kettle.WestSusquehana","Sculpin spp.",47,1.5,0.176091259055681,1.67209785793572,2022-07-13,"020502030102 Upper Kettle Creek"
"2091","Kettle.WestSusquehana","Sculpin spp.",81,6.33,0.801403710017355,1.90848501887865,2025-07-07,"020502030102 Upper Kettle Creek"
"2092","Kettle.WestSusquehana","Sculpin spp.",119,16.85,1.22659990520736,2.07554696139253,2025-07-07,"020502030102 Upper Kettle Creek"
"2093","Kettle.WestSusquehana","Sculpin spp.",104,15.3,1.1846914308176,2.01703333929878,2022-07-13,"020502030102 Upper Kettle Creek"
"2094","Kettle.WestSusquehana","Sculpin spp.",85,8.02,0.904174368284164,1.92941892571429,2025-07-07,"020502030102 Upper Kettle Creek"
"2095","Kettle.WestSusquehana","Sculpin spp.",98,10.61,1.02571538390134,1.99122607569249,2025-07-07,"020502030102 Upper Kettle Creek"
"2096","LittleIndian.LittleKettle","Sculpin spp.",59,2.1,0.322219294733919,1.77085201164214,2023-07-13,"020502030103 Cross Fork"
"2097","LittleIndian.LittleKettle","Sculpin spp.",95,11.4,1.05690485133647,1.97772360528885,2023-07-13,"020502030103 Cross Fork"
"2098","LittleIndian.LittleKettle","Sculpin spp.",92,9.3,0.968482948553935,1.96378782734556,2023-07-13,"020502030103 Cross Fork"
"2099","LittleIndian.LittleKettle","Sculpin spp.",79,5.6,0.7481880270062,1.89762709129044,2023-07-13,"020502030103 Cross Fork"
"2100","LittleIndian.LittleKettle","Sculpin spp.",90,7.4,0.869231719730976,1.95424250943932,2023-07-13,"020502030103 Cross Fork"
"2101","LittleIndian.LittleKettle","Sculpin spp.",60,2.3,0.361727836017593,1.77815125038364,2023-07-13,"020502030103 Cross Fork"
"2102","LittleIndian.LittleKettle","Sculpin spp.",82,7.2,0.857332496431269,1.91381385238372,2023-07-13,"020502030103 Cross Fork"
"2103","LittleIndian.LittleKettle","Sculpin spp.",91,9,0.954242509439325,1.95904139232109,2023-07-13,"020502030103 Cross Fork"
"2104","LittleIndian.LittleKettle","Sculpin spp.",94,8.2,0.913813852383717,1.9731278535997,2023-07-13,"020502030103 Cross Fork"
"2105","LittleIndian.LittleKettle","Sculpin spp.",78,5.2,0.716003343634799,1.89209460269048,2023-07-13,"020502030103 Cross Fork"
"2106","LittleIndian.LittleKettle","Sculpin spp.",92,8.7,0.939519252618618,1.96378782734556,2023-07-13,"020502030103 Cross Fork"
"2107","LittleIndian.LittleKettle","Sculpin spp.",108,14.1,1.14921911265538,2.03342375548695,2023-07-13,"020502030103 Cross Fork"
"2108","LittleIndian.LittleKettle","Sculpin spp.",50,1.3,0.113943352306837,1.69897000433602,2023-07-13,"020502030103 Cross Fork"
"2109","LittleIndian.LittleKettle","Sculpin spp.",88,8.1,0.90848501887865,1.94448267215017,2023-07-13,"020502030103 Cross Fork"
"2110","LittleIndian.LittleKettle","Sculpin spp.",78,5.1,0.707570176097936,1.89209460269048,2023-07-13,"020502030103 Cross Fork"
"2111","LittleIndian.LittleKettle","Sculpin spp.",57,1.9,0.278753600952829,1.75587485567249,2023-07-13,"020502030103 Cross Fork"
"2112","LittleIndian.LittleKettle","Sculpin spp.",94,8.9,0.949390006644913,1.9731278535997,2023-07-13,"020502030103 Cross Fork"
"2113","LittleIndian.LittleKettle","Sculpin spp.",93,8.3,0.919078092376074,1.96848294855394,2023-07-13,"020502030103 Cross Fork"
"2114","LittleIndian.LittleKettle","Sculpin spp.",86,7.5,0.8750612633917,1.93449845124357,2023-07-13,"020502030103 Cross Fork"
"2115","LittleIndian.LittleKettle","Sculpin spp.",80,6.3,0.799340549453582,1.90308998699194,2023-07-13,"020502030103 Cross Fork"
"2116","LittleIndian.LittleKettle","Sculpin spp.",53,1.6,0.204119982655925,1.72427586960079,2023-07-13,"020502030103 Cross Fork"
"2117","LittleIndian.LittleKettle","Sculpin spp.",58,2.1,0.322219294733919,1.76342799356294,2023-07-13,"020502030103 Cross Fork"
"2118","LittleIndian.LittleKettle","Sculpin spp.",92,8.9,0.949390006644913,1.96378782734556,2023-07-13,"020502030103 Cross Fork"
"2119","LittleIndian.LittleKettle","Sculpin spp.",92,8.5,0.929418925714293,1.96378782734556,2023-07-13,"020502030103 Cross Fork"
"2120","LittleIndian.LittleKettle","Sculpin spp.",104,13,1.11394335230684,2.01703333929878,2023-07-13,"020502030103 Cross Fork"
"2121","LittleIndian.LittleKettle","Sculpin spp.",57,1.9,0.278753600952829,1.75587485567249,2023-07-13,"020502030103 Cross Fork"
"2122","LittleIndian.LittleKettle","Sculpin spp.",87,8.2,0.913813852383717,1.93951925261862,2023-07-13,"020502030103 Cross Fork"
"2123","LittleIndian.LittleKettle","Sculpin spp.",86,7.1,0.851258348719075,1.93449845124357,2023-07-13,"020502030103 Cross Fork"
"2124","LittleIndian.LittleKettle","Sculpin spp.",62,2.4,0.380211241711606,1.79239168949825,2023-07-13,"020502030103 Cross Fork"
"2125","LittleIndian.LittleKettle","Sculpin spp.",56,1.7,0.230448921378274,1.7481880270062,2023-07-13,"020502030103 Cross Fork"
"2126","LittleLyman.CrossFork","Creek Chub",103,10.7,1.02938377768521,2.01283722470517,2023-07-17,"020502030103 Cross Fork"
"2127","LittleLyman.CrossFork","Sculpin spp.",57,2.1,0.322219294733919,1.75587485567249,2023-07-17,"020502030103 Cross Fork"
"2128","LittleLyman.CrossFork","Blacknose Dace",84,4.6,0.662757831681574,1.92427928606188,2023-07-17,"020502030103 Cross Fork"
"2129","LittleLyman.CrossFork","Blacknose Dace",54,1.2,0.0791812460476248,1.73239375982297,2023-07-17,"020502030103 Cross Fork"
"2130","LittleLyman.CrossFork","Blacknose Dace",62,1.9,0.278753600952829,1.79239168949825,2023-07-17,"020502030103 Cross Fork"
"2131","LittleLyman.CrossFork","Sculpin spp.",95,9.7,0.986771734266245,1.97772360528885,2023-07-17,"020502030103 Cross Fork"
"2132","LittleLyman.CrossFork","Sculpin spp.",86,8.2,0.913813852383717,1.93449845124357,2023-07-17,"020502030103 Cross Fork"
"2133","LittleLyman.CrossFork","Sculpin spp.",65,3.3,0.518513939877887,1.81291335664286,2023-07-17,"020502030103 Cross Fork"
"2134","LittleLyman.CrossFork","Blacknose Dace",72,3.2,0.505149978319906,1.85733249643127,2023-07-17,"020502030103 Cross Fork"
"2135","LittleLyman.CrossFork","Sculpin spp.",73,3.9,0.591064607026499,1.86332286012046,2023-07-17,"020502030103 Cross Fork"
"2136","LittleLyman.CrossFork","Sculpin spp.",83,7.3,0.863322860120456,1.91907809237607,2023-07-17,"020502030103 Cross Fork"
"2137","LittleLyman.CrossFork","Sculpin spp.",90,9.1,0.959041392321094,1.95424250943932,2023-07-17,"020502030103 Cross Fork"
"2138","LittleLyman.CrossFork","Sculpin spp.",63,2.8,0.447158031342219,1.79934054945358,2023-07-17,"020502030103 Cross Fork"
"2139","LittleLyman.CrossFork","Sculpin spp.",87,7.3,0.863322860120456,1.93951925261862,2023-07-17,"020502030103 Cross Fork"
"2140","LittleLyman.CrossFork","Sculpin spp.",70,3.8,0.57978359661681,1.84509804001426,2023-07-17,"020502030103 Cross Fork"
"2141","LittleLyman.CrossFork","Blacknose Dace",52,1.2,0.0791812460476248,1.7160033436348,2023-07-17,"020502030103 Cross Fork"
"2142","LittleLyman.CrossFork","Creek Chub",113,13.1,1.11727129565576,2.05307844348342,2023-07-17,"020502030103 Cross Fork"
"2143","LittleLyman.CrossFork","Blacknose Dace",52,1.2,0.0791812460476248,1.7160033436348,2023-07-17,"020502030103 Cross Fork"
"2144","LittleLyman.CrossFork","Sculpin spp.",92,9.9,0.99563519459755,1.96378782734556,2023-07-17,"020502030103 Cross Fork"
"2145","LittleLyman.CrossFork","Sculpin spp.",88,8.9,0.949390006644913,1.94448267215017,2023-07-17,"020502030103 Cross Fork"
"2146","LittleLyman.CrossFork","Sculpin spp.",53,1.6,0.204119982655925,1.72427586960079,2023-07-17,"020502030103 Cross Fork"
"2147","LittleLyman.CrossFork","Blacknose Dace",63,2.2,0.342422680822206,1.79934054945358,2023-07-17,"020502030103 Cross Fork"
"2148","LittleLyman.CrossFork","Blacknose Dace",42,0.6,-0.221848749616356,1.6232492903979,2023-07-17,"020502030103 Cross Fork"
"2149","LittleLyman.CrossFork","Sculpin spp.",77,5.1,0.707570176097936,1.88649072517248,2023-07-17,"020502030103 Cross Fork"
"2150","LittleLyman.CrossFork","Sculpin spp.",69,3.3,0.518513939877887,1.83884909073726,2023-07-17,"020502030103 Cross Fork"
"2151","LittleLyman.CrossFork","Sculpin spp.",97,11.8,1.07188200730613,1.98677173426624,2023-07-17,"020502030103 Cross Fork"
"2152","LittleLyman.CrossFork","Sculpin spp.",83,6.6,0.819543935541869,1.91907809237607,2023-07-17,"020502030103 Cross Fork"
"2153","LittleLyman.CrossFork","Sculpin spp.",86,7.6,0.880813592280791,1.93449845124357,2023-07-17,"020502030103 Cross Fork"
"2154","LittleLyman.CrossFork","Sculpin spp.",64,3.3,0.518513939877887,1.80617997398389,2023-07-17,"020502030103 Cross Fork"
"2155","LittleLyman.CrossFork","Sculpin spp.",95,11.5,1.06069784035361,1.97772360528885,2023-07-17,"020502030103 Cross Fork"
"2156","LittleLyman.CrossFork","Sculpin spp.",94,12.3,1.0899051114394,1.9731278535997,2023-07-17,"020502030103 Cross Fork"
"2157","LittleLyman.CrossFork","Sculpin spp.",62,3.6,0.556302500767287,1.79239168949825,2023-07-17,"020502030103 Cross Fork"
"2158","LittleLyman.CrossFork","Sculpin spp.",60,2.5,0.397940008672038,1.77815125038364,2023-07-17,"020502030103 Cross Fork"
"2159","LittleLyman.CrossFork","Sculpin spp.",75,5.4,0.732393759822969,1.8750612633917,2023-07-17,"020502030103 Cross Fork"
"2160","LittleLyman.CrossFork","Blacknose Dace",78,3.7,0.568201724066995,1.89209460269048,2023-07-17,"020502030103 Cross Fork"
"2161","LittleLyman.CrossFork","Blacknose Dace",47,0.8,-0.0969100130080564,1.67209785793572,2023-07-17,"020502030103 Cross Fork"
"2162","LittleLyman.CrossFork","Blacknose Dace",75,3.5,0.544068044350276,1.8750612633917,2023-07-17,"020502030103 Cross Fork"
"2163","LittleLyman.CrossFork","Blacknose Dace",62,2.1,0.322219294733919,1.79239168949825,2023-07-17,"020502030103 Cross Fork"
"2164","LittleLyman.CrossFork","Blacknose Dace",72,3.2,0.505149978319906,1.85733249643127,2023-07-17,"020502030103 Cross Fork"
"2165","LittleLyman.CrossFork","Blacknose Dace",78,4.5,0.653212513775344,1.89209460269048,2023-07-17,"020502030103 Cross Fork"
"2166","LittleLyman.CrossFork","Blacknose Dace",45,0.8,-0.0969100130080564,1.65321251377534,2023-07-17,"020502030103 Cross Fork"
"2167","LittleLyman.CrossFork","Blacknose Dace",49,0.7,-0.154901959985743,1.69019608002851,2023-07-17,"020502030103 Cross Fork"
"2168","LittleLyman.CrossFork","Blacknose Dace",78,4.1,0.612783856719735,1.89209460269048,2023-07-17,"020502030103 Cross Fork"
"2169","LittleLyman.CrossFork","Blacknose Dace",63,2.2,0.342422680822206,1.79934054945358,2023-07-17,"020502030103 Cross Fork"
"2170","LittleLyman.CrossFork","Blacknose Dace",68,2.7,0.431363764158987,1.83250891270624,2023-07-17,"020502030103 Cross Fork"
"2171","LittleLyman.CrossFork","Blacknose Dace",51,1.2,0.0791812460476248,1.70757017609794,2023-07-17,"020502030103 Cross Fork"
"2172","LittleLyman.CrossFork","Sculpin spp.",105,13.3,1.12385164096709,2.02118929906994,2023-07-17,"020502030103 Cross Fork"
"2173","LittleLyman.CrossFork","Sculpin spp.",69,4,0.602059991327962,1.83884909073726,2023-07-17,"020502030103 Cross Fork"
"2174","LittleLyman.CrossFork","Blacknose Dace",77,3.9,0.591064607026499,1.88649072517248,2023-07-17,"020502030103 Cross Fork"
"2175","LittleLyman.CrossFork","Sculpin spp.",81,7.7,0.886490725172482,1.90848501887865,2023-07-17,"020502030103 Cross Fork"
"2176","LittleLyman.CrossFork","Sculpin spp.",97,9.9,0.99563519459755,1.98677173426624,2023-07-17,"020502030103 Cross Fork"
"2177","LittleLyman.CrossFork","Sculpin spp.",64,2.7,0.431363764158987,1.80617997398389,2023-07-17,"020502030103 Cross Fork"
"2178","LittleLyman.CrossFork","Sculpin spp.",22,0.1,-1,1.34242268082221,2023-07-17,"020502030103 Cross Fork"
"2179","LittleLyman.CrossFork","Blacknose Dace",70,2.6,0.414973347970818,1.84509804001426,2023-07-17,"020502030103 Cross Fork"
"2180","LittleLyman.CrossFork","Blacknose Dace",80,4.5,0.653212513775344,1.90308998699194,2023-07-17,"020502030103 Cross Fork"
"2181","LittleLyman.CrossFork","Blacknose Dace",72,3.7,0.568201724066995,1.85733249643127,2023-07-17,"020502030103 Cross Fork"
"2182","LittleLyman.CrossFork","Blacknose Dace",69,2.6,0.414973347970818,1.83884909073726,2023-07-17,"020502030103 Cross Fork"
"2183","Lloyd.Pine","Longnose Dace",72,3.7,0.568201724066995,1.85733249643127,2023-07-11,"020502050601 Trout Run-Pine Creek"
"2184","Lloyd.Pine","Longnose Dace",85,5,0.698970004336019,1.92941892571429,2023-07-11,"020502050601 Trout Run-Pine Creek"
"2185","Lloyd.Pine","Longnose Dace",82,5,0.698970004336019,1.91381385238372,2023-07-11,"020502050601 Trout Run-Pine Creek"
"2186","Lloyd.Pine","Tessellated Darter",59,1.8,0.255272505103306,1.77085201164214,2023-07-11,"020502050601 Trout Run-Pine Creek"
"2187","Lloyd.Pine","Longnose Dace",79,4.1,0.612783856719735,1.89762709129044,2023-07-11,"020502050601 Trout Run-Pine Creek"
"2188","Lloyd.Pine","Sculpin spp.",66,3.2,0.505149978319906,1.81954393554187,2023-07-11,"020502050601 Trout Run-Pine Creek"
"2189","Lloyd.Pine","Sculpin spp.",71,3.6,0.556302500767287,1.85125834871908,2023-07-11,"020502050601 Trout Run-Pine Creek"
"2190","Lloyd.Pine","Longnose Dace",83,5,0.698970004336019,1.91907809237607,2023-07-11,"020502050601 Trout Run-Pine Creek"
"2191","Lloyd.Pine","Sculpin spp.",67,3.3,0.518513939877887,1.82607480270083,2023-07-11,"020502050601 Trout Run-Pine Creek"
"2192","Lloyd.Pine","Sculpin spp.",67,3.1,0.491361693834273,1.82607480270083,2023-07-11,"020502050601 Trout Run-Pine Creek"
"2193","Lloyd.Pine","Sculpin spp.",90,7.8,0.89209460269048,1.95424250943932,2023-07-11,"020502050601 Trout Run-Pine Creek"
"2194","Lloyd.Pine","Sculpin spp.",82,6.6,0.819543935541869,1.91381385238372,2023-07-11,"020502050601 Trout Run-Pine Creek"
"2195","Lloyd.Pine","Longnose Dace",85,5.2,0.716003343634799,1.92941892571429,2023-07-11,"020502050601 Trout Run-Pine Creek"
"2196","Lloyd.Pine","Longnose Dace",81,4.9,0.690196080028514,1.90848501887865,2023-07-11,"020502050601 Trout Run-Pine Creek"
"2197","Lloyd.Pine","Longnose Dace",92,7.8,0.89209460269048,1.96378782734556,2023-07-11,"020502050601 Trout Run-Pine Creek"
"2198","Lloyd.Pine","Sculpin spp.",60,2.4,0.380211241711606,1.77815125038364,2023-07-11,"020502050601 Trout Run-Pine Creek"
"2199","Lloyd.Pine","Longnose Dace",78,3.9,0.591064607026499,1.89209460269048,2023-07-11,"020502050601 Trout Run-Pine Creek"
"2200","Lloyd.Pine","Sculpin spp.",67,2.7,0.431363764158987,1.82607480270083,2023-07-11,"020502050601 Trout Run-Pine Creek"
"2201","Lloyd.Pine","Sculpin spp.",67,3.7,0.568201724066995,1.82607480270083,2023-07-11,"020502050601 Trout Run-Pine Creek"
"2202","Lloyd.Pine","Sculpin spp.",80,5.8,0.763427993562937,1.90308998699194,2023-07-11,"020502050601 Trout Run-Pine Creek"
"2203","Lloyd.Pine","Sculpin spp.",71,4.1,0.612783856719735,1.85125834871908,2023-07-11,"020502050601 Trout Run-Pine Creek"
"2204","Lloyd.Pine","Sculpin spp.",80,5.7,0.755874855672491,1.90308998699194,2023-07-11,"020502050601 Trout Run-Pine Creek"
"2205","Lloyd.Pine","Sculpin spp.",87,7.3,0.863322860120456,1.93951925261862,2023-07-11,"020502050601 Trout Run-Pine Creek"
"2206","Lloyd.Pine","Longnose Dace",90,7.1,0.851258348719075,1.95424250943932,2023-07-11,"020502050601 Trout Run-Pine Creek"
"2207","Lloyd.Pine","Longnose Dace",87,5.2,0.716003343634799,1.93951925261862,2023-07-11,"020502050601 Trout Run-Pine Creek"
"2208","Lloyd.Pine","Sculpin spp.",60,2.4,0.380211241711606,1.77815125038364,2023-07-11,"020502050601 Trout Run-Pine Creek"
"2209","Lloyd.Pine","Sculpin spp.",84,6.7,0.826074802700826,1.92427928606188,2023-07-11,"020502050601 Trout Run-Pine Creek"
"2210","Lloyd.Pine","Sculpin spp.",103,14.1,1.14921911265538,2.01283722470517,2023-07-11,"020502050601 Trout Run-Pine Creek"
"2211","Lloyd.Pine","Sculpin spp.",99,11.9,1.07554696139253,1.99563519459755,2023-07-11,"020502050601 Trout Run-Pine Creek"
"2212","Lloyd.Pine","Sculpin spp.",72,4.2,0.6232492903979,1.85733249643127,2023-07-11,"020502050601 Trout Run-Pine Creek"
"2213","Lloyd.Pine","Sculpin spp.",69,3.8,0.57978359661681,1.83884909073726,2023-07-11,"020502050601 Trout Run-Pine Creek"
"2214","Lloyd.Pine","Sculpin spp.",71,4.2,0.6232492903979,1.85125834871908,2023-07-11,"020502050601 Trout Run-Pine Creek"
"2215","Lloyd.Pine","Sculpin spp.",65,2.8,0.447158031342219,1.81291335664286,2023-07-11,"020502050601 Trout Run-Pine Creek"
"2216","Lloyd.Pine","Longnose Dace",80,4.3,0.633468455579587,1.90308998699194,2023-07-11,"020502050601 Trout Run-Pine Creek"
"2217","Lloyd.Pine","Sculpin spp.",56,1.8,0.255272505103306,1.7481880270062,2023-07-11,"020502050601 Trout Run-Pine Creek"
"2218","Lloyd.Pine","Longnose Dace",75,3.8,0.57978359661681,1.8750612633917,2023-07-11,"020502050601 Trout Run-Pine Creek"
"2219","Lloyd.Pine","Longnose Dace",86,5.7,0.755874855672491,1.93449845124357,2023-07-11,"020502050601 Trout Run-Pine Creek"
"2220","Lloyd.Pine","Sculpin spp.",81,5.8,0.763427993562937,1.90848501887865,2023-07-11,"020502050601 Trout Run-Pine Creek"
"2221","Lloyd.Pine","Sculpin spp.",99,11.8,1.07188200730613,1.99563519459755,2023-07-11,"020502050601 Trout Run-Pine Creek"
"2222","Lock.JohnSummerson","Sculpin spp.",84,5.88,0.769377326076139,1.92427928606188,2024-07-08,"020502030106 Lower Kettle Creek"
"2223","Lock.JohnSummerson","Sculpin spp.",113,18.07,1.25695815256093,2.05307844348342,2024-07-08,"020502030106 Lower Kettle Creek"
"2224","Lock.JohnSummerson","Sculpin spp.",77,4.71,0.673020907128896,1.88649072517248,2024-07-08,"020502030106 Lower Kettle Creek"
"2225","Lock.JohnSummerson","Sculpin spp.",70,3.33,0.52244423350632,1.84509804001426,2024-07-08,"020502030106 Lower Kettle Creek"
"2226","Lock.JohnSummerson","Sculpin spp.",85,6.55,0.816241299991783,1.92941892571429,2024-07-08,"020502030106 Lower Kettle Creek"
"2227","Lock.JohnSummerson","Sculpin spp.",64,2.78,0.444044795918076,1.80617997398389,2024-07-08,"020502030106 Lower Kettle Creek"
"2228","Lock.JohnSummerson","Sculpin spp.",100,11.87,1.07445071895459,2,2024-07-08,"020502030106 Lower Kettle Creek"
"2229","Lock.JohnSummerson","Sculpin spp.",102,13.13,1.11826472608948,2.00860017176192,2024-07-08,"020502030106 Lower Kettle Creek"
"2230","Lock.JohnSummerson","Sculpin spp.",87,6.76,0.829946695941636,1.93951925261862,2024-07-08,"020502030106 Lower Kettle Creek"
"2231","Lock.JohnSummerson","Sculpin spp.",94,9.49,0.977266212427293,1.9731278535997,2024-07-08,"020502030106 Lower Kettle Creek"
"2232","Lock.JohnSummerson","Sculpin spp.",105,12.93,1.11159852488039,2.02118929906994,2024-07-08,"020502030106 Lower Kettle Creek"
"2233","Lock.JohnSummerson","Sculpin spp.",110,16.62,1.22063101944809,2.04139268515822,2024-07-08,"020502030106 Lower Kettle Creek"
"2234","Lock.JohnSummerson","Sculpin spp.",79,5,0.698970004336019,1.89762709129044,2024-07-08,"020502030106 Lower Kettle Creek"
"2235","Lock.JohnSummerson","Sculpin spp.",85,6.68,0.824776462475546,1.92941892571429,2024-07-08,"020502030106 Lower Kettle Creek"
"2236","Lock.JohnSummerson","Sculpin spp.",110,16.7,1.22271647114758,2.04139268515822,2024-07-08,"020502030106 Lower Kettle Creek"
"2237","Lock.JohnSummerson","Sculpin spp.",101,11.74,1.0696680969116,2.00432137378264,2024-07-08,"020502030106 Lower Kettle Creek"
"2238","Lock.JohnSummerson","Sculpin spp.",74,4.32,0.635483746814912,1.86923171973098,2024-07-08,"020502030106 Lower Kettle Creek"
"2239","Lock.JohnSummerson","Sculpin spp.",81,5.9,0.770852011642144,1.90848501887865,2024-07-08,"020502030106 Lower Kettle Creek"
"2240","Lock.JohnSummerson","Sculpin spp.",77,4.45,0.648360010980932,1.88649072517248,2024-07-08,"020502030106 Lower Kettle Creek"
"2241","Lock.JohnSummerson","Sculpin spp.",55,1.79,0.252853030979893,1.74036268949424,2024-07-08,"020502030106 Lower Kettle Creek"
"2242","Lock.JohnSummerson","Sculpin spp.",60,2.1,0.322219294733919,1.77815125038364,2024-07-08,"020502030106 Lower Kettle Creek"
"2243","Lock.JohnSummerson","Sculpin spp.",75,4.12,0.614897216033135,1.8750612633917,2024-07-08,"020502030106 Lower Kettle Creek"
"2244","Lock.JohnSummerson","Sculpin spp.",94,9.49,0.977266212427293,1.9731278535997,2024-07-08,"020502030106 Lower Kettle Creek"
"2245","Lock.JohnSummerson","Sculpin spp.",82,5.85,0.76715586608218,1.91381385238372,2024-07-08,"020502030106 Lower Kettle Creek"
"2246","Lock.JohnSummerson","Sculpin spp.",85,6.55,0.816241299991783,1.92941892571429,2024-07-08,"020502030106 Lower Kettle Creek"
"2247","Lock.JohnSummerson","Sculpin spp.",86,6.71,0.826722520168992,1.93449845124357,2024-07-08,"020502030106 Lower Kettle Creek"
"2248","Lock.JohnSummerson","Sculpin spp.",74,4.6,0.662757831681574,1.86923171973098,2024-07-08,"020502030106 Lower Kettle Creek"
"2249","Lock.JohnSummerson","Sculpin spp.",75,5.21,0.716837723299524,1.8750612633917,2024-07-08,"020502030106 Lower Kettle Creek"
"2250","Lock.JohnSummerson","Sculpin spp.",85,6.48,0.811575005870593,1.92941892571429,2024-07-08,"020502030106 Lower Kettle Creek"
"2251","Lock.JohnSummerson","Sculpin spp.",74,4.17,0.620136054973757,1.86923171973098,2024-07-08,"020502030106 Lower Kettle Creek"
"2252","LR0-FM-M","Creek Chub",92,9.01,0.954724790979063,1.96378782734556,2024-06-11,"020502061204 Limestone Run"
"2253","LR0-FM-M","Creek Chub",107,11.14,1.04688519083771,2.02938377768521,2024-06-11,"020502061204 Limestone Run"
"2254","LR0-FM-M","Rock Bass",116,32.22,1.5081255360832,2.06445798922692,2024-06-11,"020502061204 Limestone Run"
"2255","LR0-FM-M","Creek Chub",104,11.9,1.07554696139253,2.01703333929878,2024-06-11,"020502061204 Limestone Run"
"2256","LR0-FM-M","Creek Chub",116,18.07,1.25695815256093,2.06445798922692,2024-06-11,"020502061204 Limestone Run"
"2257","LR0-FM-M","Creek Chub",124,18.06,1.25671774597749,2.09342168516224,2024-06-11,"020502061204 Limestone Run"
"2258","LR0-FM-M","Cutlip Minnow",95,10.36,1.01535975540921,1.97772360528885,2024-06-11,"020502061204 Limestone Run"
"2259","LR0-FM-M","White Sucker",123,16.06,1.20574554094266,2.0899051114394,2024-06-11,"020502061204 Limestone Run"
"2260","LR0-FM-M","Creek Chub",154,47.92,1.68051680938126,2.18752072083646,2024-06-11,"020502061204 Limestone Run"
"2261","LR0-FM-M","White Sucker",121,16.38,1.2143138974244,2.08278537031645,2024-06-11,"020502061204 Limestone Run"
"2262","LR0-FM-M","White Sucker",157,39.69,1.59868109890716,2.19589965240923,2024-06-11,"020502061204 Limestone Run"
"2263","LR0-FM-M","White Sucker",151,30.5,1.48429983934679,2.17897694729317,2024-06-11,"020502061204 Limestone Run"
"2264","LR0-FM-M","White Sucker",123,17.6,1.24551266781415,2.0899051114394,2024-06-11,"020502061204 Limestone Run"
"2265","LR0-FM-M","Central Stoneroller",101,10.74,1.03100428136354,2.00432137378264,2024-06-11,"020502061204 Limestone Run"
"2266","LR0-FM-M","Central Stoneroller",111,12.85,1.10890312766731,2.04532297878666,2024-06-11,"020502061204 Limestone Run"
"2267","LR0-FM-M","Central Stoneroller",161,46.62,1.66857226918456,2.20682587603185,2024-06-11,"020502061204 Limestone Run"
"2268","LR0-FM-M","White Sucker",228,126.4,2.10174707394637,2.35793484700045,2024-06-11,"020502061204 Limestone Run"
"2269","LR0-FM-M","Central Stoneroller",103,10.31,1.01325866528352,2.01283722470517,2024-06-11,"020502061204 Limestone Run"
"2270","LR0-FM-M","Central Stoneroller",89,6.16,0.789580712164425,1.94939000664491,2024-06-11,"020502061204 Limestone Run"
"2271","LR0-FM-M","Central Stoneroller",103,10.45,1.01911629044707,2.01283722470517,2024-06-11,"020502061204 Limestone Run"
"2272","LR0-FM-M","Central Stoneroller",161,38.71,1.58782317131896,2.20682587603185,2024-06-11,"020502061204 Limestone Run"
"2273","LR0-FM-M","Central Stoneroller",64,2.33,0.367355921026019,1.80617997398389,2024-06-11,"020502061204 Limestone Run"
"2274","LR0-FM-M","Central Stoneroller",67,2.42,0.383815365980431,1.82607480270083,2024-06-11,"020502061204 Limestone Run"
"2275","LR0-FM-M","Central Stoneroller",97,8.83,0.945960703577569,1.98677173426624,2024-06-11,"020502061204 Limestone Run"
"2276","LR0-FM-M","Central Stoneroller",66,2.81,0.44870631990508,1.81954393554187,2024-06-11,"020502061204 Limestone Run"
"2277","LR0-FM-M","Central Stoneroller",97,6.28,0.797959643737196,1.98677173426624,2024-06-11,"020502061204 Limestone Run"
"2278","LR0-FM-M","Creek Chub",114,16.48,1.2169572073611,2.05690485133647,2024-06-11,"020502061204 Limestone Run"
"2279","LR0-FM-M","Creek Chub",59,2.18,0.338456493604605,1.77085201164214,2024-06-11,"020502061204 Limestone Run"
"2280","LR0-FM-M","Creek Chub",162,55.59,1.74499667403856,2.20951501454263,2024-06-11,"020502061204 Limestone Run"
"2281","LR0-FM-M","White Sucker",189,66.3,1.82151352840477,2.27646180417324,2024-06-11,"020502061204 Limestone Run"
"2282","LR0-FM-M","White Sucker",263,183.6,2.26387267686522,2.41995574848976,2024-06-11,"020502061204 Limestone Run"
"2283","LR0-FM-M","White Sucker",189,64.9,1.81224469680037,2.27646180417324,2024-06-11,"020502061204 Limestone Run"
"2284","LR0-FM-M","White Sucker",199,67.7,1.83058866868514,2.29885307640971,2024-06-11,"020502061204 Limestone Run"
"2285","LR0-FM-M","White Sucker",187,64.2,1.80753502806885,2.2718416065365,2024-06-11,"020502061204 Limestone Run"
"2286","LR0-FM-M","White Sucker",215,100.9,2.00389116623691,2.33243845991561,2024-06-11,"020502061204 Limestone Run"
"2287","LR0-FM-M","White Sucker",194,250,2.39794000867204,2.28780172993023,2024-06-11,"020502061204 Limestone Run"
"2288","LR0-FM-M","White Sucker",220,106.8,2.02857125269254,2.34242268082221,2024-06-11,"020502061204 Limestone Run"
"2289","LR0-FM-M","Central Stoneroller",109,13.24,1.12188798510368,2.03742649794062,2024-06-11,"020502061204 Limestone Run"
"2290","LR0-FM-M","Central Stoneroller",109,11.17,1.04805317311561,2.03742649794062,2024-06-11,"020502061204 Limestone Run"
"2291","LR0-FM-M","Bluntnose Minnow",87,6.01,0.77887447200274,1.93951925261862,2024-06-11,"020502061204 Limestone Run"
"2292","LR0-FM-M","Cutlip Minnow",75,4.34,0.637489729512511,1.8750612633917,2024-06-11,"020502061204 Limestone Run"
"2293","LR0-FM-M","Cutlip Minnow",98,11.57,1.06333335895175,1.99122607569249,2024-06-11,"020502061204 Limestone Run"
"2294","LR0-FM-M","Creek Chub",160,53.03,1.72452162711856,2.20411998265592,2024-06-11,"020502061204 Limestone Run"
"2295","LR0-FM-M","Creek Chub",110,16.64,1.22115332195471,2.04139268515822,2024-06-11,"020502061204 Limestone Run"
"2296","LR0-FM-M","Creek Chub",89,7.83,0.893761762057943,1.94939000664491,2024-06-11,"020502061204 Limestone Run"
"2297","LR0-FM-M","Creek Chub",116,17.77,1.2496874278053,2.06445798922692,2024-06-11,"020502061204 Limestone Run"
"2298","LR0-FM-M","Blacknose Dace",68,2.45,0.389166084364532,1.83250891270624,2024-06-11,"020502061204 Limestone Run"
"2299","LR0-FM-M","Blacknose Dace",64,2.42,0.383815365980431,1.80617997398389,2024-06-11,"020502061204 Limestone Run"
"2300","LR0-FM-M","Blacknose Dace",70,2.49,0.396199347095736,1.84509804001426,2024-06-11,"020502061204 Limestone Run"
"2301","LR0-FM-M","White Sucker",73,3.73,0.571708831808688,1.86332286012046,2024-06-11,"020502061204 Limestone Run"
"2302","LR0-FM-M","White Sucker",82,4.92,0.69196510276736,1.91381385238372,2024-06-11,"020502061204 Limestone Run"
"2303","LR0-FM-M","White Sucker",100,9.32,0.969415912353981,2,2024-06-11,"020502061204 Limestone Run"
"2304","LR0-FM-M","White Sucker",128,19.32,1.28600712207947,2.10720996964787,2024-06-11,"020502061204 Limestone Run"
"2305","LR0-FM-M","White Sucker",119,15.91,1.20167017964658,2.07554696139253,2024-06-11,"020502061204 Limestone Run"
"2306","LR0-FM-M","White Sucker",73,3.73,0.571708831808688,1.86332286012046,2024-06-11,"020502061204 Limestone Run"
"2307","LR0-FM-M","White Sucker",129,19.25,1.28443073384452,2.11058971029925,2024-06-11,"020502061204 Limestone Run"
"2308","LR0-FM-M","White Sucker",114,14.61,1.1646502159343,2.05690485133647,2024-06-11,"020502061204 Limestone Run"
"2309","LR0-FM-M","White Sucker",142,24.92,1.39654803798713,2.15228834438306,2024-06-11,"020502061204 Limestone Run"
"2310","LR0-FM-M","White Sucker",70,3.06,0.48572142648158,1.84509804001426,2024-06-11,"020502061204 Limestone Run"
"2311","LR0-FM-M","White Sucker",170,48.44,1.68520413447101,2.23044892137827,2024-06-11,"020502061204 Limestone Run"
"2312","LR0-FM-M","Creek Chub",89,7.2,0.857332496431269,1.94939000664491,2024-06-11,"020502061204 Limestone Run"
"2313","LR0-FM-M","Creek Chub",85,6.1,0.785329835010767,1.92941892571429,2024-06-11,"020502061204 Limestone Run"
"2314","LR0-FM-M","Central Stoneroller",61,2.06,0.313867220369153,1.78532983501077,2024-06-11,"020502061204 Limestone Run"
"2315","LR0-FM-M","Central Stoneroller",107,10.01,1.00043407747932,2.02938377768521,2024-06-11,"020502061204 Limestone Run"
"2316","LR0-FM-M","Central Stoneroller",65,2.7,0.431363764158987,1.81291335664286,2024-06-11,"020502061204 Limestone Run"
"2317","LR0-FM-M","Creek Chub",143,34.68,1.54007908880417,2.15533603746506,2024-06-11,"020502061204 Limestone Run"
"2318","LR0-FM-M","Creek Chub",132,27.55,1.4401216031878,2.12057393120585,2024-06-11,"020502061204 Limestone Run"
"2319","LR0-FM-M","Blacknose Dace",49,1.02,0.00860017176191757,1.69019608002851,2024-06-11,"020502061204 Limestone Run"
"2320","LR0-FM-M","Blacknose Dace",59,2.06,0.313867220369153,1.77085201164214,2024-06-11,"020502061204 Limestone Run"
"2321","LR0-FM-M","Blacknose Dace",67,2.84,0.453318340047038,1.82607480270083,2024-06-11,"020502061204 Limestone Run"
"2322","LR0-FM-M","Blacknose Dace",65,2.73,0.436162647040756,1.81291335664286,2024-06-11,"020502061204 Limestone Run"
"2323","LR0-FM-M","Blacknose Dace",53,1.61,0.20682587603185,1.72427586960079,2024-06-11,"020502061204 Limestone Run"
"2324","LR0-FM-M","Blacknose Dace",64,3.07,0.487138375477186,1.80617997398389,2024-06-11,"020502061204 Limestone Run"
"2325","LR0-FM-M","Blacknose Dace",60,1.81,0.257678574869184,1.77815125038364,2024-06-11,"020502061204 Limestone Run"
"2326","LR0-FM-M","Blacknose Dace",50,1.09,0.0374264979406237,1.69897000433602,2024-06-11,"020502061204 Limestone Run"
"2327","LR0-FM-M","Blacknose Dace",66,2.11,0.324282455297693,1.81954393554187,2024-06-11,"020502061204 Limestone Run"
"2328","LR0-FM-M","Blacknose Dace",62,2.43,0.385606273598312,1.79239168949825,2024-06-11,"020502061204 Limestone Run"
"2329","LR0-FM-M","Blacknose Dace",75,3.63,0.559906625036113,1.8750612633917,2024-06-11,"020502061204 Limestone Run"
"2330","LR0-FM-M","White Sucker",208,100.8,2.00346053210951,2.31806333496276,2024-06-11,"020502061204 Limestone Run"
"2331","LR0-FM-M","White Sucker",149,30.5,1.48429983934679,2.17318626841227,2024-06-11,"020502061204 Limestone Run"
"2332","LR0-FM-M","Creek Chub",50,1.23,0.0899051114393979,1.69897000433602,2024-06-11,"020502061204 Limestone Run"
"2333","LR0-FM-M","Creek Chub",110,13.13,1.11826472608948,2.04139268515822,2024-06-11,"020502061204 Limestone Run"
"2334","LR0-FM-M","Creek Chub",81,5.89,0.770115294787102,1.90848501887865,2024-06-11,"020502061204 Limestone Run"
"2335","LR0-FM-M","Creek Chub",130,25.78,1.41128291301738,2.11394335230684,2024-06-11,"020502061204 Limestone Run"
"2336","LR0-FM-M","Creek Chub",164,50.89,1.70663245087329,2.2148438480477,2024-06-11,"020502061204 Limestone Run"
"2337","LR0-FM-M","Creek Chub",161,60.15,1.77923563167586,2.20682587603185,2024-06-11,"020502061204 Limestone Run"
"2338","LR0-FM-M","Blacknose Dace",62,2.02,0.305351369446624,1.79239168949825,2024-06-11,"020502061204 Limestone Run"
"2339","LR0-FM-M","Blacknose Dace",69,2.72,0.434568904034199,1.83884909073726,2024-06-11,"020502061204 Limestone Run"
"2340","LR0-FM-M","Blacknose Dace",61,2.07,0.315970345456918,1.78532983501077,2024-06-11,"020502061204 Limestone Run"
"2341","LR0-FM-M","Blacknose Dace",69,2.55,0.406540180433955,1.83884909073726,2024-06-11,"020502061204 Limestone Run"
"2342","LR0-FM-M","Blacknose Dace",54,1.26,0.100370545117563,1.73239375982297,2024-06-11,"020502061204 Limestone Run"
"2343","LR0-FM-M","Blacknose Dace",61,2.17,0.33645973384853,1.78532983501077,2024-06-11,"020502061204 Limestone Run"
"2344","LR0-FM-M","Blacknose Dace",53,1.34,0.127104798364808,1.72427586960079,2024-06-11,"020502061204 Limestone Run"
"2345","LR0-FM-M","Green Sunfish",116,33.31,1.52257463269118,2.06445798922692,2024-06-11,"020502061204 Limestone Run"
"2346","LR0-FM-M","Banded Killifish",61,2.51,0.399673721481038,1.78532983501077,2024-06-11,"020502061204 Limestone Run"
"2347","LR0-FM-M","Banded Killifish",83,5.92,0.77232170672292,1.91907809237607,2024-06-11,"020502061204 Limestone Run"
"2348","LR0-FM-M","Banded Killifish",39,0.55,-0.259637310505756,1.5910646070265,2024-06-11,"020502061204 Limestone Run"
"2349","LR0-FM-M","Banded Killifish",63,2.36,0.372912002970107,1.79934054945358,2024-06-11,"020502061204 Limestone Run"
"2350","LR0-FM-M","Banded Killifish",66,3.16,0.499687082618404,1.81954393554187,2024-06-11,"020502061204 Limestone Run"
"2351","LR0-FM-M","Banded Killifish",70,3.47,0.540329474790874,1.84509804001426,2024-06-11,"020502061204 Limestone Run"
"2352","LR0-FM-M","Banded Killifish",65,2.66,0.424881636631067,1.81291335664286,2024-06-11,"020502061204 Limestone Run"
"2353","LR0-FM-M","Banded Killifish",85,5.77,0.761175813155731,1.92941892571429,2024-06-11,"020502061204 Limestone Run"
"2354","LR0-FM-M","Creek Chub",60,2.19,0.340444114840118,1.77815125038364,2024-06-11,"020502061204 Limestone Run"
"2355","LR0-FM-M","Creek Chub",125,21.27,1.32776748990273,2.09691001300806,2024-06-11,"020502061204 Limestone Run"
"2356","LR0-FM-M","Creek Chub",144,35.23,1.54691264318124,2.15836249209525,2024-06-11,"020502061204 Limestone Run"
"2357","LR0-FM-M","Blacknose Dace",63,2.26,0.354108439147401,1.79934054945358,2024-06-11,"020502061204 Limestone Run"
"2358","LR0-FM-M","Blacknose Dace",65,2.57,0.409933123331295,1.81291335664286,2024-06-11,"020502061204 Limestone Run"
"2359","LR0-FM-M","Blacknose Dace",67,2.84,0.453318340047038,1.82607480270083,2024-06-11,"020502061204 Limestone Run"
"2360","LR0-FM-M","Central Stoneroller",99,8.6,0.934498451243568,1.99563519459755,2024-06-11,"020502061204 Limestone Run"
"2361","LR0-FM-M","Central Stoneroller",100,10.25,1.01072386539177,2,2024-06-11,"020502061204 Limestone Run"
"2362","LR0-FM-M","Central Stoneroller",112,11.57,1.06333335895175,2.04921802267018,2024-06-11,"020502061204 Limestone Run"
"2363","LR0-FM-M","Central Stoneroller",67,3.09,0.489958479424835,1.82607480270083,2024-06-11,"020502061204 Limestone Run"
"2364","LR0-FM-M","Central Stoneroller",110,11.15,1.04727486738418,2.04139268515822,2024-06-11,"020502061204 Limestone Run"
"2365","LR0-FM-M","Central Stoneroller",60,2.02,0.305351369446624,1.77815125038364,2024-06-11,"020502061204 Limestone Run"
"2366","LR0-FM-M","Central Stoneroller",61,2.04,0.309630167425899,1.78532983501077,2024-06-11,"020502061204 Limestone Run"
"2367","LR0-FM-M","Bluntnose Minnow",71,3.36,0.526339277389844,1.85125834871908,2024-06-11,"020502061204 Limestone Run"
"2368","LR0-FM-M","Bluntnose Minnow",86,6.49,0.812244696800369,1.93449845124357,2024-06-11,"020502061204 Limestone Run"
"2369","LR0-FM-M","Bluntnose Minnow",85,5.76,0.760422483423212,1.92941892571429,2024-06-11,"020502061204 Limestone Run"
"2370","LR0-FM-M","Bluntnose Minnow",83,6.04,0.781036938621132,1.91907809237607,2024-06-11,"020502061204 Limestone Run"
"2371","LR0-FM-M","Bluntnose Minnow",56,1.96,0.292256071356476,1.7481880270062,2024-06-11,"020502061204 Limestone Run"
"2372","LR0-FM-M","Creek Chub",76,4.38,0.6414741105041,1.88081359228079,2024-06-11,"020502061204 Limestone Run"
"2373","LR0-FM-M","Creek Chub",121,19.99,1.30081279411812,2.08278537031645,2024-06-11,"020502061204 Limestone Run"
"2374","LR0-FM-M","White Sucker",113,13.13,1.11826472608948,2.05307844348342,2024-06-11,"020502061204 Limestone Run"
"2375","LR0-FM-M","White Sucker",178,60.06,1.77858532786296,2.25042000230889,2024-06-11,"020502061204 Limestone Run"
"2376","LR0-FM-M","White Sucker",166,50.11,1.69992440274248,2.22010808804005,2024-06-11,"020502061204 Limestone Run"
"2377","LR0-FM-M","Blacknose Dace",62,2.4,0.380211241711606,1.79239168949825,2024-06-11,"020502061204 Limestone Run"
"2378","LR0-FM-M","Cutlip Minnow",78,5.23,0.718501688867274,1.89209460269048,2024-06-11,"020502061204 Limestone Run"
"2379","LR0-FM-M","Cutlip Minnow",72,3.9,0.591064607026499,1.85733249643127,2024-06-11,"020502061204 Limestone Run"
"2380","LR0-FM-M","Cutlip Minnow",68,3.07,0.487138375477186,1.83250891270624,2024-06-11,"020502061204 Limestone Run"
"2381","LR0-FM-M","Cutlip Minnow",87,7.71,0.887054378050957,1.93951925261862,2024-06-11,"020502061204 Limestone Run"
"2382","LR0-FM-M","Cutlip Minnow",75,3.84,0.584331224367531,1.8750612633917,2024-06-11,"020502061204 Limestone Run"
"2383","LR0-FM-M","Cutlip Minnow",87,6.98,0.843855422623161,1.93951925261862,2024-06-11,"020502061204 Limestone Run"
"2384","LR0-FM-M","Cutlip Minnow",58,2.07,0.315970345456918,1.76342799356294,2024-06-11,"020502061204 Limestone Run"
"2385","LR0-FM-M","Cutlip Minnow",38,6.97,0.843232778098009,1.57978359661681,2024-06-11,"020502061204 Limestone Run"
"2386","LR0-FM-M","Cutlip Minnow",92,8.35,0.921686475483602,1.96378782734556,2024-06-11,"020502061204 Limestone Run"
"2387","LR0-FM-M","Cutlip Minnow",92,7.05,0.848189116991399,1.96378782734556,2024-06-11,"020502061204 Limestone Run"
"2388","LR0-FM-M","Cutlip Minnow",111,16.21,1.20978301484851,2.04532297878666,2024-06-11,"020502061204 Limestone Run"
"2389","LR0-FM-M","Cutlip Minnow",86,8.51,0.929929560084588,1.93449845124357,2024-06-11,"020502061204 Limestone Run"
"2390","LR0-FM-M","Cutlip Minnow",71,4.8,0.681241237375587,1.85125834871908,2024-06-11,"020502061204 Limestone Run"
"2391","LR0-FM-M","Cutlip Minnow",66,3.63,0.559906625036113,1.81954393554187,2024-06-11,"020502061204 Limestone Run"
"2392","LR0-FM-M","Cutlip Minnow",90,9.11,0.959518376972998,1.95424250943932,2024-06-11,"020502061204 Limestone Run"
"2393","LR0-FM-M","Cutlip Minnow",82,4.96,0.695481676490197,1.91381385238372,2024-06-11,"020502061204 Limestone Run"
"2394","LR0-FM-M","Cutlip Minnow",78,5.32,0.725911632295048,1.89209460269048,2024-06-11,"020502061204 Limestone Run"
"2395","LR0-FM-M","Cutlip Minnow",79,5.58,0.746634198937579,1.89762709129044,2024-06-11,"020502061204 Limestone Run"
"2396","LR0-FM-M","Cutlip Minnow",79,5.09,0.706717782336759,1.89762709129044,2024-06-11,"020502061204 Limestone Run"
"2397","LR0-FM-M","Cutlip Minnow",93,7.78,0.890979596989689,1.96848294855394,2024-06-11,"020502061204 Limestone Run"
"2398","LR0-FM-M","Banded Killifish",42,0.65,-0.187086643357144,1.6232492903979,2024-06-11,"020502061204 Limestone Run"
"2399","LR0-FM-M","Banded Killifish",41,0.58,-0.236572006437063,1.61278385671974,2024-06-11,"020502061204 Limestone Run"
"2400","LR0-FM-M","Tessellated Darter",66,3.02,0.480006942957151,1.81954393554187,2024-06-11,"020502061204 Limestone Run"
"2401","LR0-FM-M","Tessellated Darter",67,2.61,0.416640507338281,1.82607480270083,2024-06-11,"020502061204 Limestone Run"
"2402","LR0-FM-M","Tessellated Darter",57,1.6,0.204119982655925,1.75587485567249,2024-06-11,"020502061204 Limestone Run"
"2403","LR0-FM-M","Tessellated Darter",62,2.11,0.324282455297693,1.79239168949825,2024-06-11,"020502061204 Limestone Run"
"2404","LR0-FM-M","Tessellated Darter",51,1.29,0.110589710299249,1.70757017609794,2024-06-11,"020502061204 Limestone Run"
"2405","LR0-FM-M","Tessellated Darter",62,2.22,0.346352974450639,1.79239168949825,2024-06-11,"020502061204 Limestone Run"
"2406","LR0-FM-M","Tessellated Darter",50,1.21,0.0827853703164501,1.69897000433602,2024-06-11,"020502061204 Limestone Run"
"2407","LR0-FM-M","Tessellated Darter",53,1.34,0.127104798364808,1.72427586960079,2024-06-11,"020502061204 Limestone Run"
"2408","LR0-FM-M","Tessellated Darter",46,0.79,-0.102372908709559,1.66275783168157,2024-06-11,"020502061204 Limestone Run"
"2409","LR0-FM-M","Tessellated Darter",51,1.16,0.0644579892269184,1.70757017609794,2024-06-11,"020502061204 Limestone Run"
"2410","LR0-FM-M","Tessellated Darter",54,1.36,0.133538908370218,1.73239375982297,2024-06-11,"020502061204 Limestone Run"
"2411","LR0-FM-M","Tessellated Darter",79,4.23,0.626340367375042,1.89762709129044,2024-06-11,"020502061204 Limestone Run"
"2412","LR0-FM-M","Blacknose Dace",70,3.06,0.48572142648158,1.84509804001426,2024-06-11,"020502061204 Limestone Run"
"2413","LR0-FM-M","Blacknose Dace",53,1.18,0.0718820073061254,1.72427586960079,2024-06-11,"020502061204 Limestone Run"
"2414","LR0-FM-M","Tessellated Darter",42,0.69,-0.161150909262745,1.6232492903979,2024-06-11,"020502061204 Limestone Run"
"2415","LR0-FM-M","Tessellated Darter",49,1.02,0.00860017176191757,1.69019608002851,2024-06-11,"020502061204 Limestone Run"
"2416","LR0-FM-M","Tessellated Darter",83,4.09,0.611723308007342,1.91907809237607,2024-06-11,"020502061204 Limestone Run"
"2417","LR0-FM-M","Cutlip Minnow",80,5.41,0.733197265106569,1.90308998699194,2024-06-11,"020502061204 Limestone Run"
"2418","LR0-FM-M","Banded Killifish",71,3.41,0.532754378992498,1.85125834871908,2024-06-11,"020502061204 Limestone Run"
"2419","LR0-FM-M","Blacknose Dace",66,2.46,0.390935107103379,1.81954393554187,2024-06-11,"020502061204 Limestone Run"
"2420","LR0-FM-M","Creek Chub",62,2.34,0.369215857410143,1.79239168949825,2024-06-11,"020502061204 Limestone Run"
"2421","LR0-FM-M","Creek Chub",94,9.54,0.979548374704095,1.9731278535997,2024-06-11,"020502061204 Limestone Run"
"2422","LR0-FM-M","Blacknose Dace",51,1.12,0.0492180226701817,1.70757017609794,2024-06-11,"020502061204 Limestone Run"
"2423","LR0-FM-M","Tessellated Darter",51,1.12,0.0492180226701817,1.70757017609794,2024-06-11,"020502061204 Limestone Run"
"2424","LR0-FM-M","Tessellated Darter",47,0.52,-0.283996656365201,1.67209785793572,2024-06-11,"020502061204 Limestone Run"
"2425","LR0-FM-M","Banded Killifish",70,3.45,0.537819095073274,1.84509804001426,2024-06-11,"020502061204 Limestone Run"
"2426","LR0-FM-M","Tessellated Darter",53,1.51,0.178976947293169,1.72427586960079,2024-06-11,"020502061204 Limestone Run"
"2427","LR0-FM-M","Banded Killifish",47,1.02,0.00860017176191757,1.67209785793572,2024-06-11,"020502061204 Limestone Run"
"2428","LR0-PF","Central Stoneroller",90,7.25,0.860338006570994,1.95424250943932,2024-06-17,"020502061204 Limestone Run"
"2429","LR0-PF","Central Stoneroller",98,10.33,1.01410032151962,1.99122607569249,2024-06-17,"020502061204 Limestone Run"
"2430","LR0-PF","Creek Chub",123,19.29,1.28533222764388,2.0899051114394,2024-06-17,"020502061204 Limestone Run"
"2431","LR0-PF","Central Stoneroller",97,9.05,0.956648579205203,1.98677173426624,2024-06-17,"020502061204 Limestone Run"
"2432","LR0-PF","Tessellated Darter",63,3.17,0.501059262217751,1.79934054945358,2024-06-17,"020502061204 Limestone Run"
"2433","LR0-PF","Creek Chub",107,9.42,0.974050902792877,2.02938377768521,2024-06-17,"020502061204 Limestone Run"
"2434","LR0-PF","Creek Chub",92,5.47,0.737987326333431,1.96378782734556,2024-06-17,"020502061204 Limestone Run"
"2435","LR0-PF","Creek Chub",101,10.09,1.00389116623691,2.00432137378264,2024-06-17,"020502061204 Limestone Run"
"2436","LR0-PF","Creek Chub",104,9.47,0.976349979003273,2.01703333929878,2024-06-17,"020502061204 Limestone Run"
"2437","LR0-PF","Creek Chub",91,8,0.903089986991944,1.95904139232109,2024-06-17,"020502061204 Limestone Run"
"2438","LR0-PF","Cutlip Minnow",63,3.06,0.48572142648158,1.79934054945358,2024-06-17,"020502061204 Limestone Run"
"2439","LR0-PF","Central Stoneroller",114,15.84,1.19975517725347,2.05690485133647,2024-06-17,"020502061204 Limestone Run"
"2440","LR0-PF","Cutlip Minnow",51,1.57,0.195899652409234,1.70757017609794,2024-06-17,"020502061204 Limestone Run"
"2441","LR0-PF","Creek Chub",165,52.44,1.71966268301805,2.21748394421391,2024-06-17,"020502061204 Limestone Run"
"2442","LR0-PF","White Sucker",179,53.32,1.72689014074182,2.25285303097989,2024-06-17,"020502061204 Limestone Run"
"2443","LR0-PF","White Sucker",148,29.61,1.4714384073893,2.17026171539496,2024-06-17,"020502061204 Limestone Run"
"2444","LR0-PF","White Sucker",172,54.66,1.73766962735664,2.23552844690755,2024-06-17,"020502061204 Limestone Run"
"2445","LR0-PF","White Sucker",146,35.88,1.55485243437205,2.16435285578444,2024-06-17,"020502061204 Limestone Run"
"2446","LR0-PF","White Sucker",109,13.17,1.11958577496178,2.03742649794062,2024-06-17,"020502061204 Limestone Run"
"2447","LR0-PF","White Sucker",162,48.55,1.68618923424402,2.20951501454263,2024-06-17,"020502061204 Limestone Run"
"2448","LR0-PF","White Sucker",137,25.52,1.40688067004912,2.13672056715641,2024-06-17,"020502061204 Limestone Run"
"2449","LR0-PF","White Sucker",136,30.64,1.48628876096057,2.13353890837022,2024-06-17,"020502061204 Limestone Run"
"2450","LR0-PF","White Sucker",97,9.69,0.986323777050765,1.98677173426624,2024-06-17,"020502061204 Limestone Run"
"2451","LR0-PF","White Sucker",168,47.79,1.67933703052079,2.22530928172586,2024-06-17,"020502061204 Limestone Run"
"2452","LR0-PF","Cutlip Minnow",64,3.07,0.487138375477186,1.80617997398389,2024-06-17,"020502061204 Limestone Run"
"2453","LR0-PF","Cutlip Minnow",45,3.08,0.488550716500444,1.65321251377534,2024-06-17,"020502061204 Limestone Run"
"2454","LR0-PF","Cutlip Minnow",56,1.92,0.28330122870355,1.7481880270062,2024-06-17,"020502061204 Limestone Run"
"2455","LR0-PF","Central Stoneroller",94,9.27,0.967079734144497,1.9731278535997,2024-06-17,"020502061204 Limestone Run"
"2456","LR0-PF","Central Stoneroller",104,12.5,1.09691001300806,2.01703333929878,2024-06-17,"020502061204 Limestone Run"
"2457","LR0-PF","Central Stoneroller",119,18.04,1.25623653320592,2.07554696139253,2024-06-17,"020502061204 Limestone Run"
"2458","LR0-PF","Central Stoneroller",133,27.89,1.44544851426605,2.12385164096709,2024-06-17,"020502061204 Limestone Run"
"2459","LR0-PF","Central Stoneroller",121,19.3,1.28555730900777,2.08278537031645,2024-06-17,"020502061204 Limestone Run"
"2460","LR0-PF","Cutlip Minnow",103,17.73,1.24870873560092,2.01283722470517,2024-06-17,"020502061204 Limestone Run"
"2461","LR0-PF","Cutlip Minnow",91,9.53,0.979092900638326,1.95904139232109,2024-06-17,"020502061204 Limestone Run"
"2462","LR0-PF","Cutlip Minnow",83,7.76,0.889861721258188,1.91907809237607,2024-06-17,"020502061204 Limestone Run"
"2463","LR0-PF","Tessellated Darter",76,4.55,0.658011396657112,1.88081359228079,2024-06-17,"020502061204 Limestone Run"
"2464","LR0-PF","Central Stoneroller",87,6.39,0.8055008581584,1.93951925261862,2024-06-17,"020502061204 Limestone Run"
"2465","LR0-PF","Central Stoneroller",71,3.94,0.595496221825574,1.85125834871908,2024-06-17,"020502061204 Limestone Run"
"2466","LR0-PF","Tessellated Darter",54,1.68,0.225309281725863,1.73239375982297,2024-06-17,"020502061204 Limestone Run"
"2467","LR0-PF","Cutlip Minnow",35,0.44,-0.356547323513813,1.54406804435028,2024-06-17,"020502061204 Limestone Run"
"2468","LR0-PF","Tessellated Darter",46,1.04,0.0170333392987804,1.66275783168157,2024-06-17,"020502061204 Limestone Run"
"2469","LR0-PF","White Sucker",123,19.25,1.28443073384452,2.0899051114394,2024-06-17,"020502061204 Limestone Run"
"2470","LR0-PF","White Sucker",115,13.06,1.11594317693906,2.06069784035361,2024-06-17,"020502061204 Limestone Run"
"2471","LR0-PF","White Sucker",123,22.54,1.35295391171009,2.0899051114394,2024-06-17,"020502061204 Limestone Run"
"2472","LR0-PF","White Sucker",121,12.88,1.10991586302379,2.08278537031645,2024-06-17,"020502061204 Limestone Run"
"2473","LR0-PF","Blacknose Dace",74,3.33,0.52244423350632,1.86923171973098,2024-06-17,"020502061204 Limestone Run"
"2474","LR0-PF","Blacknose Dace",60,2.17,0.33645973384853,1.77815125038364,2024-06-17,"020502061204 Limestone Run"
"2475","LR0-PF","Cutlip Minnow",45,0.7,-0.154901959985743,1.65321251377534,2024-06-17,"020502061204 Limestone Run"
"2476","LR0-PF","Cutlip Minnow",75,4.39,0.642464520242121,1.8750612633917,2024-06-17,"020502061204 Limestone Run"
"2477","LR0-PF","Cutlip Minnow",96,11.93,1.07664044367034,1.98227123303957,2024-06-17,"020502061204 Limestone Run"
"2478","LR0-PF","Tessellated Darter",50,1.06,0.0253058652647703,1.69897000433602,2024-06-17,"020502061204 Limestone Run"
"2479","LR0-PF","Tessellated Darter",65,2.98,0.474216264076255,1.81291335664286,2024-06-17,"020502061204 Limestone Run"
"2480","LR0-PF","Tessellated Darter",61,2,0.301029995663981,1.78532983501077,2024-06-17,"020502061204 Limestone Run"
"2481","LR0-PF","Tessellated Darter",71,3.43,0.535294120042771,1.85125834871908,2024-06-17,"020502061204 Limestone Run"
"2482","LR0-PF","Tessellated Darter",62,2.2,0.342422680822206,1.79239168949825,2024-06-17,"020502061204 Limestone Run"
"2483","LR0-PF","Tessellated Darter",56,2.08,0.318063334962762,1.7481880270062,2024-06-17,"020502061204 Limestone Run"
"2484","LR0-PF","Tessellated Darter",55,1.45,0.161368002234975,1.74036268949424,2024-06-17,"020502061204 Limestone Run"
"2485","LR0-PF","Tessellated Darter",55,1.84,0.264817823009536,1.74036268949424,2024-06-17,"020502061204 Limestone Run"
"2486","LR0-PF","Tessellated Darter",68,3.61,0.557507201905658,1.83250891270624,2024-06-17,"020502061204 Limestone Run"
"2487","LR0-PF","Tessellated Darter",62,2.34,0.369215857410143,1.79239168949825,2024-06-17,"020502061204 Limestone Run"
"2488","LR0-PF","Tessellated Darter",64,2.9,0.462397997898956,1.80617997398389,2024-06-17,"020502061204 Limestone Run"
"2489","LR0-PF","Tessellated Darter",57,1.8,0.255272505103306,1.75587485567249,2024-06-17,"020502061204 Limestone Run"
"2490","LR0-PF","Tessellated Darter",64,3.18,0.502427119984433,1.80617997398389,2024-06-17,"020502061204 Limestone Run"
"2491","LR0-PF","Tessellated Darter",62,2.31,0.363611979892144,1.79239168949825,2024-06-17,"020502061204 Limestone Run"
"2492","LR0-PF","Central Stoneroller",110,13.96,1.14488541828714,2.04139268515822,2024-06-17,"020502061204 Limestone Run"
"2493","LR0-PF","Central Stoneroller",112,10.59,1.02489596010748,2.04921802267018,2024-06-17,"020502061204 Limestone Run"
"2494","LR0-PF","Central Stoneroller",100,9.97,0.998695158311656,2,2024-06-17,"020502061204 Limestone Run"
"2495","LR0-PF","White Sucker",133,26.19,1.41813549842523,2.12385164096709,2024-06-17,"020502061204 Limestone Run"
"2496","LR0-PF","White Sucker",150,33.68,1.52737208282761,2.17609125905568,2024-06-17,"020502061204 Limestone Run"
"2497","LR0-PF","White Sucker",147,32.14,1.50704587242733,2.16731733474818,2024-06-17,"020502061204 Limestone Run"
"2498","LR0-PF","White Sucker",105,11.93,1.07664044367034,2.02118929906994,2024-06-17,"020502061204 Limestone Run"
"2499","LR0-PF","White Sucker",90,7.54,0.877371345869774,1.95424250943932,2024-06-17,"020502061204 Limestone Run"
"2500","LR0-PF","White Sucker",141,28.79,1.45924166487808,2.14921911265538,2024-06-17,"020502061204 Limestone Run"
"2501","LR0-PF","White Sucker",173,49.08,1.69090455405497,2.2380461031288,2024-06-17,"020502061204 Limestone Run"
"2502","LR0-PF","White Sucker",130,20.54,1.31260043926126,2.11394335230684,2024-06-17,"020502061204 Limestone Run"
"2503","LR0-PF","Cutlip Minnow",100,11.86,1.07408468902824,2,2024-06-17,"020502061204 Limestone Run"
"2504","LR0-PF","Cutlip Minnow",79,5.92,0.77232170672292,1.89762709129044,2024-06-17,"020502061204 Limestone Run"
"2505","LR0-PF","Cutlip Minnow",55,1.69,0.227886704613674,1.74036268949424,2024-06-17,"020502061204 Limestone Run"
"2506","LR0-PF","Cutlip Minnow",79,8.8,0.944482672150169,1.89762709129044,2024-06-17,"020502061204 Limestone Run"
"2507","LR0-PF","White Sucker",139,29.95,1.47639682672533,2.14301480025409,2024-06-17,"020502061204 Limestone Run"
"2508","LR0-PF","Central Stoneroller",115,20.26,1.30663944102426,2.06069784035361,2024-06-17,"020502061204 Limestone Run"
"2509","LR0-PF","Cutlip Minnow",52,1.47,0.167317334748176,1.7160033436348,2024-06-17,"020502061204 Limestone Run"
"2510","LR0-PF","Cutlip Minnow",48,1.02,0.00860017176191757,1.68124123737559,2024-06-17,"020502061204 Limestone Run"
"2511","LR0-PF","Cutlip Minnow",90,10.27,1.01157044359728,1.95424250943932,2024-06-17,"020502061204 Limestone Run"
"2512","LR0-PF","Cutlip Minnow",63,2.37,0.374748346010104,1.79934054945358,2024-06-17,"020502061204 Limestone Run"
"2513","LR0-PF","Cutlip Minnow",113,19.11,1.28126068705501,2.05307844348342,2024-06-17,"020502061204 Limestone Run"
"2514","LR0-PF","Cutlip Minnow",85,6.21,0.79309160017658,1.92941892571429,2024-06-17,"020502061204 Limestone Run"
"2515","LR0-PF","Tessellated Darter",56,1.76,0.24551266781415,1.7481880270062,2024-06-17,"020502061204 Limestone Run"
"2516","LR0-PF","Tessellated Darter",66,2.63,0.419955748489758,1.81954393554187,2024-06-17,"020502061204 Limestone Run"
"2517","LR0-PF","Tessellated Darter",74,3.87,0.587710965018911,1.86923171973098,2024-06-17,"020502061204 Limestone Run"
"2518","LR0-PF","Tessellated Darter",62,2.01,0.303196057420489,1.79239168949825,2024-06-17,"020502061204 Limestone Run"
"2519","LR0-PF","Tessellated Darter",56,1.94,0.287801729930226,1.7481880270062,2024-06-17,"020502061204 Limestone Run"
"2520","LR0-PF","Tessellated Darter",65,2.99,0.47567118832443,1.81291335664286,2024-06-17,"020502061204 Limestone Run"
"2521","LR0-PF","Creek Chub",49,1.32,0.12057393120585,1.69019608002851,2024-06-17,"020502061204 Limestone Run"
"2522","LR0-PF","Creek Chub",124,24.63,1.3914644118391,2.09342168516224,2024-06-17,"020502061204 Limestone Run"
"2523","LR0-PF","Creek Chub",131,23.63,1.37346372163237,2.11727129565576,2024-06-17,"020502061204 Limestone Run"
"2524","LR0-PF","Creek Chub",85,6.22,0.793790384690819,1.92941892571429,2024-06-17,"020502061204 Limestone Run"
"2525","LR0-PF","Creek Chub",91,9.44,0.974971994298069,1.95904139232109,2024-06-17,"020502061204 Limestone Run"
"2526","LR0-PF","Creek Chub",97,9.13,0.960470777534299,1.98677173426624,2024-06-17,"020502061204 Limestone Run"
"2527","LR0-PF","Creek Chub",106,17.69,1.24772783290972,2.02530586526477,2024-06-17,"020502061204 Limestone Run"
"2528","LR0-PF","Creek Chub",71,3.88,0.588831725594207,1.85125834871908,2024-06-17,"020502061204 Limestone Run"
"2529","LR0-PF","Creek Chub",105,9.68,0.985875357308394,2.02118929906994,2024-06-17,"020502061204 Limestone Run"
"2530","LR0-PF","Creek Chub",94,8.51,0.929929560084588,1.9731278535997,2024-06-17,"020502061204 Limestone Run"
"2531","LR0-PF","Creek Chub",100,9.66,0.984977126415493,2,2024-06-17,"020502061204 Limestone Run"
"2532","LR0-PF","Creek Chub",73,5.34,0.727541257028556,1.86332286012046,2024-06-17,"020502061204 Limestone Run"
"2533","LR0-PF","White Sucker",151,35.57,1.55108386518578,2.17897694729317,2024-06-17,"020502061204 Limestone Run"
"2534","LR0-PF","White Sucker",350,480.1,2.68133170596917,2.54406804435028,2024-06-17,"020502061204 Limestone Run"
"2535","LR0-PF","Blacknose Dace",78,4.78,0.679427896612119,1.89209460269048,2024-06-17,"020502061204 Limestone Run"
"2536","LR0-PF","Tessellated Darter",60,2.39,0.378397900948138,1.77815125038364,2024-06-17,"020502061204 Limestone Run"
"2537","LR0-PF","Tessellated Darter",59,1.45,0.161368002234975,1.77085201164214,2024-06-17,"020502061204 Limestone Run"
"2538","LR0-PF","Tessellated Darter",65,3.68,0.565847818673518,1.81291335664286,2024-06-17,"020502061204 Limestone Run"
"2539","LR0-PF","Tessellated Darter",56,1.95,0.290034611362518,1.7481880270062,2024-06-17,"020502061204 Limestone Run"
"2540","LR0-PF","Tessellated Darter",58,1.91,0.281033367247728,1.76342799356294,2024-06-17,"020502061204 Limestone Run"
"2541","LR0-PF","Creek Chub",196,86.29,1.93596046898917,2.29225607135648,2024-06-17,"020502061204 Limestone Run"
"2542","LR0-PF","Creek Chub",75,4.24,0.627365856592733,1.8750612633917,2024-06-17,"020502061204 Limestone Run"
"2543","LR0-PF","Creek Chub",82,7.32,0.864511081058392,1.91381385238372,2024-06-17,"020502061204 Limestone Run"
"2544","LR0-PF","Creek Chub",105,16.71,1.22297644989339,2.02118929906994,2024-06-17,"020502061204 Limestone Run"
"2545","LR0-PF","Creek Chub",122,22.23,1.34693946269899,2.08635983067475,2024-06-17,"020502061204 Limestone Run"
"2546","LR0-PF","Central Stoneroller",111,14.63,1.16524432612531,2.04532297878666,2024-06-17,"020502061204 Limestone Run"
"2547","LR0-PF","Central Stoneroller",96,9.42,0.974050902792877,1.98227123303957,2024-06-17,"020502061204 Limestone Run"
"2548","LR0-PF","Longnose Dace",56,1.55,0.190331698170291,1.7481880270062,2024-06-17,"020502061204 Limestone Run"
"2549","LR0-PF","Longnose Dace",63,2.02,0.305351369446624,1.79934054945358,2024-06-17,"020502061204 Limestone Run"
"2550","LR0-PF","Longnose Dace",93,7.85,0.894869656745253,1.96848294855394,2024-06-17,"020502061204 Limestone Run"
"2551","LR0-PF","Longnose Dace",77,3.63,0.559906625036113,1.88649072517248,2024-06-17,"020502061204 Limestone Run"
"2552","LR0-PF","Longnose Dace",63,2.33,0.367355921026019,1.79934054945358,2024-06-17,"020502061204 Limestone Run"
"2553","LR0-PF","Longnose Dace",61,2.1,0.322219294733919,1.78532983501077,2024-06-17,"020502061204 Limestone Run"
"2554","LR0-PF","Longnose Dace",83,5.49,0.739572344450092,1.91907809237607,2024-06-17,"020502061204 Limestone Run"
"2555","LR0-PF","Longnose Dace",90,6.71,0.826722520168992,1.95424250943932,2024-06-17,"020502061204 Limestone Run"
"2556","LR0-PF","Longnose Dace",67,3.24,0.510545010206612,1.82607480270083,2024-06-17,"020502061204 Limestone Run"
"2557","LR0-PF","Longnose Dace",65,2.55,0.406540180433955,1.81291335664286,2024-06-17,"020502061204 Limestone Run"
"2558","LR0-PF","Blacknose Dace",66,2.98,0.474216264076255,1.81954393554187,2024-06-17,"020502061204 Limestone Run"
"2559","LR0-PF","Tessellated Darter",56,1.97,0.294466226161593,1.7481880270062,2024-06-17,"020502061204 Limestone Run"
"2560","LR0-PF","Blacknose Dace",81,3.99,0.600972895686748,1.90848501887865,2024-06-17,"020502061204 Limestone Run"
"2561","LR0-PF","Blacknose Dace",68,3.15,0.4983105537896,1.83250891270624,2024-06-17,"020502061204 Limestone Run"
"2562","LR0-PF","Blacknose Dace",41,0.62,-0.207608310501746,1.61278385671974,2024-06-17,"020502061204 Limestone Run"
"2563","LR0-PF","Blacknose Dace",47,0.87,-0.0604807473813815,1.67209785793572,2024-06-17,"020502061204 Limestone Run"
"2564","LR0-PF","Blacknose Dace",76,4.68,0.670245853074124,1.88081359228079,2024-06-17,"020502061204 Limestone Run"
"2565","LR0-PF","Blacknose Dace",57,1.89,0.276461804173244,1.75587485567249,2024-06-17,"020502061204 Limestone Run"
"2566","LR0-PF","Blacknose Dace",60,1.85,0.267171728403014,1.77815125038364,2024-06-17,"020502061204 Limestone Run"
"2567","LR0-PF","Blacknose Dace",63,1.26,0.100370545117563,1.79934054945358,2024-06-17,"020502061204 Limestone Run"
"2568","LR0-PF","Blacknose Dace",69,2.87,0.457881896733992,1.83884909073726,2024-06-17,"020502061204 Limestone Run"
"2569","LR0-PF","Blacknose Dace",78,4.58,0.660865478003869,1.89209460269048,2024-06-17,"020502061204 Limestone Run"
"2570","LR0-PF","Blacknose Dace",74,3.38,0.528916700277655,1.86923171973098,2024-06-17,"020502061204 Limestone Run"
"2571","LR0-PF","Blacknose Dace",61,1.45,0.161368002234975,1.78532983501077,2024-06-17,"020502061204 Limestone Run"
"2572","LR0-PF","Blacknose Dace",58,1.81,0.257678574869184,1.76342799356294,2024-06-17,"020502061204 Limestone Run"
"2573","LR0-PF","Cutlip Minnow",104,18.91,1.27669152884504,2.01703333929878,2024-06-17,"020502061204 Limestone Run"
"2574","LR0-PF","Cutlip Minnow",122,21.94,1.34123662323869,2.08635983067475,2024-06-17,"020502061204 Limestone Run"
"2575","LR0-PF","Cutlip Minnow",105,13.01,1.11427729656159,2.02118929906994,2024-06-17,"020502061204 Limestone Run"
"2576","LR0-PF","Cutlip Minnow",50,1.21,0.0827853703164501,1.69897000433602,2024-06-17,"020502061204 Limestone Run"
"2577","LR0-PF","Cutlip Minnow",101,15.61,1.19340290306242,2.00432137378264,2024-06-17,"020502061204 Limestone Run"
"2578","LR0-PF","Cutlip Minnow",76,5.5,0.740362689494244,1.88081359228079,2024-06-17,"020502061204 Limestone Run"
"2579","LR0-PF","Cutlip Minnow",106,15.51,1.19061179781361,2.02530586526477,2024-06-17,"020502061204 Limestone Run"
"2580","LR0-PF","Cutlip Minnow",86,7.56,0.878521795501206,1.93449845124357,2024-06-17,"020502061204 Limestone Run"
"2581","LR0-PF","Blacknose Dace",46,0.96,-0.0177287669604316,1.66275783168157,2024-06-17,"020502061204 Limestone Run"
"2582","LR0-PF","Blacknose Dace",74,2.13,0.328379603438738,1.86923171973098,2024-06-17,"020502061204 Limestone Run"
"2583","LR0-PF","Blacknose Dace",59,1.84,0.264817823009536,1.77085201164214,2024-06-17,"020502061204 Limestone Run"
"2584","LR0-PF","Longnose Dace",80,4.34,0.637489729512511,1.90308998699194,2024-06-17,"020502061204 Limestone Run"
"2585","LR0-PF","White Sucker",105,10.81,1.03382569395331,2.02118929906994,2024-06-17,"020502061204 Limestone Run"
"2586","LR0-PF","White Sucker",147,31.74,1.50160692241883,2.16731733474818,2024-06-17,"020502061204 Limestone Run"
"2587","LR0-PF","Longnose Dace",63,2.68,0.428134794028789,1.79934054945358,2024-06-17,"020502061204 Limestone Run"
"2588","LR0-PF","Central Stoneroller",94,9.32,0.969415912353981,1.9731278535997,2024-06-17,"020502061204 Limestone Run"
"2589","LR0-PF","Creek Chub",171,57.94,1.76297849086774,2.23299611039215,2024-06-17,"020502061204 Limestone Run"
"2590","LR0-PF","Creek Chub",159,53.7,1.72997428569956,2.20139712432045,2024-06-17,"020502061204 Limestone Run"
"2591","LR0-PF","White Sucker",178,53.62,1.72932680964686,2.25042000230889,2024-06-17,"020502061204 Limestone Run"
"2592","LR0-PF","White Sucker",221,103.52,2.01502426332463,2.34439227368511,2024-06-17,"020502061204 Limestone Run"
"2593","LR0-PF","White Sucker",279,208.57,2.31925184114025,2.4456042032736,2024-06-17,"020502061204 Limestone Run"
"2594","LR0-PF","Blacknose Dace",65,2.85,0.45484486000851,1.81291335664286,2024-06-17,"020502061204 Limestone Run"
"2595","LR0-PF","Blacknose Dace",81,5.26,0.720985744153739,1.90848501887865,2024-06-17,"020502061204 Limestone Run"
"2596","LR0-PF","Blacknose Dace",70,3.51,0.545307116465824,1.84509804001426,2024-06-17,"020502061204 Limestone Run"
"2597","LR0-PF","Blacknose Dace",62,2.31,0.363611979892144,1.79239168949825,2024-06-17,"020502061204 Limestone Run"
"2598","LR0-PF","Creek Chub",107,16.27,1.21138755293686,2.02938377768521,2024-06-17,"020502061204 Limestone Run"
"2599","LR0-PF","Creek Chub",72,3.93,0.594392550375427,1.85733249643127,2024-06-17,"020502061204 Limestone Run"
"2600","LR0-PF","Creek Chub",120,19.32,1.28600712207947,2.07918124604762,2024-06-17,"020502061204 Limestone Run"
"2601","LR0-PF","Creek Chub",133,25.55,1.40739090447073,2.12385164096709,2024-06-17,"020502061204 Limestone Run"
"2602","LR0-PF","Longnose Dace",58,1.92,0.28330122870355,1.76342799356294,2024-06-17,"020502061204 Limestone Run"
"2603","LR0-PF","Longnose Dace",78,4.68,0.670245853074124,1.89209460269048,2024-06-17,"020502061204 Limestone Run"
"2604","LR0-PF","Longnose Dace",55,1.55,0.190331698170291,1.74036268949424,2024-06-17,"020502061204 Limestone Run"
"2605","LR0-PF","Longnose Dace",59,1.41,0.14921911265538,1.77085201164214,2024-06-17,"020502061204 Limestone Run"
"2606","LR0-PF","Longnose Dace",57,1.85,0.267171728403014,1.75587485567249,2024-06-17,"020502061204 Limestone Run"
"2607","LR0-PF","Longnose Dace",75,4.44,0.64738297011462,1.8750612633917,2024-06-17,"020502061204 Limestone Run"
"2608","LR0-PF","Longnose Dace",61,2.19,0.340444114840118,1.78532983501077,2024-06-17,"020502061204 Limestone Run"
"2609","LR0-PF","Longnose Dace",52,1.41,0.14921911265538,1.7160033436348,2024-06-17,"020502061204 Limestone Run"
"2610","LR0-PF","Central Stoneroller",91,8.06,0.906335041805091,1.95904139232109,2024-06-17,"020502061204 Limestone Run"
"2611","LR0-PF","Central Stoneroller",111,14.23,1.15320490008428,2.04532297878666,2024-06-17,"020502061204 Limestone Run"
"2612","LR0-PF","Central Stoneroller",131,25.51,1.40671045860979,2.11727129565576,2024-06-17,"020502061204 Limestone Run"
"2613","LR0-PF","Blacknose Dace",50,1.15,0.0606978403536116,1.69897000433602,2024-06-17,"020502061204 Limestone Run"
"2614","LR0-PF","Blacknose Dace",35,0.45,-0.346787486224656,1.54406804435028,2024-06-17,"020502061204 Limestone Run"
"2615","LR0-PF","Blacknose Dace",44,0.7,-0.154901959985743,1.64345267648619,2024-06-17,"020502061204 Limestone Run"
"2616","LR0-PF","Central Stoneroller",94,8.46,0.927370363039024,1.9731278535997,2024-06-17,"020502061204 Limestone Run"
"2617","LR0-PF","Central Stoneroller",120,17.68,1.24748226067705,2.07918124604762,2024-06-17,"020502061204 Limestone Run"
"2618","LR0-PF","Blacknose Dace",57,1.79,0.252853030979893,1.75587485567249,2024-06-17,"020502061204 Limestone Run"
"2619","LR0-PF","Blacknose Dace",40,0.67,-0.173925197299174,1.60205999132796,2024-06-17,"020502061204 Limestone Run"
"2620","LR0-PF","Blacknose Dace",71,3.46,0.539076098792777,1.85125834871908,2024-06-17,"020502061204 Limestone Run"
"2621","LR0-PF","Longnose Dace",73,3.55,0.550228353055094,1.86332286012046,2024-06-17,"020502061204 Limestone Run"
"2622","LR0-PF","Central Stoneroller",118,18.27,1.26173854735254,2.07188200730613,2024-06-17,"020502061204 Limestone Run"
"2623","LR0-PF","Central Stoneroller",96,9.86,0.993876914941211,1.98227123303957,2024-06-17,"020502061204 Limestone Run"
"2624","LR0-PF","Longnose Dace",57,1.72,0.235528446907549,1.75587485567249,2024-06-17,"020502061204 Limestone Run"
"2625","LR0-PF","Central Stoneroller",115,17.94,1.25382243870807,2.06069784035361,2024-06-17,"020502061204 Limestone Run"
"2626","LR0-PF","Central Stoneroller",118,11.45,1.05880548667591,2.07188200730613,2024-06-17,"020502061204 Limestone Run"
"2627","LR0-PF","Central Stoneroller",97,9.44,0.974971994298069,1.98677173426624,2024-06-17,"020502061204 Limestone Run"
"2628","LR0-PF","Longnose Dace",73,3.65,0.562292864456475,1.86332286012046,2024-06-17,"020502061204 Limestone Run"
"2629","LR0-PF","Central Stoneroller",119,23.74,1.37548071461857,2.07554696139253,2024-06-17,"020502061204 Limestone Run"
"2630","LR0-PF","Longnose Dace",64,2.91,0.463892988985907,1.80617997398389,2024-06-17,"020502061204 Limestone Run"
"2631","LR0-PF","Central Stoneroller",83,5.81,0.764176132390331,1.91907809237607,2024-06-17,"020502061204 Limestone Run"
"2632","LR0-SM","White Sucker",97,8.67,0.93801909747621,1.98677173426624,2024-06-11,"020502061204 Limestone Run"
"2633","LR0-SM","Banded Killifish",93,8.6,0.934498451243568,1.96848294855394,2024-06-11,"020502061204 Limestone Run"
"2634","LR0-SM","Tessellated Darter",82,4.35,0.638489256954637,1.91381385238372,2024-06-11,"020502061204 Limestone Run"
"2635","LR0-SM","White Sucker",48,1.13,0.0530784434834197,1.68124123737559,2024-06-11,"020502061204 Limestone Run"
"2636","LR0-SM","Creek Chub",146,33.6,1.52633927738984,2.16435285578444,2024-06-11,"020502061204 Limestone Run"
"2637","LR0-SM","White Sucker",91,6.98,0.843855422623161,1.95904139232109,2024-06-11,"020502061204 Limestone Run"
"2638","LR0-SM","Creek Chub",149,34.6,1.53907609879278,2.17318626841227,2024-06-11,"020502061204 Limestone Run"
"2639","LR0-SM","Creek Chub",148,29.3,1.46686762035411,2.17026171539496,2024-06-11,"020502061204 Limestone Run"
"2640","LR0-SM","Creek Chub",94,8.68,0.938519725176492,1.9731278535997,2024-06-11,"020502061204 Limestone Run"
"2641","LR0-SM","Creek Chub",41,0.6,-0.221848749616356,1.61278385671974,2024-06-11,"020502061204 Limestone Run"
"2642","LR0-SM","Tessellated Darter",51,1.29,0.110589710299249,1.70757017609794,2024-06-11,"020502061204 Limestone Run"
"2643","LR0-SM","Tessellated Darter",52,1.52,0.181843587944773,1.7160033436348,2024-06-11,"020502061204 Limestone Run"
"2644","LR0-SM","Tessellated Darter",72,3.38,0.528916700277655,1.85733249643127,2024-06-11,"020502061204 Limestone Run"
"2645","LR0-SM","Creek Chub",70,3.25,0.511883360978874,1.84509804001426,2024-06-11,"020502061204 Limestone Run"
"2646","LR0-SM","Tessellated Darter",47,1.83,0.262451089730429,1.67209785793572,2024-06-11,"020502061204 Limestone Run"
"2647","LR0-SM","Tessellated Darter",71,3.32,0.521138083704036,1.85125834871908,2024-06-11,"020502061204 Limestone Run"
"2648","LR0-SM","Tessellated Darter",40,0.71,-0.148741651280925,1.60205999132796,2024-06-11,"020502061204 Limestone Run"
"2649","LR0-SM","Tessellated Darter",63,2.09,0.320146286111054,1.79934054945358,2024-06-11,"020502061204 Limestone Run"
"2650","LR0-SM","Tessellated Darter",61,1.74,0.2405492482826,1.78532983501077,2024-06-11,"020502061204 Limestone Run"
"2651","LR0-SM","Tessellated Darter",33,0.35,-0.455931955649724,1.51851393987789,2024-06-11,"020502061204 Limestone Run"
"2652","LR0-SM","Tessellated Darter",62,2.18,0.338456493604605,1.79239168949825,2024-06-11,"020502061204 Limestone Run"
"2653","LR0-SM","Tessellated Darter",46,0.88,-0.0555173278498314,1.66275783168157,2024-06-11,"020502061204 Limestone Run"
"2654","LR0-SM","Tessellated Darter",57,2.06,0.313867220369153,1.75587485567249,2024-06-11,"020502061204 Limestone Run"
"2655","LR0-SM","Creek Chub",158,40.3,1.60530504614111,2.19865708695442,2024-06-11,"020502061204 Limestone Run"
"2656","LR0-SM","Creek Chub",41,0.64,-0.193820026016113,1.61278385671974,2024-06-11,"020502061204 Limestone Run"
"2657","LR0-SM","Creek Chub",128,24.3,1.38560627359831,2.10720996964787,2024-06-11,"020502061204 Limestone Run"
"2658","LR0-SM","Tessellated Darter",55,1.8,0.255272505103306,1.74036268949424,2024-06-11,"020502061204 Limestone Run"
"2659","LR0-SM","Tessellated Darter",83,5.41,0.733197265106569,1.91907809237607,2024-06-11,"020502061204 Limestone Run"
"2660","LR0-SM","Tessellated Darter",68,2.6,0.414973347970818,1.83250891270624,2024-06-11,"020502061204 Limestone Run"
"2661","LR0-SM","Blacknose Dace",84,5.27,0.721810615212547,1.92427928606188,2024-06-11,"020502061204 Limestone Run"
"2662","LR0-SM","Blacknose Dace",47,0.8,-0.0969100130080564,1.67209785793572,2024-06-11,"020502061204 Limestone Run"
"2663","LR0-SM","Blacknose Dace",43,0.7,-0.154901959985743,1.63346845557959,2024-06-11,"020502061204 Limestone Run"
"2664","LR0-SM","Blacknose Dace",83,4.85,0.685741738602264,1.91907809237607,2024-06-11,"020502061204 Limestone Run"
"2665","LR0-SM","Longnose Dace",83,4.87,0.687528961214634,1.91907809237607,2024-06-11,"020502061204 Limestone Run"
"2666","LR0-SM","Tessellated Darter",79,5.06,0.704150516839799,1.89762709129044,2024-06-11,"020502061204 Limestone Run"
"2667","LR0-SM","Longnose Dace",70,3.15,0.4983105537896,1.84509804001426,2024-06-11,"020502061204 Limestone Run"
"2668","LR0-SM","Longnose Dace",67,3.07,0.487138375477186,1.82607480270083,2024-06-11,"020502061204 Limestone Run"
"2669","LR0-SM","Longnose Dace",76,3.79,0.578639209968072,1.88081359228079,2024-06-11,"020502061204 Limestone Run"
"2670","LR0-SM","Blacknose Dace",42,0.62,-0.207608310501746,1.6232492903979,2024-06-11,"020502061204 Limestone Run"
"2671","LR0-SM","Blacknose Dace",61,2,0.301029995663981,1.78532983501077,2024-06-11,"020502061204 Limestone Run"
"2672","LR0-SM","Blacknose Dace",40,0.56,-0.2518119729938,1.60205999132796,2024-06-11,"020502061204 Limestone Run"
"2673","LR0-SM","Blacknose Dace",39,0.52,-0.283996656365201,1.5910646070265,2024-06-11,"020502061204 Limestone Run"
"2674","LR0-SM","Blacknose Dace",42,0.72,-0.142667503568732,1.6232492903979,2024-06-11,"020502061204 Limestone Run"
"2675","LR0-SM","Blacknose Dace",49,1.04,0.0170333392987804,1.69019608002851,2024-06-11,"020502061204 Limestone Run"
"2676","LR0-SM","Longnose Dace",75,4.03,0.605305046141109,1.8750612633917,2024-06-11,"020502061204 Limestone Run"
"2677","LR0-SM","Blacknose Dace",40,0.5,-0.301029995663981,1.60205999132796,2024-06-11,"020502061204 Limestone Run"
"2678","LR0-SM","Blacknose Dace",45,0.84,-0.0757207139381184,1.65321251377534,2024-06-11,"020502061204 Limestone Run"
"2679","LR0-SM","Creek Chub",83,5.75,0.75966784468963,1.91907809237607,2024-06-11,"020502061204 Limestone Run"
"2680","LR0-SM","Creek Chub",164,47.2,1.67394199863409,2.2148438480477,2024-06-11,"020502061204 Limestone Run"
"2681","LR0-SM","Creek Chub",50,1.24,0.0934216851622351,1.69897000433602,2024-06-11,"020502061204 Limestone Run"
"2682","LR0-SM","White Sucker",192,71.5,1.85430604180108,2.28330122870355,2024-06-11,"020502061204 Limestone Run"
"2683","LR0-SM","White Sucker",188,67.5,1.82930377283102,2.27415784926368,2024-06-11,"020502061204 Limestone Run"
"2684","LR0-SM","White Sucker",168,49.7,1.69635638873333,2.22530928172586,2024-06-11,"020502061204 Limestone Run"
"2685","LR0-SM","White Sucker",188,57.6,1.76042248342321,2.27415784926368,2024-06-11,"020502061204 Limestone Run"
"2686","LR0-SM","White Sucker",172,50.9,1.70671778233676,2.23552844690755,2024-06-11,"020502061204 Limestone Run"
"2687","LR0-SM","White Sucker",142,26.8,1.42813479402879,2.15228834438306,2024-06-11,"020502061204 Limestone Run"
"2688","LR0-SM","White Sucker",130,23.5,1.37106786227174,2.11394335230684,2024-06-11,"020502061204 Limestone Run"
"2689","LR0-SM","White Sucker",154,32.2,1.50785587169583,2.18752072083646,2024-06-11,"020502061204 Limestone Run"
"2690","LR0-SM","White Sucker",150,32.8,1.51587384371168,2.17609125905568,2024-06-11,"020502061204 Limestone Run"
"2691","LR0-SM","White Sucker",155,35.6,1.55144999797288,2.19033169817029,2024-06-11,"020502061204 Limestone Run"
"2692","LR0-SM","White Sucker",134,26.4,1.42160392686983,2.12710479836481,2024-06-11,"020502061204 Limestone Run"
"2693","LR0-SM","White Sucker",126,20.7,1.31597034545692,2.10037054511756,2024-06-11,"020502061204 Limestone Run"
"2694","LR0-SM","Tessellated Darter",40,0.63,-0.200659450546418,1.60205999132796,2024-06-11,"020502061204 Limestone Run"
"2695","LR0-SM","Tessellated Darter",58,2.16,0.334453751150931,1.76342799356294,2024-06-11,"020502061204 Limestone Run"
"2696","LR0-SM","Tessellated Darter",40,0.57,-0.244125144327509,1.60205999132796,2024-06-11,"020502061204 Limestone Run"
"2697","LR0-SM","Tessellated Darter",62,2.33,0.367355921026019,1.79239168949825,2024-06-11,"020502061204 Limestone Run"
"2698","LR0-SM","White Sucker",139,24.6,1.39093510710338,2.14301480025409,2024-06-11,"020502061204 Limestone Run"
"2699","LR0-SM","White Sucker",123,17,1.23044892137827,2.0899051114394,2024-06-11,"020502061204 Limestone Run"
"2700","LR0-SM","White Sucker",100,9.89,0.995196291597179,2,2024-06-11,"020502061204 Limestone Run"
"2701","LR0-SM","White Sucker",125,20.65,1.31492005599242,2.09691001300806,2024-06-11,"020502061204 Limestone Run"
"2702","LR0-SM","Creek Chub",97,9.64,0.984077033902831,1.98677173426624,2024-06-11,"020502061204 Limestone Run"
"2703","LR0-SM","Creek Chub",82,5.63,0.750508394851346,1.91381385238372,2024-06-11,"020502061204 Limestone Run"
"2704","LR0-SM","Creek Chub",44,0.93,-0.0315170514460649,1.64345267648619,2024-06-11,"020502061204 Limestone Run"
"2705","LR0-SM","Creek Chub",87,6.72,0.827369273053825,1.93951925261862,2024-06-11,"020502061204 Limestone Run"
"2706","LR0-SM","Blacknose Dace",47,0.94,-0.0268721464003014,1.67209785793572,2024-06-11,"020502061204 Limestone Run"
"2707","LR0-SM","Blacknose Dace",70,3.2,0.505149978319906,1.84509804001426,2024-06-11,"020502061204 Limestone Run"
"2708","LR0-SM","Blacknose Dace",49,0.97,-0.0132282657337552,1.69019608002851,2024-06-11,"020502061204 Limestone Run"
"2709","LR0-SM","Blacknose Dace",47,0.94,-0.0268721464003014,1.67209785793572,2024-06-11,"020502061204 Limestone Run"
"2710","LR0-SM","Blacknose Dace",72,3.43,0.535294120042771,1.85733249643127,2024-06-11,"020502061204 Limestone Run"
"2711","LR0-SM","Blacknose Dace",45,0.81,-0.0915149811213502,1.65321251377534,2024-06-11,"020502061204 Limestone Run"
"2712","LR0-SM","Blacknose Dace",38,0.47,-0.327902142064283,1.57978359661681,2024-06-11,"020502061204 Limestone Run"
"2713","LR0-SM","Blacknose Dace",42,0.54,-0.267606240177031,1.6232492903979,2024-06-11,"020502061204 Limestone Run"
"2714","LR0-SM","Blacknose Dace",44,0.82,-0.0861861476162833,1.64345267648619,2024-06-11,"020502061204 Limestone Run"
"2715","LR0-SM","Blacknose Dace",37,0.41,-0.387216143280265,1.56820172406699,2024-06-11,"020502061204 Limestone Run"
"2716","LR0-SM","Blacknose Dace",46,0.89,-0.0506099933550872,1.66275783168157,2024-06-11,"020502061204 Limestone Run"
"2717","LR0-SM","Cutlip Minnow",52,1.36,0.133538908370218,1.7160033436348,2024-06-11,"020502061204 Limestone Run"
"2718","LR0-SM","Cutlip Minnow",81,5.56,0.745074791582057,1.90848501887865,2024-06-11,"020502061204 Limestone Run"
"2719","LR0-SM","White Sucker",103,11.23,1.05037975626146,2.01283722470517,2024-06-11,"020502061204 Limestone Run"
"2720","LR0-SM","White Sucker",169,51.39,1.71087861768517,2.22788670461367,2024-06-11,"020502061204 Limestone Run"
"2721","LR0-SM","White Sucker",205,90.8,1.95808584852109,2.31175386105575,2024-06-11,"020502061204 Limestone Run"
"2722","LR0-SM","White Sucker",226,109.1,2.03782475058834,2.3541084391474,2024-06-11,"020502061204 Limestone Run"
"2723","LR0-SM","Tessellated Darter",39,0.57,-0.244125144327509,1.5910646070265,2024-06-11,"020502061204 Limestone Run"
"2724","LR0-SM","Tessellated Darter",46,0.9,-0.0457574905606751,1.66275783168157,2024-06-11,"020502061204 Limestone Run"
"2725","LR0-SM","Tessellated Darter",55,1.24,0.0934216851622351,1.74036268949424,2024-06-11,"020502061204 Limestone Run"
"2726","LR0-SM","Tessellated Darter",49,1.26,0.100370545117563,1.69019608002851,2024-06-11,"020502061204 Limestone Run"
"2727","LR0-SM","Tessellated Darter",56,1.95,0.290034611362518,1.7481880270062,2024-06-11,"020502061204 Limestone Run"
"2728","LR0-SM","Blacknose Dace",34,0.34,-0.468521082957745,1.53147891704226,2024-06-11,"020502061204 Limestone Run"
"2729","LR0-SM","Blacknose Dace",41,0.53,-0.275724130399211,1.61278385671974,2024-06-11,"020502061204 Limestone Run"
"2730","LR0-SM","Blacknose Dace",34,0.3,-0.522878745280338,1.53147891704226,2024-06-11,"020502061204 Limestone Run"
"2731","LR0-SM","Blacknose Dace",47,0.99,-0.00436480540245009,1.67209785793572,2024-06-11,"020502061204 Limestone Run"
"2732","LR0-SM","Blacknose Dace",63,2.45,0.389166084364532,1.79934054945358,2024-06-11,"020502061204 Limestone Run"
"2733","LR0-SM","Blacknose Dace",61,2.13,0.328379603438738,1.78532983501077,2024-06-11,"020502061204 Limestone Run"
"2734","LR0-SM","White Sucker",119,17.2,1.23552844690755,2.07554696139253,2024-06-11,"020502061204 Limestone Run"
"2735","LR0-SM","White Sucker",148,35.4,1.54900326202579,2.17026171539496,2024-06-11,"020502061204 Limestone Run"
"2736","LR0-SM","White Sucker",92,7.9,0.897627091290441,1.96378782734556,2024-06-11,"020502061204 Limestone Run"
"2737","LR0-SM","White Sucker",139,25.6,1.40823996531185,2.14301480025409,2024-06-11,"020502061204 Limestone Run"
"2738","LR0-SM","Creek Chub",42,0.8,-0.0969100130080564,1.6232492903979,2024-06-11,"020502061204 Limestone Run"
"2739","LR0-SM","Creek Chub",97,8.27,0.917505509552547,1.98677173426624,2024-06-11,"020502061204 Limestone Run"
"2740","LR0-SM","Creek Chub",104,11.73,1.06929801211553,2.01703333929878,2024-06-11,"020502061204 Limestone Run"
"2741","LR0-SM","Creek Chub",144,32.05,1.50582803385484,2.15836249209525,2024-06-11,"020502061204 Limestone Run"
"2742","LR0-SM","Cutlip Minnow",101,11.85,1.07371835034612,2.00432137378264,2024-06-11,"020502061204 Limestone Run"
"2743","LR0-SM","Cutlip Minnow",55,1.65,0.217483944213906,1.74036268949424,2024-06-11,"020502061204 Limestone Run"
"2744","LR0-SM","Creek Chub",159,41.6,1.61909333062674,2.20139712432045,2024-06-11,"020502061204 Limestone Run"
"2745","LR0-SM","Tessellated Darter",55,1.62,0.209515014542631,1.74036268949424,2024-06-11,"020502061204 Limestone Run"
"2746","LR0-SM","Creek Chub",85,6.71,0.826722520168992,1.92941892571429,2024-06-11,"020502061204 Limestone Run"
"2747","LR0-SM","Creek Chub",48,1.2,0.0791812460476248,1.68124123737559,2024-06-11,"020502061204 Limestone Run"
"2748","LR0-SM","Tessellated Darter",38,0.54,-0.267606240177031,1.57978359661681,2024-06-11,"020502061204 Limestone Run"
"2749","LR0-SM","Cutlip Minnow",100,12.13,1.08386080086657,2,2024-06-11,"020502061204 Limestone Run"
"2750","LR0-SM","Tessellated Darter",51,1.21,0.0827853703164501,1.70757017609794,2024-06-11,"020502061204 Limestone Run"
"2751","LR0-SM","Tessellated Darter",65,2.77,0.442479769064449,1.81291335664286,2024-06-11,"020502061204 Limestone Run"
"2752","LR0-SM","Blacknose Dace",33,0.3,-0.522878745280338,1.51851393987789,2024-06-11,"020502061204 Limestone Run"
"2753","LR0-SM","Creek Chub",117,17.5,1.24303804868629,2.06818586174616,2024-06-11,"020502061204 Limestone Run"
"2754","LR0-SM","Cutlip Minnow",62,2.34,0.369215857410143,1.79239168949825,2024-06-11,"020502061204 Limestone Run"
"2755","LR0-SM","Creek Chub",39,0.54,-0.267606240177031,1.5910646070265,2024-06-11,"020502061204 Limestone Run"
"2756","LR0-SM","Creek Chub",41,0.67,-0.173925197299174,1.61278385671974,2024-06-11,"020502061204 Limestone Run"
"2757","LR0-SM","Creek Chub",105,11.7,1.06818586174616,2.02118929906994,2024-06-11,"020502061204 Limestone Run"
"2758","LR0-SM","Creek Chub",120,17,1.23044892137827,2.07918124604762,2024-06-11,"020502061204 Limestone Run"
"2759","LR0-SM","Creek Chub",74,3.6,0.556302500767287,1.86923171973098,2024-06-11,"020502061204 Limestone Run"
"2760","LR0-SM","Creek Chub",130,25.33,1.40363518979055,2.11394335230684,2024-06-11,"020502061204 Limestone Run"
"2761","LR0-SR","Blacknose Dace",70,3.43,0.535294120042771,1.84509804001426,2024-06-10,"020502061204 Limestone Run"
"2762","LR0-SR","Blacknose Dace",66,2.46,0.390935107103379,1.81954393554187,2024-06-10,"020502061204 Limestone Run"
"2763","LR0-SR","Blacknose Dace",51,1.1,0.0413926851582251,1.70757017609794,2024-06-10,"020502061204 Limestone Run"
"2764","LR0-SR","Blacknose Dace",52,1.43,0.155336037465062,1.7160033436348,2024-06-10,"020502061204 Limestone Run"
"2765","LR0-SR","Creek Chub",44,0.7,-0.154901959985743,1.64345267648619,2024-06-10,"020502061204 Limestone Run"
"2766","LR0-SR","Banded Killifish",70,3.6,0.556302500767287,1.84509804001426,2024-06-10,"020502061204 Limestone Run"
"2767","LR0-SR","Banded Killifish",73,3.76,0.575187844927661,1.86332286012046,2024-06-10,"020502061204 Limestone Run"
"2768","LR0-SR","Blacknose Dace",70,2.75,0.439332693830263,1.84509804001426,2024-06-10,"020502061204 Limestone Run"
"2769","LR0-SR","Blacknose Dace",67,2.55,0.406540180433955,1.82607480270083,2024-06-10,"020502061204 Limestone Run"
"2770","LR0-SR","Blacknose Dace",68,3.07,0.487138375477186,1.83250891270624,2024-06-10,"020502061204 Limestone Run"
"2771","LR0-SR","Blacknose Dace",68,2.06,0.313867220369153,1.83250891270624,2024-06-10,"020502061204 Limestone Run"
"2772","LR0-SR","Blacknose Dace",63,2.4,0.380211241711606,1.79934054945358,2024-06-10,"020502061204 Limestone Run"
"2773","LR0-SR","Blacknose Dace",62,2.22,0.346352974450639,1.79239168949825,2024-06-10,"020502061204 Limestone Run"
"2774","LR0-SR","Blacknose Dace",51,1.3,0.113943352306837,1.70757017609794,2024-06-10,"020502061204 Limestone Run"
"2775","LR0-SR","Blacknose Dace",67,2.59,0.413299764081252,1.82607480270083,2024-06-10,"020502061204 Limestone Run"
"2776","LR0-SR","Creek Chub",81,5.72,0.757396028793024,1.90848501887865,2024-06-10,"020502061204 Limestone Run"
"2777","LR0-SR","Creek Chub",181,69.93,1.84466352824024,2.25767857486918,2024-06-10,"020502061204 Limestone Run"
"2778","LR0-SR","Creek Chub",96,8.44,0.926342446625655,1.98227123303957,2024-06-10,"020502061204 Limestone Run"
"2779","LR0-SR","Blacknose Dace",46,0.99,-0.00436480540245009,1.66275783168157,2024-06-10,"020502061204 Limestone Run"
"2780","LR0-SR","Blacknose Dace",85,5.25,0.720159303405957,1.92941892571429,2024-06-10,"020502061204 Limestone Run"
"2781","LR0-SR","Blacknose Dace",48,1.09,0.0374264979406237,1.68124123737559,2024-06-10,"020502061204 Limestone Run"
"2782","LR0-SR","Blacknose Dace",50,2.27,0.356025857193123,1.69897000433602,2024-06-10,"020502061204 Limestone Run"
"2783","LR0-SR","Blacknose Dace",65,2.33,0.367355921026019,1.81291335664286,2024-06-10,"020502061204 Limestone Run"
"2784","LR0-SR","Tessellated Darter",51,1.45,0.161368002234975,1.70757017609794,2024-06-10,"020502061204 Limestone Run"
"2785","LR0-SR","Tessellated Darter",62,2.35,0.371067862271736,1.79239168949825,2024-06-10,"020502061204 Limestone Run"
"2786","LR0-SR","Tessellated Darter",67,2.9,0.462397997898956,1.82607480270083,2024-06-10,"020502061204 Limestone Run"
"2787","LR0-SR","Longnose Dace",68,2.87,0.457881896733992,1.83250891270624,2024-06-10,"020502061204 Limestone Run"
"2788","LR0-SR","Longnose Dace",61,1.79,0.252853030979893,1.78532983501077,2024-06-10,"020502061204 Limestone Run"
"2789","LR0-SR","Longnose Dace",92,6.86,0.836324115706752,1.96378782734556,2024-06-10,"020502061204 Limestone Run"
"2790","LR0-SR","Longnose Dace",76,4.07,0.60959440922522,1.88081359228079,2024-06-10,"020502061204 Limestone Run"
"2791","LR0-SR","Creek Chub",52,1.37,0.136720567156407,1.7160033436348,2024-06-10,"020502061204 Limestone Run"
"2792","LR0-SR","Creek Chub",55,1.77,0.247973266361807,1.74036268949424,2024-06-10,"020502061204 Limestone Run"
"2793","LR0-SR","White Sucker",166,45.06,1.65379118738781,2.22010808804005,2024-06-10,"020502061204 Limestone Run"
"2794","LR0-SR","White Sucker",135,27.35,1.43695733066945,2.13033376849501,2024-06-10,"020502061204 Limestone Run"
"2795","LR0-SR","White Sucker",151,3.8,0.57978359661681,2.17897694729317,2024-06-10,"020502061204 Limestone Run"
"2796","LR0-SR","White Sucker",106,12.66,1.10243370568134,2.02530586526477,2024-06-10,"020502061204 Limestone Run"
"2797","LR0-SR","White Sucker",110,13.87,1.14207646107328,2.04139268515822,2024-06-10,"020502061204 Limestone Run"
"2798","LR0-SR","Blacknose Dace",55,1.57,0.195899652409234,1.74036268949424,2024-06-10,"020502061204 Limestone Run"
"2799","LR0-SR","Blacknose Dace",66,2.02,0.305351369446624,1.81954393554187,2024-06-10,"020502061204 Limestone Run"
"2800","LR0-SR","Banded Killifish",35,0.49,-0.309803919971486,1.54406804435028,2024-06-10,"020502061204 Limestone Run"
"2801","LR0-SR","Banded Killifish",54,1.23,0.0899051114393979,1.73239375982297,2024-06-10,"020502061204 Limestone Run"
"2802","LR0-SR","Creek Chub",47,1.19,0.0755469613925307,1.67209785793572,2024-06-10,"020502061204 Limestone Run"
"2803","LR0-SR","Tessellated Darter",70,3.03,0.481442628502305,1.84509804001426,2024-06-10,"020502061204 Limestone Run"
"2804","LR0-SR","Tessellated Darter",70,3.12,0.494154594018443,1.84509804001426,2024-06-10,"020502061204 Limestone Run"
"2805","LR0-SR","Tessellated Darter",60,2.13,0.328379603438738,1.77815125038364,2024-06-10,"020502061204 Limestone Run"
"2806","LR0-SR","Tessellated Darter",73,3.72,0.570542939881898,1.86332286012046,2024-06-10,"020502061204 Limestone Run"
"2807","LR0-SR","Banded Killifish",63,2.73,0.436162647040756,1.79934054945358,2024-06-10,"020502061204 Limestone Run"
"2808","LR0-SR","Cutlip Minnow",59,1.99,0.298853076409707,1.77085201164214,2024-06-10,"020502061204 Limestone Run"
"2809","LR0-SR","Cutlip Minnow",67,3.87,0.587710965018911,1.82607480270083,2024-06-10,"020502061204 Limestone Run"
"2810","LR0-SR","Cutlip Minnow",105,12.15,1.08457627793433,2.02118929906994,2024-06-10,"020502061204 Limestone Run"
"2811","LR0-SR","Cutlip Minnow",64,2.61,0.416640507338281,1.80617997398389,2024-06-10,"020502061204 Limestone Run"
"2812","LR0-SR","Tessellated Darter",80,3.99,0.600972895686748,1.90308998699194,2024-06-10,"020502061204 Limestone Run"
"2813","LR0-SR","Tessellated Darter",60,2.23,0.348304863048161,1.77815125038364,2024-06-10,"020502061204 Limestone Run"
"2814","LR0-SR","Tessellated Darter",85,4.92,0.69196510276736,1.92941892571429,2024-06-10,"020502061204 Limestone Run"
"2815","LR0-SR","Tessellated Darter",74,3.34,0.523746466811564,1.86923171973098,2024-06-10,"020502061204 Limestone Run"
"2816","LR0-SR","Tessellated Darter",59,1.65,0.217483944213906,1.77085201164214,2024-06-10,"020502061204 Limestone Run"
"2817","LR0-SR","Blacknose Dace",84,5.62,0.749736315569061,1.92427928606188,2024-06-10,"020502061204 Limestone Run"
"2818","LR0-SR","Blacknose Dace",56,1.33,0.123851640967086,1.7481880270062,2024-06-10,"020502061204 Limestone Run"
"2819","LR0-SR","Blacknose Dace",63,2.63,0.419955748489758,1.79934054945358,2024-06-10,"020502061204 Limestone Run"
"2820","LR0-SR","Blacknose Dace",71,3.14,0.496929648073215,1.85125834871908,2024-06-10,"020502061204 Limestone Run"
"2821","LR0-SR","Blacknose Dace",49,1.12,0.0492180226701817,1.69019608002851,2024-06-10,"020502061204 Limestone Run"
"2822","LR0-SR","Tessellated Darter",77,4,0.602059991327962,1.88649072517248,2024-06-10,"020502061204 Limestone Run"
"2823","LR0-SR","Tessellated Darter",44,1.13,0.0530784434834197,1.64345267648619,2024-06-10,"020502061204 Limestone Run"
"2824","LR0-SR","Tessellated Darter",57,1.74,0.2405492482826,1.75587485567249,2024-06-10,"020502061204 Limestone Run"
"2825","LR0-SR","Tessellated Darter",85,5.39,0.731588765186739,1.92941892571429,2024-06-10,"020502061204 Limestone Run"
"2826","LR0-SR","Tessellated Darter",52,1.37,0.136720567156407,1.7160033436348,2024-06-10,"020502061204 Limestone Run"
"2827","LR0-SR","Tessellated Darter",79,5.04,0.702430536445525,1.89762709129044,2024-06-10,"020502061204 Limestone Run"
"2828","LR0-SR","Tessellated Darter",80,4.86,0.686636269262293,1.90308998699194,2024-06-10,"020502061204 Limestone Run"
"2829","LR0-SR","Tessellated Darter",47,1.1,0.0413926851582251,1.67209785793572,2024-06-10,"020502061204 Limestone Run"
"2830","LR0-SR","Tessellated Darter",54,1.52,0.181843587944773,1.73239375982297,2024-06-10,"020502061204 Limestone Run"
"2831","LR0-SR","Blacknose Dace",67,2.46,0.390935107103379,1.82607480270083,2024-06-10,"020502061204 Limestone Run"
"2832","LR0-SR","Tessellated Darter",71,3.26,0.513217600067939,1.85125834871908,2024-06-10,"020502061204 Limestone Run"
"2833","LR0-SR","Tessellated Darter",70,3.63,0.559906625036113,1.84509804001426,2024-06-10,"020502061204 Limestone Run"
"2834","LR0-SR","Tessellated Darter",73,3.54,0.549003262025788,1.86332286012046,2024-06-10,"020502061204 Limestone Run"
"2835","LR0-SR","Tessellated Darter",58,1.12,0.0492180226701817,1.76342799356294,2024-06-10,"020502061204 Limestone Run"
"2836","LR0-SR","Tessellated Darter",81,4.88,0.688419822002711,1.90848501887865,2024-06-10,"020502061204 Limestone Run"
"2837","LR0-SR","Banded Killifish",49,0.98,-0.00877392430750515,1.69019608002851,2024-06-10,"020502061204 Limestone Run"
"2838","LR0-SR","Tessellated Darter",67,2.99,0.47567118832443,1.82607480270083,2024-06-10,"020502061204 Limestone Run"
"2839","LR0-SR","Blacknose Dace",71,3.29,0.517195897949974,1.85125834871908,2024-06-10,"020502061204 Limestone Run"
"2840","LR0-SR","Tessellated Darter",65,2.96,0.471291711058939,1.81291335664286,2024-06-10,"020502061204 Limestone Run"
"2841","LR0-SR","Blacknose Dace",46,0.99,-0.00436480540245009,1.66275783168157,2024-06-10,"020502061204 Limestone Run"
"2842","LR0-SR","Banded Killifish",56,1.26,0.100370545117563,1.7481880270062,2024-06-10,"020502061204 Limestone Run"
"2843","LR0-SR","Blacknose Dace",49,1.04,0.0170333392987804,1.69019608002851,2024-06-10,"020502061204 Limestone Run"
"2844","LR0-SR","Blacknose Dace",54,1.12,0.0492180226701817,1.73239375982297,2024-06-10,"020502061204 Limestone Run"
"2845","LR0-SR","Blacknose Dace",65,2.74,0.437750562820388,1.81291335664286,2024-06-10,"020502061204 Limestone Run"
"2846","LS0-RA","Blacknose Dace",55,2,0.301029995663981,1.74036268949424,2022-06-01,"020503010103 Little Shamokin Creek"
"2847","LS0-RA","Blacknose Dace",57,1.7,0.230448921378274,1.75587485567249,2022-06-01,"020503010103 Little Shamokin Creek"
"2848","LS0-RA","Blacknose Dace",61,2.1,0.322219294733919,1.78532983501077,2022-06-01,"020503010103 Little Shamokin Creek"
"2849","LS0-RA","Blacknose Dace",49,1.1,0.0413926851582251,1.69019608002851,2022-06-01,"020503010103 Little Shamokin Creek"
"2850","LS0-RA","Blacknose Dace",44,0.7,-0.154901959985743,1.64345267648619,2022-06-01,"020503010103 Little Shamokin Creek"
"2851","LS0-RA","Creek Chub",59,1.9,0.278753600952829,1.77085201164214,2022-06-01,"020503010103 Little Shamokin Creek"
"2852","LS0-RA","Swallowtail Shiner",58,1.6,0.204119982655925,1.76342799356294,2022-06-01,"020503010103 Little Shamokin Creek"
"2853","LS0-RA","Swallowtail Shiner",96,7.7,0.886490725172482,1.98227123303957,2022-06-01,"020503010103 Little Shamokin Creek"
"2854","LS0-RA","Swallowtail Shiner",74,5.4,0.732393759822969,1.86923171973098,2022-06-01,"020503010103 Little Shamokin Creek"
"2855","LS0-RA","Swallowtail Shiner",75,3.4,0.531478917042255,1.8750612633917,2022-06-01,"020503010103 Little Shamokin Creek"
"2856","LS0-RA","Swallowtail Shiner",77,4.3,0.633468455579587,1.88649072517248,2022-06-01,"020503010103 Little Shamokin Creek"
"2857","LS0-RA","Swallowtail Shiner",80,4.8,0.681241237375587,1.90308998699194,2022-06-01,"020503010103 Little Shamokin Creek"
"2858","LS0-RA","Swallowtail Shiner",71,3.1,0.491361693834273,1.85125834871908,2022-06-01,"020503010103 Little Shamokin Creek"
"2859","LS0-RA","Swallowtail Shiner",80,3.9,0.591064607026499,1.90308998699194,2022-06-01,"020503010103 Little Shamokin Creek"
"2860","LS0-RA","Cutlip Minnow",45,1.1,0.0413926851582251,1.65321251377534,2022-06-01,"020503010103 Little Shamokin Creek"
"2861","LS0-RA","Cutlip Minnow",110,16.6,1.22010808804006,2.04139268515822,2022-06-01,"020503010103 Little Shamokin Creek"
"2862","LS0-RA","Cutlip Minnow",65,3.2,0.505149978319906,1.81291335664286,2022-06-01,"020503010103 Little Shamokin Creek"
"2863","LS0-RA","Creek Chub",89,7.9,0.897627091290441,1.94939000664491,2022-06-01,"020503010103 Little Shamokin Creek"
"2864","LS0-RA","Cutlip Minnow",51,1.3,0.113943352306837,1.70757017609794,2022-06-01,"020503010103 Little Shamokin Creek"
"2865","LS0-RA","Bluntnose Minnow",59,2.2,0.342422680822206,1.77085201164214,2022-06-01,"020503010103 Little Shamokin Creek"
"2866","LS0-RA","Blacknose Dace",56,1.9,0.278753600952829,1.7481880270062,2022-06-01,"020503010103 Little Shamokin Creek"
"2867","LS0-RA","Blacknose Dace",44,0.9,-0.0457574905606751,1.64345267648619,2022-06-01,"020503010103 Little Shamokin Creek"
"2868","LS0-RA","Blacknose Dace",57,2.1,0.322219294733919,1.75587485567249,2022-06-01,"020503010103 Little Shamokin Creek"
"2869","LS0-RA","Creek Chub",130,23,1.36172783601759,2.11394335230684,2022-06-01,"020503010103 Little Shamokin Creek"
"2870","LS0-RA","Bluntnose Minnow",74,4.1,0.612783856719735,1.86923171973098,2022-06-01,"020503010103 Little Shamokin Creek"
"2871","LS0-RA","Bluntnose Minnow",70,3.5,0.544068044350276,1.84509804001426,2022-06-01,"020503010103 Little Shamokin Creek"
"2872","LS0-RA","Bluntnose Minnow",62,2.4,0.380211241711606,1.79239168949825,2022-06-01,"020503010103 Little Shamokin Creek"
"2873","LS0-RA","Bluntnose Minnow",64,2.3,0.361727836017593,1.80617997398389,2022-06-01,"020503010103 Little Shamokin Creek"
"2874","LS0-RA","Bluntnose Minnow",60,2.1,0.322219294733919,1.77815125038364,2022-06-01,"020503010103 Little Shamokin Creek"
"2875","LS0-RA","Bluntnose Minnow",60,2.3,0.361727836017593,1.77815125038364,2022-06-01,"020503010103 Little Shamokin Creek"
"2876","LS0-RA","Blacknose Dace",60,2.3,0.361727836017593,1.77815125038364,2022-06-01,"020503010103 Little Shamokin Creek"
"2877","LS0-RA","Blacknose Dace",59,2.4,0.380211241711606,1.77085201164214,2022-06-01,"020503010103 Little Shamokin Creek"
"2878","LS0-RA","Blacknose Dace",56,2.2,0.342422680822206,1.7481880270062,2022-06-01,"020503010103 Little Shamokin Creek"
"2879","LS0-RA","Blacknose Dace",52,1.2,0.0791812460476248,1.7160033436348,2022-06-01,"020503010103 Little Shamokin Creek"
"2880","LS0-RA","Rosyside Dace",53,1.3,0.113943352306837,1.72427586960079,2022-06-01,"020503010103 Little Shamokin Creek"
"2881","LS0-RA","Rosyside Dace",49,1,0,1.69019608002851,2022-06-01,"020503010103 Little Shamokin Creek"
"2882","LS0-RA","Blacknose Dace",46,0.9,-0.0457574905606751,1.66275783168157,2022-06-01,"020503010103 Little Shamokin Creek"
"2883","LS0-RA","Bluntnose Minnow",62,2.2,0.342422680822206,1.79239168949825,2022-06-01,"020503010103 Little Shamokin Creek"
"2884","LS0-RA","Swallowtail Shiner",90,5.8,0.763427993562937,1.95424250943932,2022-06-01,"020503010103 Little Shamokin Creek"
"2885","LS0-RA","Creek Chub",64,3,0.477121254719662,1.80617997398389,2022-06-01,"020503010103 Little Shamokin Creek"
"2886","LS0-RA","Creek Chub",70,3.3,0.518513939877887,1.84509804001426,2022-06-01,"020503010103 Little Shamokin Creek"
"2887","LS0-RA","Blacknose Dace",65,3.1,0.491361693834273,1.81291335664286,2022-06-01,"020503010103 Little Shamokin Creek"
"2888","LS0-RA","Blacknose Dace",43,0.9,-0.0457574905606751,1.63346845557959,2022-06-01,"020503010103 Little Shamokin Creek"
"2889","LS0-RA","Cutlip Minnow",55,1.5,0.176091259055681,1.74036268949424,2022-06-01,"020503010103 Little Shamokin Creek"
"2890","LS0-RA","Cutlip Minnow",111,18.2,1.26007138798507,2.04532297878666,2022-06-01,"020503010103 Little Shamokin Creek"
"2891","LS0-RA","Cutlip Minnow",105,16.2,1.20951501454263,2.02118929906994,2022-06-01,"020503010103 Little Shamokin Creek"
"2892","LS0-RA","Cutlip Minnow",60,2.3,0.361727836017593,1.77815125038364,2022-06-01,"020503010103 Little Shamokin Creek"
"2893","LS0-RA","Tessellated Darter",62,2.3,0.361727836017593,1.79239168949825,2022-06-01,"020503010103 Little Shamokin Creek"
"2894","LS0-RA","Creek Chub",120,19.4,1.28780172993023,2.07918124604762,2022-06-01,"020503010103 Little Shamokin Creek"
"2895","LS0-RA","Creek Chub",85,6.8,0.832508912706236,1.92941892571429,2022-06-01,"020503010103 Little Shamokin Creek"
"2896","LS0-RA","Creek Chub",64,3.3,0.518513939877887,1.80617997398389,2022-06-01,"020503010103 Little Shamokin Creek"
"2897","LS0-RA","Cutlip Minnow",45,1,0,1.65321251377534,2022-06-01,"020503010103 Little Shamokin Creek"
"2898","LS0-RA","Tessellated Darter",49,1.2,0.0791812460476248,1.69019608002851,2022-06-01,"020503010103 Little Shamokin Creek"
"2899","LS0-RA","Cutlip Minnow",61,2.6,0.414973347970818,1.78532983501077,2022-06-01,"020503010103 Little Shamokin Creek"
"2900","LS0-RA","Creek Chub",60,2.1,0.322219294733919,1.77815125038364,2022-06-01,"020503010103 Little Shamokin Creek"
"2901","LS0-RA","Creek Chub",50,1.5,0.176091259055681,1.69897000433602,2022-06-01,"020503010103 Little Shamokin Creek"
"2902","LS0-RA","Creek Chub",75,4.8,0.681241237375587,1.8750612633917,2022-06-01,"020503010103 Little Shamokin Creek"
"2903","LS0-RA","Creek Chub",150,35.8,1.55388302664387,2.17609125905568,2022-06-01,"020503010103 Little Shamokin Creek"
"2904","LS0-RA","Creek Chub",55,1.8,0.255272505103306,1.74036268949424,2022-06-01,"020503010103 Little Shamokin Creek"
"2905","LS0-RA","Creek Chub",88,7.9,0.897627091290441,1.94448267215017,2022-06-01,"020503010103 Little Shamokin Creek"
"2906","LS0-RA","Creek Chub",61,2.5,0.397940008672038,1.78532983501077,2022-06-01,"020503010103 Little Shamokin Creek"
"2907","LS0-RA","Blacknose Dace",55,1.5,0.176091259055681,1.74036268949424,2022-06-01,"020503010103 Little Shamokin Creek"
"2908","LS0-RA","Bluntnose Minnow",65,2.2,0.342422680822206,1.81291335664286,2022-06-01,"020503010103 Little Shamokin Creek"
"2909","LS0-RA","Bluntnose Minnow",70,3.7,0.568201724066995,1.84509804001426,2022-06-01,"020503010103 Little Shamokin Creek"
"2910","LS0-RA","Bluntnose Minnow",60,2.2,0.342422680822206,1.77815125038364,2022-06-01,"020503010103 Little Shamokin Creek"
"2911","LS0-RA","Creek Chub",130,25.1,1.39967372148104,2.11394335230684,2022-06-01,"020503010103 Little Shamokin Creek"
"2912","LS0-RA","Bluntnose Minnow",60,1.9,0.278753600952829,1.77815125038364,2022-06-01,"020503010103 Little Shamokin Creek"
"2913","LS0-RA","Margined Madtom",62,8.5,0.929418925714293,1.79239168949825,2022-06-01,"020503010103 Little Shamokin Creek"
"2914","LS0-RA","Blacknose Dace",45,0.8,-0.0969100130080564,1.65321251377534,2022-06-01,"020503010103 Little Shamokin Creek"
"2915","LS0-RA","Blacknose Dace",44,0.8,-0.0969100130080564,1.64345267648619,2022-06-01,"020503010103 Little Shamokin Creek"
"2916","LS0-RA","Blacknose Dace",49,1,0,1.69019608002851,2022-06-01,"020503010103 Little Shamokin Creek"
"2917","LS0-RA","Blacknose Dace",41,0.6,-0.221848749616356,1.61278385671974,2022-06-01,"020503010103 Little Shamokin Creek"
"2918","LS0-RA","Bluntnose Minnow",71,3.7,0.568201724066995,1.85125834871908,2022-06-01,"020503010103 Little Shamokin Creek"
"2919","LS0-RA","Bluntnose Minnow",80,4.7,0.672097857935718,1.90308998699194,2022-06-01,"020503010103 Little Shamokin Creek"
"2920","LS0-RA","Bluntnose Minnow",40,6.8,0.832508912706236,1.60205999132796,2022-06-01,"020503010103 Little Shamokin Creek"
"2921","LS0-RA","Longnose Dace",76,4.5,0.653212513775344,1.88081359228079,2022-06-01,"020503010103 Little Shamokin Creek"
"2922","LS0-RA","Swallowtail Shiner",79,4.1,0.612783856719735,1.89762709129044,2022-06-01,"020503010103 Little Shamokin Creek"
"2923","LS0-RA","Swallowtail Shiner",75,3.9,0.591064607026499,1.8750612633917,2022-06-01,"020503010103 Little Shamokin Creek"
"2924","LS0-RA","Blacknose Dace",50,1.3,0.113943352306837,1.69897000433602,2022-06-01,"020503010103 Little Shamokin Creek"
"2925","LS0-RA","Blacknose Dace",43,0.9,-0.0457574905606751,1.63346845557959,2022-06-01,"020503010103 Little Shamokin Creek"
"2926","LS0-RA","Blacknose Dace",44,0.8,-0.0969100130080564,1.64345267648619,2022-06-01,"020503010103 Little Shamokin Creek"
"2927","LS0-RA","Blacknose Dace",62,2.6,0.414973347970818,1.79239168949825,2022-06-01,"020503010103 Little Shamokin Creek"
"2928","LS0-RA","Blacknose Dace",80,4.9,0.690196080028514,1.90308998699194,2022-06-01,"020503010103 Little Shamokin Creek"
"2929","LS0-RA","Blacknose Dace",59,1.8,0.255272505103306,1.77085201164214,2022-06-01,"020503010103 Little Shamokin Creek"
"2930","LS0-RA","Blacknose Dace",67,2.9,0.462397997898956,1.82607480270083,2022-06-01,"020503010103 Little Shamokin Creek"
"2931","LS0-RA","Blacknose Dace",78,5.4,0.732393759822969,1.89209460269048,2022-06-01,"020503010103 Little Shamokin Creek"
"2932","LS0-RA","Blacknose Dace",59,2.1,0.322219294733919,1.77085201164214,2022-06-01,"020503010103 Little Shamokin Creek"
"2933","LS0-RA","Blacknose Dace",46,1,0,1.66275783168157,2022-06-01,"020503010103 Little Shamokin Creek"
"2934","LS0-RA","Blacknose Dace",52,2.1,0.322219294733919,1.7160033436348,2022-06-01,"020503010103 Little Shamokin Creek"
"2935","LS0-RA","Blacknose Dace",61,2.5,0.397940008672038,1.78532983501077,2022-06-01,"020503010103 Little Shamokin Creek"
"2936","LS0-RA","Margined Madtom",114,16,1.20411998265592,2.05690485133647,2022-06-01,"020503010103 Little Shamokin Creek"
"2937","LS0-RA","Margined Madtom",126,17.6,1.24551266781415,2.10037054511756,2022-06-01,"020503010103 Little Shamokin Creek"
"2938","LS0-RA","Creek Chub",70,4.4,0.643452676486187,1.84509804001426,2022-06-01,"020503010103 Little Shamokin Creek"
"2939","LS0-RA","Creek Chub",50,1.8,0.255272505103306,1.69897000433602,2022-06-01,"020503010103 Little Shamokin Creek"
"2940","LS0-RA","Blacknose Dace",43,0.9,-0.0457574905606751,1.63346845557959,2022-06-01,"020503010103 Little Shamokin Creek"
"2941","LS0-RA","Blacknose Dace",61,2.1,0.322219294733919,1.78532983501077,2022-06-01,"020503010103 Little Shamokin Creek"
"2942","LS0-RA","Blacknose Dace",44,0.8,-0.0969100130080564,1.64345267648619,2022-06-01,"020503010103 Little Shamokin Creek"
"2943","LS0-RA","Blacknose Dace",59,2.2,0.342422680822206,1.77085201164214,2022-06-01,"020503010103 Little Shamokin Creek"
"2944","LS0-RA","Blacknose Dace",46,1,0,1.66275783168157,2022-06-01,"020503010103 Little Shamokin Creek"
"2945","LS0-RA","Bluntnose Minnow",63,2.7,0.431363764158987,1.79934054945358,2022-06-01,"020503010103 Little Shamokin Creek"
"2946","LS0-RA","Margined Madtom",101,9.8,0.991226075692495,2.00432137378264,2022-06-01,"020503010103 Little Shamokin Creek"
"2947","LS0-RA","Margined Madtom",53,1.4,0.146128035678238,1.72427586960079,2022-06-01,"020503010103 Little Shamokin Creek"
"2948","LS0-RA","Creek Chub",67,3,0.477121254719662,1.82607480270083,2022-06-01,"020503010103 Little Shamokin Creek"
"2949","LS0-RA","Creek Chub",62,2.7,0.431363764158987,1.79239168949825,2022-06-01,"020503010103 Little Shamokin Creek"
"2950","LS0-RA","Creek Chub",95,11.4,1.05690485133647,1.97772360528885,2022-06-01,"020503010103 Little Shamokin Creek"
"2951","LS0-RA","Creek Chub",52,1.3,0.113943352306837,1.7160033436348,2022-06-01,"020503010103 Little Shamokin Creek"
"2952","LS0-RA","Blacknose Dace",42,0.7,-0.154901959985743,1.6232492903979,2022-06-01,"020503010103 Little Shamokin Creek"
"2953","LS0-RA","Blacknose Dace",44,0.6,-0.221848749616356,1.64345267648619,2022-06-01,"020503010103 Little Shamokin Creek"
"2954","LS0-RA","Creek Chub",52,1.6,0.204119982655925,1.7160033436348,2022-06-01,"020503010103 Little Shamokin Creek"
"2955","LS0-RA","Blacknose Dace",59,2.1,0.322219294733919,1.77085201164214,2022-06-01,"020503010103 Little Shamokin Creek"
"2956","LS0-RA","Blacknose Dace",61,2.1,0.322219294733919,1.78532983501077,2022-06-01,"020503010103 Little Shamokin Creek"
"2957","LS0-RA","Blacknose Dace",42,0.7,-0.154901959985743,1.6232492903979,2022-06-01,"020503010103 Little Shamokin Creek"
"2958","LS0-RA","White Sucker",221,114.7,2.05956341790127,2.34439227368511,2022-06-01,"020503010103 Little Shamokin Creek"
"2959","LS0-RA","White Sucker",116,18.5,1.26717172840301,2.06445798922692,2022-06-01,"020503010103 Little Shamokin Creek"
"2960","LS0-RA","White Sucker",67,2.7,0.431363764158987,1.82607480270083,2022-06-01,"020503010103 Little Shamokin Creek"
"2961","LS0-RA","White Sucker",90,7.1,0.851258348719075,1.95424250943932,2022-06-01,"020503010103 Little Shamokin Creek"
"2962","LS0-RA","Longnose Dace",54,1.3,0.113943352306837,1.73239375982297,2022-06-01,"020503010103 Little Shamokin Creek"
"2963","LS0-RA","Blacknose Dace",42,0.6,-0.221848749616356,1.6232492903979,2022-06-01,"020503010103 Little Shamokin Creek"
"2964","LS0-RA","White Sucker",192,86.2,1.93550726582471,2.28330122870355,2022-06-01,"020503010103 Little Shamokin Creek"
"2965","LS0-RA","White Sucker",157,43.1,1.63447727016073,2.19589965240923,2022-06-01,"020503010103 Little Shamokin Creek"
"2966","LS0-RA","White Sucker",80,5.3,0.724275869600789,1.90308998699194,2022-06-01,"020503010103 Little Shamokin Creek"
"2967","LS0-RA","Blacknose Dace",55,2.2,0.342422680822206,1.74036268949424,2022-06-01,"020503010103 Little Shamokin Creek"
"2968","LS0-RA","Longnose Dace",71,3.6,0.556302500767287,1.85125834871908,2022-06-01,"020503010103 Little Shamokin Creek"
"2969","LS0-RA","Longnose Dace",61,2.4,0.380211241711606,1.78532983501077,2022-06-01,"020503010103 Little Shamokin Creek"
"2970","LS0-RA","Longnose Dace",52,1.3,0.113943352306837,1.7160033436348,2022-06-01,"020503010103 Little Shamokin Creek"
"2971","LS0-RA","Creek Chub",61,6.6,0.819543935541869,1.78532983501077,2022-06-01,"020503010103 Little Shamokin Creek"
"2972","LS0-RA","Creek Chub",92,9.6,0.982271233039568,1.96378782734556,2022-06-01,"020503010103 Little Shamokin Creek"
"2973","LS0-RA","Blacknose Dace",45,0.9,-0.0457574905606751,1.65321251377534,2022-06-01,"020503010103 Little Shamokin Creek"
"2974","LS0-RA","Blacknose Dace",50,1.4,0.146128035678238,1.69897000433602,2022-06-01,"020503010103 Little Shamokin Creek"
"2975","LS0-RA","Blacknose Dace",60,2.1,0.322219294733919,1.77815125038364,2022-06-01,"020503010103 Little Shamokin Creek"
"2976","LS0-RA","Blacknose Dace",60,2.4,0.380211241711606,1.77815125038364,2022-06-01,"020503010103 Little Shamokin Creek"
"2977","LS0-RA","Blacknose Dace",45,0.8,-0.0969100130080564,1.65321251377534,2022-06-01,"020503010103 Little Shamokin Creek"
"2978","LS0-RA","Blacknose Dace",59,2.5,0.397940008672038,1.77085201164214,2022-06-01,"020503010103 Little Shamokin Creek"
"2979","LS0-RA","Blacknose Dace",55,1.8,0.255272505103306,1.74036268949424,2022-06-01,"020503010103 Little Shamokin Creek"
"2980","LS0-RA","Margined Madtom",115,18.2,1.26007138798507,2.06069784035361,2022-06-01,"020503010103 Little Shamokin Creek"
"2981","LS0-RA","Cutlip Minnow",67,3.3,0.518513939877887,1.82607480270083,2022-06-01,"020503010103 Little Shamokin Creek"
"2982","LS0-RA","Margined Madtom",121,20.1,1.30319605742049,2.08278537031645,2022-06-01,"020503010103 Little Shamokin Creek"
"2983","LS0-RA","Margined Madtom",125,22.4,1.35024801833416,2.09691001300806,2022-06-01,"020503010103 Little Shamokin Creek"
"2984","LS0-RA","Margined Madtom",93,13.3,1.12385164096709,1.96848294855394,2022-06-01,"020503010103 Little Shamokin Creek"
"2985","LS0-RA","Margined Madtom",105,12.2,1.08635983067475,2.02118929906994,2022-06-01,"020503010103 Little Shamokin Creek"
"2986","LS0-RA","Tessellated Darter",52,1.6,0.204119982655925,1.7160033436348,2022-06-01,"020503010103 Little Shamokin Creek"
"2987","LS0-RA","Tessellated Darter",49,1.2,0.0791812460476248,1.69019608002851,2022-06-01,"020503010103 Little Shamokin Creek"
"2988","LS0-RA","Tessellated Darter",60,2.3,0.361727836017593,1.77815125038364,2022-06-01,"020503010103 Little Shamokin Creek"
"2989","LS0-RA","Tessellated Darter",71,3.6,0.556302500767287,1.85125834871908,2022-06-01,"020503010103 Little Shamokin Creek"
"2990","LS0-RA","Tessellated Darter",50,2.5,0.397940008672038,1.69897000433602,2022-06-01,"020503010103 Little Shamokin Creek"
"2991","LS0-RA","Tessellated Darter",70,2.7,0.431363764158987,1.84509804001426,2022-06-01,"020503010103 Little Shamokin Creek"
"2992","LS0-RA","Longnose Dace",82,5.4,0.732393759822969,1.91381385238372,2022-06-01,"020503010103 Little Shamokin Creek"
"2993","LS0-RA","Creek Chub",64,3,0.477121254719662,1.80617997398389,2022-06-01,"020503010103 Little Shamokin Creek"
"2994","LS0-RA","Tessellated Darter",64,2.5,0.397940008672038,1.80617997398389,2022-06-01,"020503010103 Little Shamokin Creek"
"2995","LS0-RA","Tessellated Darter",61,2.3,0.361727836017593,1.78532983501077,2022-06-01,"020503010103 Little Shamokin Creek"
"2996","LS0-RA","Tessellated Darter",50,1.4,0.146128035678238,1.69897000433602,2022-06-01,"020503010103 Little Shamokin Creek"
"2997","LS0-RA","White Sucker",288,268.5,2.42894429003557,2.45939248775923,2022-06-01,"020503010103 Little Shamokin Creek"
"2998","LS0-RA","Creek Chub",55,2,0.301029995663981,1.74036268949424,2022-06-01,"020503010103 Little Shamokin Creek"
"2999","LS0-RA","Creek Chub",52,1.4,0.146128035678238,1.7160033436348,2022-06-01,"020503010103 Little Shamokin Creek"
"3000","LS0-RA","Creek Chub",113,16.5,1.21748394421391,2.05307844348342,2022-06-01,"020503010103 Little Shamokin Creek"
"3001","LS0-RA","Creek Chub",55,1.9,0.278753600952829,1.74036268949424,2022-06-01,"020503010103 Little Shamokin Creek"
"3002","LS0-RA","White Sucker",320,39.5,1.59659709562646,2.50514997831991,2022-06-01,"020503010103 Little Shamokin Creek"
"3003","LS0-RA","White Sucker",300,274,2.43775056282039,2.47712125471966,2022-06-01,"020503010103 Little Shamokin Creek"
"3004","LS0-RA","White Sucker",159,85.6,1.93247376467715,2.20139712432045,2022-06-01,"020503010103 Little Shamokin Creek"
"3005","LS0-RA","Common Shiner",100,11.1,1.04532297878666,2,2022-06-01,"020503010103 Little Shamokin Creek"
"3006","LS0-RA","Common Shiner",70,3.3,0.518513939877887,1.84509804001426,2022-06-01,"020503010103 Little Shamokin Creek"
"3007","LS0-RA","Common Shiner",83,5.5,0.740362689494244,1.91907809237607,2022-06-01,"020503010103 Little Shamokin Creek"
"3008","LS0-RA","Common Shiner",84,6.2,0.792391689498254,1.92427928606188,2022-06-01,"020503010103 Little Shamokin Creek"
"3016","LS0-RA","Largemouth Bass",89,5.4,0.732393759822969,1.94939000664491,2019-06-11,"020503010103 Little Shamokin Creek"
"3017","LS0-RA","Largemouth Bass",174,62.9,1.79865064544527,2.2405492482826,2020-06-10,"020503010103 Little Shamokin Creek"
"3018","LS0-RA","Bluntnose Minnow",64,2.3,0.361727836017593,1.80617997398389,2022-06-01,"020503010103 Little Shamokin Creek"
"3019","LS0-RA","Margined Madtom",81,5.5,0.740362689494244,1.90848501887865,2022-06-01,"020503010103 Little Shamokin Creek"
"3020","LS0-RA","Swallowtail Shiner",70,3.2,0.505149978319906,1.84509804001426,2022-06-01,"020503010103 Little Shamokin Creek"
"3021","LS0-RA","Swallowtail Shiner",59,1.5,0.176091259055681,1.77085201164214,2022-06-01,"020503010103 Little Shamokin Creek"
"3022","LS0-RA","Swallowtail Shiner",75,3.2,0.505149978319906,1.8750612633917,2022-06-01,"020503010103 Little Shamokin Creek"
"3023","LS0-RA","Swallowtail Shiner",80,3.9,0.591064607026499,1.90308998699194,2022-06-01,"020503010103 Little Shamokin Creek"
"3024","LS0-RA","Tessellated Darter",62,2.4,0.380211241711606,1.79239168949825,2022-06-01,"020503010103 Little Shamokin Creek"
"3025","LS0-RA","Tessellated Darter",52,1,0,1.7160033436348,2022-06-01,"020503010103 Little Shamokin Creek"
"3026","LS0-RA","Cutlip Minnow",65,2.8,0.447158031342219,1.81291335664286,2022-06-01,"020503010103 Little Shamokin Creek"
"3027","LS0-RA","Cutlip Minnow",98,12.7,1.10380372095596,1.99122607569249,2022-06-01,"020503010103 Little Shamokin Creek"
"3028","LS0-RA","Fallfish",192,74.9,1.87448181769947,2.28330122870355,2022-06-01,"020503010103 Little Shamokin Creek"
"3029","LS0-RA","Fallfish",185,58.3,1.76566855475901,2.26717172840301,2022-06-01,"020503010103 Little Shamokin Creek"
"3030","LS0-RA","Margined Madtom",123,21.4,1.33041377334919,2.0899051114394,2022-06-01,"020503010103 Little Shamokin Creek"
"3031","LS0-RA","Margined Madtom",54,1.4,0.146128035678238,1.73239375982297,2022-06-01,"020503010103 Little Shamokin Creek"
"3032","LS0-RA","Margined Madtom",94,8.5,0.929418925714293,1.9731278535997,2022-06-01,"020503010103 Little Shamokin Creek"
"3033","LS0-RA","Rock Bass",76,9,0.954242509439325,1.88081359228079,2022-06-01,"020503010103 Little Shamokin Creek"
"3034","LS0-RA","Rock Bass",45,1.9,0.278753600952829,1.65321251377534,2022-06-01,"020503010103 Little Shamokin Creek"
"3035","LS0-RA","Rock Bass",38,1,0,1.57978359661681,2022-06-01,"020503010103 Little Shamokin Creek"
"3036","LS0-RA","Rock Bass",105,26.4,1.42160392686983,2.02118929906994,2022-06-01,"020503010103 Little Shamokin Creek"
"3037","LS0-RA","Rock Bass",114,38.5,1.5854607295085,2.05690485133647,2022-06-01,"020503010103 Little Shamokin Creek"
"3038","LS0-RA","Rock Bass",53,2.6,0.414973347970818,1.72427586960079,2022-06-01,"020503010103 Little Shamokin Creek"
"3039","LS0-RA","Rock Bass",50,2.3,0.361727836017593,1.69897000433602,2022-06-01,"020503010103 Little Shamokin Creek"
"3040","LS0-RA","Rock Bass",80,9.9,0.99563519459755,1.90308998699194,2022-06-01,"020503010103 Little Shamokin Creek"
"3041","LS0-RA","Rock Bass",97,17.5,1.24303804868629,1.98677173426624,2022-06-01,"020503010103 Little Shamokin Creek"
"3042","LS0-RA","Rosyside Dace",59,1.8,0.255272505103306,1.77085201164214,2022-06-01,"020503010103 Little Shamokin Creek"
"3043","LS0-RA","Blacknose Dace",69,4.5,0.653212513775344,1.83884909073726,2022-06-01,"020503010103 Little Shamokin Creek"
"3044","LS0-RA","Blacknose Dace",67,2.4,0.380211241711606,1.82607480270083,2022-06-01,"020503010103 Little Shamokin Creek"
"3045","LS0-RA","Blacknose Dace",63,1.5,0.176091259055681,1.79934054945358,2022-06-01,"020503010103 Little Shamokin Creek"
"3046","LS0-RA","Blacknose Dace",65,2.9,0.462397997898956,1.81291335664286,2022-06-01,"020503010103 Little Shamokin Creek"
"3047","LS0-RA","Blacknose Dace",42,0.6,-0.221848749616356,1.6232492903979,2022-06-01,"020503010103 Little Shamokin Creek"
"3048","LS0-RA","Swallowtail Shiner",78,4.3,0.633468455579587,1.89209460269048,2022-06-01,"020503010103 Little Shamokin Creek"
"3049","LS0-RA","Swallowtail Shiner",70,3.2,0.505149978319906,1.84509804001426,2022-06-01,"020503010103 Little Shamokin Creek"
"3050","LS0-RA","Swallowtail Shiner",80,3.9,0.591064607026499,1.90308998699194,2022-06-01,"020503010103 Little Shamokin Creek"
"3051","LS0-RA","Blacknose Dace",60,1.9,0.278753600952829,1.77815125038364,2022-06-01,"020503010103 Little Shamokin Creek"
"3052","LS0-RA","Blacknose Dace",43,0.9,-0.0457574905606751,1.63346845557959,2022-06-01,"020503010103 Little Shamokin Creek"
"3053","LS0-RA","Blacknose Dace",55,1.8,0.255272505103306,1.74036268949424,2022-06-01,"020503010103 Little Shamokin Creek"
"3054","LS0-RA","Cutlip Minnow",75,5.6,0.7481880270062,1.8750612633917,2022-06-01,"020503010103 Little Shamokin Creek"
"3055","LS0-RA","Cutlip Minnow",65,3.1,0.491361693834273,1.81291335664286,2022-06-01,"020503010103 Little Shamokin Creek"
"3056","LS0-RA","Cutlip Minnow",80,0.7,-0.154901959985743,1.90308998699194,2022-06-01,"020503010103 Little Shamokin Creek"
"3057","LS0-RA","Cutlip Minnow",63,3,0.477121254719662,1.79934054945358,2022-06-01,"020503010103 Little Shamokin Creek"
"3058","LS0-RA","Cutlip Minnow",44,0.7,-0.154901959985743,1.64345267648619,2022-06-01,"020503010103 Little Shamokin Creek"
"3059","LS0-RA","Blacknose Dace",43,0.6,-0.221848749616356,1.63346845557959,2022-06-01,"020503010103 Little Shamokin Creek"
"3060","LS0-RA","Blacknose Dace",60,2.2,0.342422680822206,1.77815125038364,2022-06-01,"020503010103 Little Shamokin Creek"
"3061","LS0-RA","Blacknose Dace",59,1.8,0.255272505103306,1.77085201164214,2022-06-01,"020503010103 Little Shamokin Creek"
"3062","LS0-RA","Blacknose Dace",58,1.7,0.230448921378274,1.76342799356294,2022-06-01,"020503010103 Little Shamokin Creek"
"3063","LS0-RA","Blacknose Dace",60,1.9,0.278753600952829,1.77815125038364,2022-06-01,"020503010103 Little Shamokin Creek"
"3064","LS0-RA","Bluntnose Minnow",70,3.2,0.505149978319906,1.84509804001426,2022-06-01,"020503010103 Little Shamokin Creek"
"3065","LS0-RA","Bluntnose Minnow",61,2.2,0.342422680822206,1.78532983501077,2022-06-01,"020503010103 Little Shamokin Creek"
"3066","LS0-RA","Longnose Dace",77,5,0.698970004336019,1.88649072517248,2022-06-01,"020503010103 Little Shamokin Creek"
"3067","LS0-RA","Longnose Dace",51,1.2,0.0791812460476248,1.70757017609794,2022-06-01,"020503010103 Little Shamokin Creek"
"3068","LS0-RA","Longnose Dace",84,6.3,0.799340549453582,1.92427928606188,2022-06-01,"020503010103 Little Shamokin Creek"
"3069","LS0-RA","Central Stoneroller",107,2.8,0.447158031342219,2.02938377768521,2022-06-01,"020503010103 Little Shamokin Creek"
"3070","LS0-RA","Fallfish",220,102.8,2.01199311465926,2.34242268082221,2022-06-01,"020503010103 Little Shamokin Creek"
"3071","LS0-RA","Fallfish",236,114.3,2.05804623039528,2.37291200297011,2022-06-01,"020503010103 Little Shamokin Creek"
"3072","LS0-RA","Fallfish",133,20.9,1.32014628611105,2.12385164096709,2022-06-01,"020503010103 Little Shamokin Creek"
"3073","LS0-RA","Bluntnose Minnow",90,7.6,0.880813592280791,1.95424250943932,2022-06-01,"020503010103 Little Shamokin Creek"
"3074","LS0-RA","Longnose Dace",71,3.6,0.556302500767287,1.85125834871908,2022-06-01,"020503010103 Little Shamokin Creek"
"3075","LS0-RA","Longnose Dace",59,1.5,0.176091259055681,1.77085201164214,2022-06-01,"020503010103 Little Shamokin Creek"
"3076","LS0-RA","Longnose Dace",72,4.1,0.612783856719735,1.85733249643127,2022-06-01,"020503010103 Little Shamokin Creek"
"3077","LS0-RA","Longnose Dace",75,4.5,0.653212513775344,1.8750612633917,2022-06-01,"020503010103 Little Shamokin Creek"
"3078","LS0-RA","Longnose Dace",67,3,0.477121254719662,1.82607480270083,2022-06-01,"020503010103 Little Shamokin Creek"
"3079","LS0-RA","Longnose Dace",73,4,0.602059991327962,1.86332286012046,2022-06-01,"020503010103 Little Shamokin Creek"
"3080","LS0-RA","Longnose Dace",90,9.2,0.963787827345555,1.95424250943932,2022-06-01,"020503010103 Little Shamokin Creek"
"3081","LS0-RA","Longnose Dace",79,5.5,0.740362689494244,1.89762709129044,2022-06-01,"020503010103 Little Shamokin Creek"
"3082","LS0-RA","Blacknose Dace",57,1.8,0.255272505103306,1.75587485567249,2022-06-01,"020503010103 Little Shamokin Creek"
"3083","LS0-RA","Central Stoneroller",130,25.1,1.39967372148104,2.11394335230684,2022-06-01,"020503010103 Little Shamokin Creek"
"3084","LS0-RA","Central Stoneroller",66,2.7,0.431363764158987,1.81954393554187,2022-06-01,"020503010103 Little Shamokin Creek"
"3085","LS0-RA","Central Stoneroller",100,10.7,1.02938377768521,2,2022-06-01,"020503010103 Little Shamokin Creek"
"3086","LS0-RA","Common Shiner",131,26.8,1.42813479402879,2.11727129565576,2022-06-01,"020503010103 Little Shamokin Creek"
"3087","LS0-RA","Longnose Dace",87,7.6,0.880813592280791,1.93951925261862,2022-06-01,"020503010103 Little Shamokin Creek"
"3088","LS0-RA","Longnose Dace",82,6.7,0.826074802700826,1.91381385238372,2022-06-01,"020503010103 Little Shamokin Creek"
"3089","LS0-RA","Longnose Dace",79,5.1,0.707570176097936,1.89762709129044,2022-06-01,"020503010103 Little Shamokin Creek"
"3090","LS0-RA","Longnose Dace",87,7.6,0.880813592280791,1.93951925261862,2022-06-01,"020503010103 Little Shamokin Creek"
"3091","LS0-RA","Longnose Dace",50,1.2,0.0791812460476248,1.69897000433602,2022-06-01,"020503010103 Little Shamokin Creek"
"3092","LS0-RA","Cutlip Minnow",47,1.1,0.0413926851582251,1.67209785793572,2022-06-01,"020503010103 Little Shamokin Creek"
"3093","LS0-RA","Blacknose Dace",56,1.6,0.204119982655925,1.7481880270062,2022-06-01,"020503010103 Little Shamokin Creek"
"3094","LS0-RA","Longnose Dace",62,2.6,0.414973347970818,1.79239168949825,2022-06-01,"020503010103 Little Shamokin Creek"
"3095","LS0-RA","Cutlip Minnow",61,2.6,0.414973347970818,1.78532983501077,2022-06-01,"020503010103 Little Shamokin Creek"
"3096","LS0-RA","Blacknose Dace",53,1.7,0.230448921378274,1.72427586960079,2022-06-01,"020503010103 Little Shamokin Creek"
"3097","LS0-RA","Creek Chub",70,3.8,0.57978359661681,1.84509804001426,2022-06-01,"020503010103 Little Shamokin Creek"
"3098","LS0-RA","Cutlip Minnow",62,2.9,0.462397997898956,1.79239168949825,2022-06-01,"020503010103 Little Shamokin Creek"
"3099","LS0-RA","Cutlip Minnow",38,0.5,-0.301029995663981,1.57978359661681,2022-06-01,"020503010103 Little Shamokin Creek"
"3100","LS0-RA","Swallowtail Shiner",80,4.5,0.653212513775344,1.90308998699194,2022-06-01,"020503010103 Little Shamokin Creek"
"3101","LS0-RA","Rosyside Dace",60,1.7,0.230448921378274,1.77815125038364,2022-06-01,"020503010103 Little Shamokin Creek"
"3102","LS0-RA","Creek Chub",91,8.8,0.944482672150169,1.95904139232109,2022-06-01,"020503010103 Little Shamokin Creek"
"3103","LS0-RA","Rosyside Dace",50,1.6,0.204119982655925,1.69897000433602,2022-06-01,"020503010103 Little Shamokin Creek"
"3104","LS0-RA","Cutlip Minnow",83,7.6,0.880813592280791,1.91907809237607,2022-06-01,"020503010103 Little Shamokin Creek"
"3105","LS0-RA","Creek Chub",53,1.6,0.204119982655925,1.72427586960079,2022-06-01,"020503010103 Little Shamokin Creek"
"3106","LS0-RA","Margined Madtom",136,22.6,1.3541084391474,2.13353890837022,2022-06-01,"020503010103 Little Shamokin Creek"
"3107","LS0-RA","Creek Chub",76,4.9,0.690196080028514,1.88081359228079,2022-06-01,"020503010103 Little Shamokin Creek"
"3108","LS0-RA","Rosyside Dace",55,1.5,0.176091259055681,1.74036268949424,2022-06-01,"020503010103 Little Shamokin Creek"
"3109","LS0-RA","Creek Chub",70,4.2,0.6232492903979,1.84509804001426,2022-06-01,"020503010103 Little Shamokin Creek"
"3110","LU0-EL","Largemouth Bass",31,0.4,-0.397940008672038,1.49136169383427,2017-07-17,"020502061206 Miller Run-Limestone Run"
"3111","LU0-EL","Largemouth Bass",45,0.9,-0.0457574905606751,1.65321251377534,2017-07-17,"020502061206 Miller Run-Limestone Run"
"3112","LU0-EL","Largemouth Bass",41,0.7,-0.154901959985743,1.61278385671974,2017-07-17,"020502061206 Miller Run-Limestone Run"
"3113","LU0-EL","Largemouth Bass",38,0.7,-0.154901959985743,1.57978359661681,2017-07-17,"020502061206 Miller Run-Limestone Run"
"3114","LU0-EL","White Sucker",225,127.3,2.10482840365366,2.35218251811136,2025-06-02,"020502061206 Miller Run-Limestone Run"
"3115","LU0-EL","White Sucker",242,156.5,2.19451434188247,2.38381536598043,2025-06-02,"020502061206 Miller Run-Limestone Run"
"3116","LU0-EL","White Sucker",190,71.6,1.85491302230786,2.27875360095283,2025-06-02,"020502061206 Miller Run-Limestone Run"
"3117","LU0-EL","White Sucker",237,132.2,2.12123145514962,2.3747483460101,2025-06-02,"020502061206 Miller Run-Limestone Run"
"3118","LU0-EL","Largemouth Bass",42,1,0,1.6232492903979,2017-07-17,"020502061206 Miller Run-Limestone Run"
"3119","LU0-EL","Largemouth Bass",49,1.4,0.146128035678238,1.69019608002851,2017-07-17,"020502061206 Miller Run-Limestone Run"
"3120","LU0-EL","Largemouth Bass",51,1.3,0.113943352306837,1.70757017609794,2017-07-17,"020502061206 Miller Run-Limestone Run"
"3121","LU0-EL","Largemouth Bass",46,1.3,0.113943352306837,1.66275783168157,2017-07-17,"020502061206 Miller Run-Limestone Run"
"3122","LU0-EL","Largemouth Bass",47,1.4,0.146128035678238,1.67209785793572,2017-07-17,"020502061206 Miller Run-Limestone Run"
"3123","LU0-EL","Fallfish",178,52,1.7160033436348,2.25042000230889,2025-06-02,"020502061206 Miller Run-Limestone Run"
"3124","LU0-EL","Largemouth Bass",50,1.8,0.255272505103306,1.69897000433602,2017-07-17,"020502061206 Miller Run-Limestone Run"
"3125","LU0-EL","Largemouth Bass",217,135.7,2.13257984765974,2.33645973384853,2017-07-17,"020502061206 Miller Run-Limestone Run"
"3126","LU0-EL","Largemouth Bass",46,1.3,0.113943352306837,1.66275783168157,2017-07-17,"020502061206 Miller Run-Limestone Run"
"3127","LU0-EL","Largemouth Bass",48,1.1,0.0413926851582251,1.68124123737559,2017-07-17,"020502061206 Miller Run-Limestone Run"
"3128","LU0-EL","Largemouth Bass",45,1.2,0.0791812460476248,1.65321251377534,2017-07-17,"020502061206 Miller Run-Limestone Run"
"3129","LU0-EL","Largemouth Bass",86,7.2,0.857332496431269,1.93449845124357,2017-07-17,"020502061206 Miller Run-Limestone Run"
"3130","LU0-EL","Largemouth Bass",42,0.9,-0.0457574905606751,1.6232492903979,2017-07-17,"020502061206 Miller Run-Limestone Run"
"3131","LU0-EL","Bluegill",49,1.5,0.176091259055681,1.69019608002851,2025-06-02,"020502061206 Miller Run-Limestone Run"
"3132","LU0-EL","Banded Killifish",66,2.37,0.374748346010104,1.81954393554187,2025-06-02,"020502061206 Miller Run-Limestone Run"
"3133","LU0-EL","Banded Killifish",89,5.76,0.760422483423212,1.94939000664491,2025-06-02,"020502061206 Miller Run-Limestone Run"
"3134","LU0-EL","Bluegill",57,2.4,0.380211241711606,1.75587485567249,2025-06-02,"020502061206 Miller Run-Limestone Run"
"3135","LU0-EL","Banded Killifish",55,1.69,0.227886704613674,1.74036268949424,2025-06-02,"020502061206 Miller Run-Limestone Run"
"3136","LU0-EL","White Sucker",159,44,1.64345267648619,2.20139712432045,2025-06-02,"020502061206 Miller Run-Limestone Run"
"3137","LU0-EL","White Sucker",105,12.9,1.11058971029925,2.02118929906994,2025-06-02,"020502061206 Miller Run-Limestone Run"
"3138","LU0-EL","Banded Killifish",60,2.06,0.313867220369153,1.77815125038364,2025-06-02,"020502061206 Miller Run-Limestone Run"
"3139","LU0-EL","Largemouth Bass",46,1.1,0.0413926851582251,1.66275783168157,2017-07-17,"020502061206 Miller Run-Limestone Run"
"3140","LU0-EL","Bluegill",157,86.8,1.93851972517649,2.19589965240923,2025-06-02,"020502061206 Miller Run-Limestone Run"
"3141","LU0-EL","Bluegill",55,2.3,0.361727836017593,1.74036268949424,2025-06-02,"020502061206 Miller Run-Limestone Run"
"3142","LU0-EL","Bluegill",99,15.3,1.1846914308176,1.99563519459755,2025-06-02,"020502061206 Miller Run-Limestone Run"
"3143","LU0-EL","White Sucker",209,102.8,2.01199311465926,2.32014628611105,2025-06-02,"020502061206 Miller Run-Limestone Run"
"3144","LU0-EL","Green Sunfish",84,11.08,1.04453976039241,1.92427928606188,2025-06-02,"020502061206 Miller Run-Limestone Run"
"3145","LU0-EL","Green Sunfish",76,7.25,0.860338006570994,1.88081359228079,2025-06-02,"020502061206 Miller Run-Limestone Run"
"3146","LU0-EL","Tessellated Darter",71,3.65,0.562292864456475,1.85125834871908,2025-06-02,"020502061206 Miller Run-Limestone Run"
"3147","LU0-EL","Tessellated Darter",63,1.99,0.298853076409707,1.79934054945358,2025-06-02,"020502061206 Miller Run-Limestone Run"
"3148","LU0-EL","Tessellated Darter",60,1.98,0.296665190261531,1.77815125038364,2025-06-02,"020502061206 Miller Run-Limestone Run"
"3149","LU0-EL","Bluntnose Minnow",59,1.87,0.271841606536499,1.77085201164214,2025-06-02,"020502061206 Miller Run-Limestone Run"
"3150","LU0-EL","White Sucker",224,133.1,2.12417805547468,2.35024801833416,2025-06-02,"020502061206 Miller Run-Limestone Run"
"3151","LU0-EL","White Sucker",218,108.7,2.03622954408629,2.3384564936046,2025-06-02,"020502061206 Miller Run-Limestone Run"
"3152","LU0-EL","White Sucker",254,171.3,2.23375736296551,2.40483371661994,2025-06-02,"020502061206 Miller Run-Limestone Run"
"3153","LU0-EL","White Sucker",281,235.2,2.3714373174041,2.44870631990508,2025-06-02,"020502061206 Miller Run-Limestone Run"
"3154","LU0-EL","White Sucker",145,30.7,1.48713837547719,2.16136800223497,2025-06-02,"020502061206 Miller Run-Limestone Run"
"3155","LU0-EL","White Sucker",137,29,1.46239799789896,2.13672056715641,2025-06-02,"020502061206 Miller Run-Limestone Run"
"3156","LU0-EL","White Sucker",231,137.7,2.13893394025692,2.36361197989214,2025-06-02,"020502061206 Miller Run-Limestone Run"
"3157","LU0-EL","White Sucker",181,63.3,1.80140371001735,2.25767857486918,2025-06-02,"020502061206 Miller Run-Limestone Run"
"3158","LU0-EL","White Sucker",210,101,2.00432137378264,2.32221929473392,2025-06-02,"020502061206 Miller Run-Limestone Run"
"3159","LU0-EL","White Sucker",105,13.1,1.11727129565576,2.02118929906994,2025-06-02,"020502061206 Miller Run-Limestone Run"
"3160","LU0-EL","White Sucker",171,52.5,1.72015930340596,2.23299611039215,2025-06-02,"020502061206 Miller Run-Limestone Run"
"3161","LU0-EL","White Sucker",166,48.1,1.68214507637383,2.22010808804005,2025-06-02,"020502061206 Miller Run-Limestone Run"
"3162","LU0-EL","Fallfish",100,9.1,0.959041392321094,2,2025-06-02,"020502061206 Miller Run-Limestone Run"
"3163","LU0-EL","Blacknose Dace",69,3.2,0.505149978319906,1.83884909073726,2025-06-02,"020502061206 Miller Run-Limestone Run"
"3164","LU0-EL","Creek Chub",75,4.7,0.672097857935718,1.8750612633917,2025-06-02,"020502061206 Miller Run-Limestone Run"
"3165","LU0-EL","Bluegill",85,10.1,1.00432137378264,1.92941892571429,2025-06-02,"020502061206 Miller Run-Limestone Run"
"3166","LU0-EL","Bluegill",88,9.6,0.982271233039568,1.94448267215017,2025-06-02,"020502061206 Miller Run-Limestone Run"
"3167","LU0-EL","Fallfish",200,74.9,1.87448181769947,2.30102999566398,2025-06-02,"020502061206 Miller Run-Limestone Run"
"3168","LU0-EL","Green Sunfish",95,16.1,1.20682587603185,1.97772360528885,2025-06-02,"020502061206 Miller Run-Limestone Run"
"3169","LU0-EL","Green Sunfish",85,11.8,1.07188200730613,1.92941892571429,2025-06-02,"020502061206 Miller Run-Limestone Run"
"3170","LU0-EL","Banded Killifish",67,2.78,0.444044795918076,1.82607480270083,2025-06-02,"020502061206 Miller Run-Limestone Run"
"3171","LU0-EL","Largemouth Bass",165,60.8,1.78390357927273,2.21748394421391,2025-06-02,"020502061206 Miller Run-Limestone Run"
"3172","LU0-EL","Blacknose Dace",68,2.9,0.462397997898956,1.83250891270624,2025-06-02,"020502061206 Miller Run-Limestone Run"
"3173","LU0-EL","Creek Chub",111,16.5,1.21748394421391,2.04532297878666,2025-06-02,"020502061206 Miller Run-Limestone Run"
"3174","LU0-EL","Fallfish",92,6.9,0.838849090737255,1.96378782734556,2025-06-02,"020502061206 Miller Run-Limestone Run"
"3175","LU0-EL","Green Sunfish",55,4.7,0.672097857935718,1.74036268949424,2025-06-02,"020502061206 Miller Run-Limestone Run"
"3176","LU0-EL","Green Sunfish",65,5.3,0.724275869600789,1.81291335664286,2025-06-02,"020502061206 Miller Run-Limestone Run"
"3177","LU0-EL","Green Sunfish",39,1.3,0.113943352306837,1.5910646070265,2025-06-02,"020502061206 Miller Run-Limestone Run"
"3178","LU0-EL","Margined Madtom",77,4.7,0.672097857935718,1.88649072517248,2025-06-02,"020502061206 Miller Run-Limestone Run"
"3179","LU0-EL","Banded Killifish",77,5,0.698970004336019,1.88649072517248,2025-06-02,"020502061206 Miller Run-Limestone Run"
"3180","LU0-EL","Creek Chub",65,3,0.477121254719662,1.81291335664286,2025-06-02,"020502061206 Miller Run-Limestone Run"
"3181","LU0-EL","White Sucker",102,12.43,1.09447112864164,2.00860017176192,2025-06-02,"020502061206 Miller Run-Limestone Run"
"3182","LU0-EL","Bluegill",90,11.9,1.07554696139253,1.95424250943932,2025-06-02,"020502061206 Miller Run-Limestone Run"
"3183","LU0-EL","Green Sunfish",75,7.24,0.859738566197147,1.8750612633917,2025-06-02,"020502061206 Miller Run-Limestone Run"
"3184","LU0-EL","Bluegill",47,1.54,0.187520720836463,1.67209785793572,2025-06-02,"020502061206 Miller Run-Limestone Run"
"3185","LU0-EL","Bluegill",44,1.36,0.133538908370218,1.64345267648619,2025-06-02,"020502061206 Miller Run-Limestone Run"
"3186","LU0-EL","White Sucker",235,134.5,2.12872228433843,2.37106786227174,2025-06-02,"020502061206 Miller Run-Limestone Run"
"3187","LU0-EL","Blacknose Dace",75,3.8,0.57978359661681,1.8750612633917,2025-06-02,"020502061206 Miller Run-Limestone Run"
"3188","LU0-EL","Blacknose Dace",78,3.8,0.57978359661681,1.89209460269048,2025-06-02,"020502061206 Miller Run-Limestone Run"
"3189","LU0-EL","Blacknose Dace",77,3.5,0.544068044350276,1.88649072517248,2025-06-02,"020502061206 Miller Run-Limestone Run"
"3190","LU0-EL","Blacknose Dace",69,3.8,0.57978359661681,1.83884909073726,2025-06-02,"020502061206 Miller Run-Limestone Run"
"3191","LU0-EL","Bluntnose Minnow",57,1.81,0.257678574869184,1.75587485567249,2025-06-02,"020502061206 Miller Run-Limestone Run"
"3192","LU0-EL","White Sucker",80,4.56,0.658964842664435,1.90308998699194,2025-06-02,"020502061206 Miller Run-Limestone Run"
"3193","LU0-EL","White Sucker",82,4.96,0.695481676490197,1.91381385238372,2025-06-02,"020502061206 Miller Run-Limestone Run"
"3194","LU0-EL","White Sucker",130,24.44,1.38810120157052,2.11394335230684,2025-06-02,"020502061206 Miller Run-Limestone Run"
"3195","LU0-EL","White Sucker",79,4.2,0.6232492903979,1.89762709129044,2025-06-02,"020502061206 Miller Run-Limestone Run"
"3196","LU0-EL","Tessellated Darter",70,3.18,0.502427119984433,1.84509804001426,2025-06-02,"020502061206 Miller Run-Limestone Run"
"3197","LU0-EL","Tessellated Darter",51,1.31,0.117271295655764,1.70757017609794,2025-06-02,"020502061206 Miller Run-Limestone Run"
"3198","LU0-EL","Tessellated Darter",57,1.55,0.190331698170291,1.75587485567249,2025-06-02,"020502061206 Miller Run-Limestone Run"
"3199","LU0-EL","Tessellated Darter",60,1.91,0.281033367247728,1.77815125038364,2025-06-02,"020502061206 Miller Run-Limestone Run"
"3200","LU0-EL","Bluntnose Minnow",43,0.91,-0.0409586076789064,1.63346845557959,2025-06-02,"020502061206 Miller Run-Limestone Run"
"3201","LU0-EL","Creek Chub",75,4.32,0.635483746814912,1.8750612633917,2025-06-02,"020502061206 Miller Run-Limestone Run"
"3202","LU0-EL","Creek Chub",75,4.72,0.673941998634088,1.8750612633917,2025-06-02,"020502061206 Miller Run-Limestone Run"
"3203","LU0-EL","Creek Chub",72,4.9,0.690196080028514,1.85733249643127,2025-06-02,"020502061206 Miller Run-Limestone Run"
"3204","LU0-EL","Bluntnose Minnow",48,1.5,0.176091259055681,1.68124123737559,2025-06-02,"020502061206 Miller Run-Limestone Run"
"3205","LU0-EL","Bluntnose Minnow",60,1.88,0.27415784926368,1.77815125038364,2025-06-02,"020502061206 Miller Run-Limestone Run"
"3206","LU0-EL","Green Sunfish",67,5.2,0.716003343634799,1.82607480270083,2025-06-02,"020502061206 Miller Run-Limestone Run"
"3207","LU0-EL","Largemouth Bass",145,44.1,1.64443858946784,2.16136800223497,2016-06-17,"020502061206 Miller Run-Limestone Run"
"3208","LU0-EL","Largemouth Bass",97,6.8,0.832508912706236,1.98677173426624,2016-06-17,"020502061206 Miller Run-Limestone Run"
"3209","LU0-EL","Blacknose Dace",74,3.23,0.509202522331103,1.86923171973098,2025-06-02,"020502061206 Miller Run-Limestone Run"
"3210","LU0-EL","Blacknose Dace",49,1.14,0.0569048513364726,1.69019608002851,2025-06-02,"020502061206 Miller Run-Limestone Run"
"3211","LU0-EL","Blacknose Dace",48,0.98,-0.00877392430750515,1.68124123737559,2025-06-02,"020502061206 Miller Run-Limestone Run"
"3212","LU0-EL","Blacknose Dace",52,1.26,0.100370545117563,1.7160033436348,2025-06-02,"020502061206 Miller Run-Limestone Run"
"3213","LU0-EL","Blacknose Dace",49,0.97,-0.0132282657337552,1.69019608002851,2025-06-02,"020502061206 Miller Run-Limestone Run"
"3214","LU0-EL","Blacknose Dace",50,1.09,0.0374264979406237,1.69897000433602,2025-06-02,"020502061206 Miller Run-Limestone Run"
"3215","LU0-EL","Blacknose Dace",69,2.62,0.418301291319745,1.83884909073726,2025-06-02,"020502061206 Miller Run-Limestone Run"
"3216","LU0-EL","Blacknose Dace",49,1.13,0.0530784434834197,1.69019608002851,2025-06-02,"020502061206 Miller Run-Limestone Run"
"3217","LU0-EL","Blacknose Dace",67,2.88,0.459392487759231,1.82607480270083,2025-06-02,"020502061206 Miller Run-Limestone Run"
"3218","LU0-EL","Blacknose Dace",73,3.9,0.591064607026499,1.86332286012046,2025-06-02,"020502061206 Miller Run-Limestone Run"
"3219","LU0-EL","Blacknose Dace",79,3.92,0.593286067020457,1.89762709129044,2025-06-02,"020502061206 Miller Run-Limestone Run"
"3220","LU0-EL","Blacknose Dace",75,3.77,0.576341350205793,1.8750612633917,2025-06-02,"020502061206 Miller Run-Limestone Run"
"3221","LU0-EL","Blacknose Dace",54,1.33,0.123851640967086,1.73239375982297,2025-06-02,"020502061206 Miller Run-Limestone Run"
"3222","LU0-EL","Blacknose Dace",70,3.51,0.545307116465824,1.84509804001426,2025-06-02,"020502061206 Miller Run-Limestone Run"
"3223","LU0-EL","Bluegill",46,1.43,0.155336037465062,1.66275783168157,2025-06-02,"020502061206 Miller Run-Limestone Run"
"3224","LU0-EL","Banded Killifish",62,2.5,0.397940008672038,1.79239168949825,2025-06-02,"020502061206 Miller Run-Limestone Run"
"3225","LU0-EL","Creek Chub",107,12.4,1.09342168516224,2.02938377768521,2025-06-02,"020502061206 Miller Run-Limestone Run"
"3226","LU0-EL","Blacknose Dace",72,3.8,0.57978359661681,1.85733249643127,2025-06-02,"020502061206 Miller Run-Limestone Run"
"3227","LU0-EL","Longnose Dace",75,3.85,0.585460729508501,1.8750612633917,2025-06-02,"020502061206 Miller Run-Limestone Run"
"3228","LU0-EL","Creek Chub",50,1.7,0.230448921378274,1.69897000433602,2025-06-02,"020502061206 Miller Run-Limestone Run"
"3229","LU0-EL","Longnose Dace",67,3.1,0.491361693834273,1.82607480270083,2025-06-02,"020502061206 Miller Run-Limestone Run"
"3230","LU0-EL","Creek Chub",52,1.4,0.146128035678238,1.7160033436348,2025-06-02,"020502061206 Miller Run-Limestone Run"
"3231","LU0-EL","Creek Chub",59,2,0.301029995663981,1.77085201164214,2025-06-02,"020502061206 Miller Run-Limestone Run"
"3232","LU0-EL","Creek Chub",45,1,0,1.65321251377534,2025-06-02,"020502061206 Miller Run-Limestone Run"
"3233","LU0-EL","Creek Chub",47,1.1,0.0413926851582251,1.67209785793572,2025-06-02,"020502061206 Miller Run-Limestone Run"
"3234","LU0-EL","Bluntnose Minnow",75,3.9,0.591064607026499,1.8750612633917,2025-06-02,"020502061206 Miller Run-Limestone Run"
"3235","LU0-EL","Green Sunfish",40,0.71,-0.148741651280925,1.60205999132796,2025-06-02,"020502061206 Miller Run-Limestone Run"
"3236","LU0-EL","Green Sunfish",51,1.65,0.217483944213906,1.70757017609794,2025-06-02,"020502061206 Miller Run-Limestone Run"
"3237","LU0-EL","Green Sunfish",67,5.14,0.710963118995276,1.82607480270083,2025-06-02,"020502061206 Miller Run-Limestone Run"
"3238","LU0-EL","Bluntnose Minnow",61,2.51,0.399673721481038,1.78532983501077,2025-06-02,"020502061206 Miller Run-Limestone Run"
"3239","LU0-EL","Bluntnose Minnow",57,1.73,0.238046103128795,1.75587485567249,2025-06-02,"020502061206 Miller Run-Limestone Run"
"3240","LU0-EL","Bluegill",76,6.5,0.812913356642856,1.88081359228079,2025-06-02,"020502061206 Miller Run-Limestone Run"
"3241","LU0-EL","Bluegill",96,12.19,1.08600370561838,1.98227123303957,2025-06-02,"020502061206 Miller Run-Limestone Run"
"3242","LU0-EL","Bluntnose Minnow",49,1.32,0.12057393120585,1.69019608002851,2025-06-02,"020502061206 Miller Run-Limestone Run"
"3243","LU0-EL","Bluntnose Minnow",55,1.62,0.209515014542631,1.74036268949424,2025-06-02,"020502061206 Miller Run-Limestone Run"
"3244","LU0-EL","Tessellated Darter",70,1.5,0.176091259055681,1.84509804001426,2025-06-02,"020502061206 Miller Run-Limestone Run"
"3245","LU0-EL","Tessellated Darter",61,2.5,0.397940008672038,1.78532983501077,2025-06-02,"020502061206 Miller Run-Limestone Run"
"3246","LU0-EL","Bluntnose Minnow",52,1.58,0.198657086954423,1.7160033436348,2025-06-02,"020502061206 Miller Run-Limestone Run"
"3247","LU0-EL","Bluntnose Minnow",54,1.53,0.184691430817599,1.73239375982297,2025-06-02,"020502061206 Miller Run-Limestone Run"
"3248","LU0-EL","Largemouth Bass",85,7.2,0.857332496431269,1.92941892571429,2016-06-17,"020502061206 Miller Run-Limestone Run"
"3249","LU0-EL","Blacknose Dace",68,2.75,0.439332693830263,1.83250891270624,2025-06-02,"020502061206 Miller Run-Limestone Run"
"3250","LU0-EL","Creek Chub",54,1.46,0.164352855784437,1.73239375982297,2025-06-02,"020502061206 Miller Run-Limestone Run"
"3251","LU0-EL","Green Sunfish",69,4.7,0.672097857935718,1.83884909073726,2025-06-02,"020502061206 Miller Run-Limestone Run"
"3252","LU0-EL","Tessellated Darter",68,2.9,0.462397997898956,1.83250891270624,2025-06-02,"020502061206 Miller Run-Limestone Run"
"3253","LU0-EL","Swallowtail Shiner",68,4,0.602059991327962,1.83250891270624,2025-06-02,"020502061206 Miller Run-Limestone Run"
"3254","LU0-EL","Creek Chub",44,0.8,-0.0969100130080564,1.64345267648619,2025-06-02,"020502061206 Miller Run-Limestone Run"
"3255","LU0-EL","Creek Chub",56,1.8,0.255272505103306,1.7481880270062,2025-06-02,"020502061206 Miller Run-Limestone Run"
"3256","LU0-EL","Green Sunfish",47,1.9,0.278753600952829,1.67209785793572,2025-06-02,"020502061206 Miller Run-Limestone Run"
"3257","LU0-EL","White Sucker",245,162.6,2.21112054125805,2.38916608436453,2025-06-02,"020502061206 Miller Run-Limestone Run"
"3258","LU0-EL","Tessellated Darter",50,1.2,0.0791812460476248,1.69897000433602,2025-06-02,"020502061206 Miller Run-Limestone Run"
"3259","LU0-EL","White Sucker",163,45.8,1.66086547800387,2.21218760440396,2025-06-02,"020502061206 Miller Run-Limestone Run"
"3260","LU0-EL","Green Sunfish",56,3.9,0.591064607026499,1.7481880270062,2025-06-02,"020502061206 Miller Run-Limestone Run"
"3261","LU0-EL","White Sucker",170,52.2,1.71767050300226,2.23044892137827,2025-06-02,"020502061206 Miller Run-Limestone Run"
"3262","LU0-EL","Longnose Dace",85,5.5,0.740362689494244,1.92941892571429,2025-06-02,"020502061206 Miller Run-Limestone Run"
"3263","LU0-EL","Green Sunfish",87,13.3,1.12385164096709,1.93951925261862,2025-06-02,"020502061206 Miller Run-Limestone Run"
"3264","LU0-EL","Creek Chub",62,2.5,0.397940008672038,1.79239168949825,2025-06-02,"020502061206 Miller Run-Limestone Run"
"3265","LU0-EL","Central Stoneroller",83,5.2,0.716003343634799,1.91907809237607,2025-06-02,"020502061206 Miller Run-Limestone Run"
"3266","LU0-EL","White Sucker",120,18.5,1.26717172840301,2.07918124604762,2025-06-02,"020502061206 Miller Run-Limestone Run"
"3267","LU0-EL","Bluegill",56,2.26,0.354108439147401,1.7481880270062,2025-06-02,"020502061206 Miller Run-Limestone Run"
"3268","LU0-EL","Bluegill",42,1.96,0.292256071356476,1.6232492903979,2025-06-02,"020502061206 Miller Run-Limestone Run"
"3269","LU0-EL","Bluegill",43,1.38,0.139879086401236,1.63346845557959,2025-06-02,"020502061206 Miller Run-Limestone Run"
"3270","LU0-EL","Bluegill",65,4.12,0.614897216033135,1.81291335664286,2025-06-02,"020502061206 Miller Run-Limestone Run"
"3271","LU0-EL","Bluegill",81,9.28,0.967547976218862,1.90848501887865,2025-06-02,"020502061206 Miller Run-Limestone Run"
"3272","LU0-EL","Bluegill",46,1.01,0.00432137378264258,1.66275783168157,2025-06-02,"020502061206 Miller Run-Limestone Run"
"3273","LU0-EL","Bluegill",53,1.98,0.296665190261531,1.72427586960079,2025-06-02,"020502061206 Miller Run-Limestone Run"
"3274","LU0-EL","Blacknose Dace",72,3.7,0.568201724066995,1.85733249643127,2025-06-02,"020502061206 Miller Run-Limestone Run"
"3275","LU0-EL","Blacknose Dace",80,4.5,0.653212513775344,1.90308998699194,2025-06-02,"020502061206 Miller Run-Limestone Run"
"3276","LU0-EL","Blacknose Dace",75,3.8,0.57978359661681,1.8750612633917,2025-06-02,"020502061206 Miller Run-Limestone Run"
"3277","LU0-EL","Blacknose Dace",77,3.6,0.556302500767287,1.88649072517248,2025-06-02,"020502061206 Miller Run-Limestone Run"
"3278","LU0-EL","Blacknose Dace",78,4.2,0.6232492903979,1.89209460269048,2025-06-02,"020502061206 Miller Run-Limestone Run"
"3279","LU0-EL","Blacknose Dace",75,3.4,0.531478917042255,1.8750612633917,2025-06-02,"020502061206 Miller Run-Limestone Run"
"3280","LU0-EL","Banded Killifish",64,3.1,0.491361693834273,1.80617997398389,2025-06-02,"020502061206 Miller Run-Limestone Run"
"3281","LU0-EL","Tessellated Darter",65,2.6,0.414973347970818,1.81291335664286,2025-06-02,"020502061206 Miller Run-Limestone Run"
"3282","LU0-EL","Tessellated Darter",57,1.9,0.278753600952829,1.75587485567249,2025-06-02,"020502061206 Miller Run-Limestone Run"
"3283","LU0-EL","Tessellated Darter",68,3.5,0.544068044350276,1.83250891270624,2025-06-02,"020502061206 Miller Run-Limestone Run"
"3284","LU0-EL","Swallowtail Shiner",56,1.51,0.178976947293169,1.7481880270062,2025-06-02,"020502061206 Miller Run-Limestone Run"
"3285","LU0-EL","Swallowtail Shiner",46,0.73,-0.136677139879544,1.66275783168157,2025-06-02,"020502061206 Miller Run-Limestone Run"
"3286","LU0-EL","Creek Chub",51,0.86,-0.0655015487564323,1.70757017609794,2025-06-02,"020502061206 Miller Run-Limestone Run"
"3287","LU0-EL","Creek Chub",51,1.64,0.214843848047698,1.70757017609794,2025-06-02,"020502061206 Miller Run-Limestone Run"
"3288","LU0-EL","Creek Chub",46,1.03,0.0128372247051722,1.66275783168157,2025-06-02,"020502061206 Miller Run-Limestone Run"
"3289","LU0-EL","Creek Chub",54,1.69,0.227886704613674,1.73239375982297,2025-06-02,"020502061206 Miller Run-Limestone Run"
"3290","LU0-EL","Creek Chub",54,2,0.301029995663981,1.73239375982297,2025-06-02,"020502061206 Miller Run-Limestone Run"
"3291","LU0-EL","Green Sunfish",69,5.6,0.7481880270062,1.83884909073726,2025-06-02,"020502061206 Miller Run-Limestone Run"
"3292","LU0-EL","Creek Chub",87,6.6,0.819543935541869,1.93951925261862,2025-06-02,"020502061206 Miller Run-Limestone Run"
"3293","LU0-EL","Creek Chub",58,2.1,0.322219294733919,1.76342799356294,2025-06-02,"020502061206 Miller Run-Limestone Run"
"3294","LU0-EL","Green Sunfish",70,5.5,0.740362689494244,1.84509804001426,2025-06-02,"020502061206 Miller Run-Limestone Run"
"3295","LU0-EL","Green Sunfish",59,2.56,0.40823996531185,1.77085201164214,2025-06-02,"020502061206 Miller Run-Limestone Run"
"3296","LU0-EL","Green Sunfish",52,2.44,0.387389826338729,1.7160033436348,2025-06-02,"020502061206 Miller Run-Limestone Run"
"3297","LU0-EL","Green Sunfish",54,2.45,0.389166084364532,1.73239375982297,2025-06-02,"020502061206 Miller Run-Limestone Run"
"3298","LU0-EL","Green Sunfish",43,1.27,0.103803720955957,1.63346845557959,2025-06-02,"020502061206 Miller Run-Limestone Run"
"3299","LU0-EL","Green Sunfish",81,9.18,0.962842681201242,1.90848501887865,2025-06-02,"020502061206 Miller Run-Limestone Run"
"3300","LU0-EL","Bluegill",73,5.86,0.767897616018091,1.86332286012046,2025-06-02,"020502061206 Miller Run-Limestone Run"
"3301","LU0-EL","Bluegill",54,2.12,0.326335860928751,1.73239375982297,2025-06-02,"020502061206 Miller Run-Limestone Run"
"3302","LU0-EL","White Sucker",100,10.9,1.03742649794062,2,2025-06-02,"020502061206 Miller Run-Limestone Run"
"3303","LU0-EL","Creek Chub",51,2.2,0.342422680822206,1.70757017609794,2025-06-02,"020502061206 Miller Run-Limestone Run"
"3304","LU0-EL","Longnose Dace",89,5,0.698970004336019,1.94939000664491,2025-06-02,"020502061206 Miller Run-Limestone Run"
"3305","LU0-EL","Bluegill",58,2.31,0.363611979892144,1.76342799356294,2025-06-02,"020502061206 Miller Run-Limestone Run"
"3306","LU0-EL","Bluegill",47,1.46,0.164352855784437,1.67209785793572,2025-06-02,"020502061206 Miller Run-Limestone Run"
"3307","LU0-EL","Bluntnose Minnow",63,2.5,0.397940008672038,1.79934054945358,2025-06-02,"020502061206 Miller Run-Limestone Run"
"3308","LU0-EL","Creek Chub",86,7.4,0.869231719730976,1.93449845124357,2025-06-02,"020502061206 Miller Run-Limestone Run"
"3309","LU0-EL","Creek Chub",42,0.6,-0.221848749616356,1.6232492903979,2025-06-02,"020502061206 Miller Run-Limestone Run"
"3310","LU0-EL","Swallowtail Shiner",65,3.22,0.507855871695831,1.81291335664286,2025-06-02,"020502061206 Miller Run-Limestone Run"
"3311","LU0-EL","Green Sunfish",59,3.17,0.501059262217751,1.77085201164214,2025-06-02,"020502061206 Miller Run-Limestone Run"
"3312","LU0-EL","Green Sunfish",67,5.24,0.719331286983727,1.82607480270083,2025-06-02,"020502061206 Miller Run-Limestone Run"
"3313","LU0-EL","Swallowtail Shiner",42,0.83,-0.0809219076239261,1.6232492903979,2025-06-02,"020502061206 Miller Run-Limestone Run"
"3314","LU0-EL","Bluegill",46,1.26,0.100370545117563,1.66275783168157,2025-06-02,"020502061206 Miller Run-Limestone Run"
"3315","LU0-EL","Creek Chub",79,6.2,0.792391689498254,1.89762709129044,2025-06-02,"020502061206 Miller Run-Limestone Run"
"3316","LU0-EL","Bluegill",49,1.56,0.193124598354462,1.69019608002851,2025-06-02,"020502061206 Miller Run-Limestone Run"
"3317","LU0-EL","Creek Chub",52,2.1,0.322219294733919,1.7160033436348,2025-06-02,"020502061206 Miller Run-Limestone Run"
"3318","LU0-EL","Creek Chub",54,1.7,0.230448921378274,1.73239375982297,2025-06-02,"020502061206 Miller Run-Limestone Run"
"3319","LU0-EL","Swallowtail Shiner",45,0.79,-0.102372908709559,1.65321251377534,2025-06-02,"020502061206 Miller Run-Limestone Run"
"3320","LU0-EL","Blacknose Dace",40,0.63,-0.200659450546418,1.60205999132796,2025-06-02,"020502061206 Miller Run-Limestone Run"
"3321","LU0-EL","Blacknose Dace",65,2.33,0.367355921026019,1.81291335664286,2025-06-02,"020502061206 Miller Run-Limestone Run"
"3322","LU0-EL","Bluegill",95,13.17,1.11958577496178,1.97772360528885,2025-06-02,"020502061206 Miller Run-Limestone Run"
"3323","LU0-EL","Bluegill",94,12.86,1.1092409685882,1.9731278535997,2025-06-02,"020502061206 Miller Run-Limestone Run"
"3324","LU0-EL","Bluegill",56,2.37,0.374748346010104,1.7481880270062,2025-06-02,"020502061206 Miller Run-Limestone Run"
"3325","LU0-EL","Tessellated Darter",63,2.4,0.380211241711606,1.79934054945358,2025-06-02,"020502061206 Miller Run-Limestone Run"
"3326","LU0-EL","Bluegill",46,1.34,0.127104798364808,1.66275783168157,2025-06-02,"020502061206 Miller Run-Limestone Run"
"3327","LU0-EL","Tessellated Darter",48,1.5,0.176091259055681,1.68124123737559,2025-06-02,"020502061206 Miller Run-Limestone Run"
"3328","LU0-EL","Tessellated Darter",50,1.4,0.146128035678238,1.69897000433602,2025-06-02,"020502061206 Miller Run-Limestone Run"
"3329","LU0-EU","Largemouth Bass",57,1.8,0.255272505103306,1.75587485567249,2017-07-17,"020502061206 Miller Run-Limestone Run"
"3330","LU0-EU","Largemouth Bass",84,6.4,0.806179973983887,1.92427928606188,2018-06-04,"020502061206 Miller Run-Limestone Run"
"3331","LU0-EU","Largemouth Bass",70,5.2,0.716003343634799,1.84509804001426,2019-05-23,"020502061206 Miller Run-Limestone Run"
"3332","LU0-EU","Largemouth Bass",87,5.6,0.7481880270062,1.93951925261862,2020-06-02,"020502061206 Miller Run-Limestone Run"
"3333","LU0-EU","Largemouth Bass",186,82,1.91381385238372,2.26951294421792,2020-06-02,"020502061206 Miller Run-Limestone Run"
"3334","LU0-EU","Largemouth Bass",185,79.5,1.90036712865647,2.26717172840301,2020-06-02,"020502061206 Miller Run-Limestone Run"
"3335","LU0-EU","Largemouth Bass",50,1.6,0.204119982655925,1.69897000433602,2017-07-17,"020502061206 Miller Run-Limestone Run"
"3336","LU0-EU","Largemouth Bass",207,101.6,2.0068937079479,2.31597034545692,2020-06-02,"020502061206 Miller Run-Limestone Run"
"3337","LU0-EU","Largemouth Bass",71,3.4,0.531478917042255,1.85125834871908,2018-06-04,"020502061206 Miller Run-Limestone Run"
"3338","LU0-EU","Largemouth Bass",64,2.7,0.431363764158987,1.80617997398389,2020-06-02,"020502061206 Miller Run-Limestone Run"
"3339","LU0-EU","Largemouth Bass",69,4.2,0.6232492903979,1.83884909073726,2019-05-23,"020502061206 Miller Run-Limestone Run"
"3340","LU0-EU","Largemouth Bass",67,3.2,0.505149978319906,1.82607480270083,2016-06-17,"020502061206 Miller Run-Limestone Run"
"3341","LU0-EU","Largemouth Bass",75,4.5,0.653212513775344,1.8750612633917,2016-06-17,"020502061206 Miller Run-Limestone Run"
"3342","LU0-EU","Largemouth Bass",79,7.3,0.863322860120456,1.89762709129044,2016-06-17,"020502061206 Miller Run-Limestone Run"
"3343","Manor.Slate","Sculpin spp.",90,7.8,0.89209460269048,1.95424250943932,2022-07-19,"020502050603 Slate Run"
"3344","Manor.Slate","Sculpin spp.",76,4.55,0.658011396657112,1.88081359228079,2025-07-09,"020502050603 Slate Run"
"3345","Manor.Slate","Sculpin spp.",67,3.6,0.556302500767287,1.82607480270083,2022-07-19,"020502050603 Slate Run"
"3346","Manor.Slate","Sculpin spp.",79,5.13,0.710117365111816,1.89762709129044,2025-07-09,"020502050603 Slate Run"
"3347","Manor.Slate","Sculpin spp.",77,5.28,0.722633922533812,1.88649072517248,2025-07-09,"020502050603 Slate Run"
"3348","Manor.Slate","Sculpin spp.",105,14,1.14612803567824,2.02118929906994,2025-07-09,"020502050603 Slate Run"
"3349","Manor.Slate","Sculpin spp.",97,9.44,0.974971994298069,1.98677173426624,2025-07-09,"020502050603 Slate Run"
"3350","Manor.Slate","Sculpin spp.",93,9.32,0.969415912353981,1.96848294855394,2025-07-09,"020502050603 Slate Run"
"3351","Manor.Slate","Sculpin spp.",55,1.57,0.195899652409234,1.74036268949424,2025-07-09,"020502050603 Slate Run"
"3352","Manor.Slate","Sculpin spp.",66,3.6,0.556302500767287,1.81954393554187,2022-07-19,"020502050603 Slate Run"
"3353","Manor.Slate","Sculpin spp.",71,4.17,0.620136054973757,1.85125834871908,2025-07-09,"020502050603 Slate Run"
"3354","Manor.Slate","Sculpin spp.",86,7.25,0.860338006570994,1.93449845124357,2025-07-09,"020502050603 Slate Run"
"3355","Manor.Slate","Sculpin spp.",85,6.69,0.825426117767823,1.92941892571429,2025-07-09,"020502050603 Slate Run"
"3356","Manor.Slate","Sculpin spp.",85,7.03,0.846955325019824,1.92941892571429,2025-07-09,"020502050603 Slate Run"
"3357","Manor.Slate","Sculpin spp.",72,5.07,0.705007959333336,1.85733249643127,2025-07-09,"020502050603 Slate Run"
"3358","Manor.Slate","Sculpin spp.",83,6.75,0.829303772831025,1.91907809237607,2025-07-09,"020502050603 Slate Run"
"3359","Manor.Slate","Sculpin spp.",70,3.66,0.563481085394411,1.84509804001426,2025-07-09,"020502050603 Slate Run"
"3360","Manor.Slate","Sculpin spp.",98,10.4,1.01703333929878,1.99122607569249,2025-07-09,"020502050603 Slate Run"
"3361","Manor.Slate","Sculpin spp.",70,3.74,0.57287160220048,1.84509804001426,2025-07-09,"020502050603 Slate Run"
"3362","Manor.Slate","Sculpin spp.",84,6.56,0.81690383937566,1.92427928606188,2025-07-09,"020502050603 Slate Run"
"3363","Manor.Slate","Sculpin spp.",87,7.29,0.862727528317975,1.93951925261862,2025-07-09,"020502050603 Slate Run"
"3364","Manor.Slate","Sculpin spp.",89,7.7,0.886490725172482,1.94939000664491,2022-07-19,"020502050603 Slate Run"
"3365","Manor.Slate","Sculpin spp.",90,7.58,0.879669205632054,1.95424250943932,2025-07-09,"020502050603 Slate Run"
"3366","Manor.Slate","Sculpin spp.",97,10.37,1.01577875638904,1.98677173426624,2025-07-09,"020502050603 Slate Run"
"3367","Manor.Slate","Sculpin spp.",86,7.1,0.851258348719075,1.93449845124357,2022-07-19,"020502050603 Slate Run"
"3368","Manor.Slate","Sculpin spp.",88,8.3,0.919078092376074,1.94448267215017,2022-07-19,"020502050603 Slate Run"
"3369","Manor.Slate","Sculpin spp.",70,3.8,0.57978359661681,1.84509804001426,2022-07-19,"020502050603 Slate Run"
"3370","Manor.Slate","Sculpin spp.",97,10.5,1.02118929906994,1.98677173426624,2022-07-19,"020502050603 Slate Run"
"3371","Manor.Slate","Sculpin spp.",75,5,0.698970004336019,1.8750612633917,2022-07-19,"020502050603 Slate Run"
"3372","Manor.Slate","Sculpin spp.",96,10.2,1.00860017176192,1.98227123303957,2022-07-19,"020502050603 Slate Run"
"3373","Manor.Slate","Sculpin spp.",81,6.73,0.828015064223977,1.90848501887865,2025-07-09,"020502050603 Slate Run"
"3374","Manor.Slate","Sculpin spp.",86,7.37,0.867467487859051,1.93449845124357,2025-07-09,"020502050603 Slate Run"
"3375","Manor.Slate","Sculpin spp.",78,5.12,0.709269960975831,1.89209460269048,2025-07-09,"020502050603 Slate Run"
"3376","Manor.Slate","Sculpin spp.",97,11.41,1.05728564441821,1.98677173426624,2025-07-09,"020502050603 Slate Run"
"3377","Manor.Slate","Sculpin spp.",59,2.2,0.342422680822206,1.77085201164214,2022-07-19,"020502050603 Slate Run"
"3378","Manor.Slate","Sculpin spp.",67,2.96,0.471291711058939,1.82607480270083,2025-07-09,"020502050603 Slate Run"
"3379","Manor.Slate","Sculpin spp.",54,1.7,0.230448921378274,1.73239375982297,2022-07-19,"020502050603 Slate Run"
"3380","Manor.Slate","Sculpin spp.",84,6.6,0.819543935541869,1.92427928606188,2022-07-19,"020502050603 Slate Run"
"3381","Manor.Slate","Sculpin spp.",63,2.7,0.431363764158987,1.79934054945358,2022-07-19,"020502050603 Slate Run"
"3382","Manor.Slate","Sculpin spp.",69,3.4,0.531478917042255,1.83884909073726,2022-07-19,"020502050603 Slate Run"
"3383","Manor.Slate","Sculpin spp.",60,2.5,0.397940008672038,1.77815125038364,2022-07-19,"020502050603 Slate Run"
"3384","Manor.Slate","Sculpin spp.",74,4.09,0.611723308007342,1.86923171973098,2025-07-09,"020502050603 Slate Run"
"3385","Manor.Slate","Sculpin spp.",55,1.8,0.255272505103306,1.74036268949424,2022-07-19,"020502050603 Slate Run"
"3386","Manor.Slate","Sculpin spp.",85,7.4,0.869231719730976,1.92941892571429,2022-07-19,"020502050603 Slate Run"
"3387","Manor.Slate","Sculpin spp.",90,9.63,0.983626287124535,1.95424250943932,2025-07-09,"020502050603 Slate Run"
"3388","Manor.Slate","Sculpin spp.",62,2.7,0.431363764158987,1.79239168949825,2022-07-19,"020502050603 Slate Run"
"3389","Manor.Slate","Sculpin spp.",62,2.57,0.409933123331295,1.79239168949825,2025-07-09,"020502050603 Slate Run"
"3390","Manor.Slate","Sculpin spp.",79,5.99,0.777426822389311,1.89762709129044,2025-07-09,"020502050603 Slate Run"
"3391","Manor.Slate","Sculpin spp.",83,6.65,0.822821645303105,1.91907809237607,2025-07-09,"020502050603 Slate Run"
"3392","Manor.Slate","Sculpin spp.",67,3.7,0.568201724066995,1.82607480270083,2022-07-19,"020502050603 Slate Run"
"3393","Manor.Slate","Sculpin spp.",88,8,0.903089986991944,1.94448267215017,2022-07-19,"020502050603 Slate Run"
"3394","Manor.Slate","Sculpin spp.",75,5.3,0.724275869600789,1.8750612633917,2022-07-19,"020502050603 Slate Run"
"3395","Manor.Slate","Sculpin spp.",59,2.6,0.414973347970818,1.77085201164214,2022-07-19,"020502050603 Slate Run"
"3396","Manor.Slate","Sculpin spp.",79,7.1,0.851258348719075,1.89762709129044,2022-07-19,"020502050603 Slate Run"
"3397","Manor.Slate","Sculpin spp.",98,10.4,1.01703333929878,1.99122607569249,2022-07-19,"020502050603 Slate Run"
"3398","Manor.Slate","Sculpin spp.",95,9.5,0.977723605288848,1.97772360528885,2022-07-19,"020502050603 Slate Run"
"3399","Manor.Slate","Sculpin spp.",61,2.4,0.380211241711606,1.78532983501077,2022-07-19,"020502050603 Slate Run"
"3400","Manor.Slate","Sculpin spp.",85,8.4,0.924279286061882,1.92941892571429,2022-07-19,"020502050603 Slate Run"
"3401","Manor.Slate","Sculpin spp.",54,1.8,0.255272505103306,1.73239375982297,2022-07-19,"020502050603 Slate Run"
"3402","Manor.Slate","Sculpin spp.",98,11.2,1.04921802267018,1.99122607569249,2022-07-19,"020502050603 Slate Run"
"3403","MillCreek.Loyalsock","Sculpin spp.",60,3.1,0.491361693834273,1.77815125038364,2022-06-27,"020502060503 Ogdonia Creek-Loyalsock Creek"
"3404","MillCreek.Loyalsock","Sculpin spp.",64,2.2,0.342422680822206,1.80617997398389,2022-06-27,"020502060503 Ogdonia Creek-Loyalsock Creek"
"3405","MillCreek.Loyalsock","Blacknose Dace",81,4.8,0.681241237375587,1.90848501887865,2022-06-27,"020502060503 Ogdonia Creek-Loyalsock Creek"
"3406","MillCreek.Loyalsock","Sculpin spp.",65,2.5,0.397940008672038,1.81291335664286,2022-06-27,"020502060503 Ogdonia Creek-Loyalsock Creek"
"3407","MillCreek.Loyalsock","Sculpin spp.",76,4.3,0.633468455579587,1.88081359228079,2022-06-27,"020502060503 Ogdonia Creek-Loyalsock Creek"
"3408","MillCreek.Loyalsock","Blacknose Dace",59,2.1,0.322219294733919,1.77085201164214,2022-06-27,"020502060503 Ogdonia Creek-Loyalsock Creek"
"3409","MillCreek.Loyalsock","Sculpin spp.",82,5.5,0.740362689494244,1.91381385238372,2022-06-27,"020502060503 Ogdonia Creek-Loyalsock Creek"
"3410","MillCreek.Loyalsock","Blacknose Dace",59,1.9,0.278753600952829,1.77085201164214,2022-06-27,"020502060503 Ogdonia Creek-Loyalsock Creek"
"3411","MillCreek.Loyalsock","Blacknose Dace",80,4.9,0.690196080028514,1.90308998699194,2022-06-27,"020502060503 Ogdonia Creek-Loyalsock Creek"
"3412","MillCreek.Loyalsock","Blacknose Dace",62,2.3,0.361727836017593,1.79239168949825,2022-06-27,"020502060503 Ogdonia Creek-Loyalsock Creek"
"3413","MillCreek.Loyalsock","Sculpin spp.",77,4.9,0.690196080028514,1.88649072517248,2022-06-27,"020502060503 Ogdonia Creek-Loyalsock Creek"
"3414","MillCreek.Loyalsock","Sculpin spp.",59,2,0.301029995663981,1.77085201164214,2022-06-27,"020502060503 Ogdonia Creek-Loyalsock Creek"
"3415","MillCreek.Loyalsock","Blacknose Dace",61,2.2,0.342422680822206,1.78532983501077,2022-06-27,"020502060503 Ogdonia Creek-Loyalsock Creek"
"3416","MillCreek.Loyalsock","Sculpin spp.",65,3.3,0.518513939877887,1.81291335664286,2022-06-27,"020502060503 Ogdonia Creek-Loyalsock Creek"
"3417","MillCreek.Loyalsock","Sculpin spp.",58,2.4,0.380211241711606,1.76342799356294,2022-06-27,"020502060503 Ogdonia Creek-Loyalsock Creek"
"3418","MillCreek.Loyalsock","Sculpin spp.",79,5.3,0.724275869600789,1.89762709129044,2022-06-27,"020502060503 Ogdonia Creek-Loyalsock Creek"
"3419","MillCreek.Loyalsock","Sculpin spp.",84,6.3,0.799340549453582,1.92427928606188,2022-06-27,"020502060503 Ogdonia Creek-Loyalsock Creek"
"3420","MillCreek.Loyalsock","Sculpin spp.",72,4,0.602059991327962,1.85733249643127,2022-06-27,"020502060503 Ogdonia Creek-Loyalsock Creek"
"3421","MillCreek.Loyalsock","Sculpin spp.",76,5.4,0.732393759822969,1.88081359228079,2022-06-27,"020502060503 Ogdonia Creek-Loyalsock Creek"
"3422","MillCreek.Loyalsock","Sculpin spp.",68,3.9,0.591064607026499,1.83250891270624,2022-06-27,"020502060503 Ogdonia Creek-Loyalsock Creek"
"3423","MillCreek.Loyalsock","Sculpin spp.",61,2.6,0.414973347970818,1.78532983501077,2022-06-27,"020502060503 Ogdonia Creek-Loyalsock Creek"
"3424","MillCreek.Loyalsock","Sculpin spp.",51,2,0.301029995663981,1.70757017609794,2022-06-27,"020502060503 Ogdonia Creek-Loyalsock Creek"
"3425","MillCreek.Loyalsock","Sculpin spp.",85,6.5,0.812913356642856,1.92941892571429,2022-06-27,"020502060503 Ogdonia Creek-Loyalsock Creek"
"3426","MillCreek.Loyalsock","Sculpin spp.",63,3.9,0.591064607026499,1.79934054945358,2022-06-27,"020502060503 Ogdonia Creek-Loyalsock Creek"
"3427","MillCreek.Loyalsock","Sculpin spp.",53,1.4,0.146128035678238,1.72427586960079,2022-06-27,"020502060503 Ogdonia Creek-Loyalsock Creek"
"3428","MillCreek.Loyalsock","Sculpin spp.",86,6.6,0.819543935541869,1.93449845124357,2022-06-27,"020502060503 Ogdonia Creek-Loyalsock Creek"
"3429","MillCreek.Loyalsock","Sculpin spp.",87,7.4,0.869231719730976,1.93951925261862,2022-06-27,"020502060503 Ogdonia Creek-Loyalsock Creek"
"3430","MillCreek.Loyalsock","Sculpin spp.",51,1.5,0.176091259055681,1.70757017609794,2022-06-27,"020502060503 Ogdonia Creek-Loyalsock Creek"
"3431","MillCreek.Loyalsock","Blacknose Dace",57,1.6,0.204119982655925,1.75587485567249,2022-06-27,"020502060503 Ogdonia Creek-Loyalsock Creek"
"3432","MillCreek.Loyalsock","Blacknose Dace",59,3.3,0.518513939877887,1.77085201164214,2022-06-27,"020502060503 Ogdonia Creek-Loyalsock Creek"
"3433","MillCreek.Loyalsock","Blacknose Dace",52,1.6,0.204119982655925,1.7160033436348,2022-06-27,"020502060503 Ogdonia Creek-Loyalsock Creek"
"3434","MillCreek.Loyalsock","Blacknose Dace",56,1.7,0.230448921378274,1.7481880270062,2022-06-27,"020502060503 Ogdonia Creek-Loyalsock Creek"
"3435","MillCreek.Loyalsock","Sculpin spp.",64,3,0.477121254719662,1.80617997398389,2022-06-27,"020502060503 Ogdonia Creek-Loyalsock Creek"
"3436","MillCreek.Loyalsock","Sculpin spp.",90,7.9,0.897627091290441,1.95424250943932,2022-06-27,"020502060503 Ogdonia Creek-Loyalsock Creek"
"3437","MillCreek.Loyalsock","Sculpin spp.",67,2.9,0.462397997898956,1.82607480270083,2022-06-27,"020502060503 Ogdonia Creek-Loyalsock Creek"
"3438","MillCreek.Loyalsock","Blacknose Dace",50,1.3,0.113943352306837,1.69897000433602,2022-06-27,"020502060503 Ogdonia Creek-Loyalsock Creek"
"3439","MillCreek.Loyalsock","Sculpin spp.",69,3.8,0.57978359661681,1.83884909073726,2022-06-27,"020502060503 Ogdonia Creek-Loyalsock Creek"
"3440","MillCreek.Loyalsock","Blacknose Dace",59,2.1,0.322219294733919,1.77085201164214,2022-06-27,"020502060503 Ogdonia Creek-Loyalsock Creek"
"3441","MillCreek.Loyalsock","Blacknose Dace",57,1.8,0.255272505103306,1.75587485567249,2022-06-27,"020502060503 Ogdonia Creek-Loyalsock Creek"
"3442","MillCreek.Loyalsock","Sculpin spp.",68,3.6,0.556302500767287,1.83250891270624,2022-06-27,"020502060503 Ogdonia Creek-Loyalsock Creek"
"3443","MillCreek.Loyalsock","Blacknose Dace",80,5.2,0.716003343634799,1.90308998699194,2022-06-27,"020502060503 Ogdonia Creek-Loyalsock Creek"
"3444","MillCreek.Loyalsock","Blacknose Dace",51,1.6,0.204119982655925,1.70757017609794,2022-06-27,"020502060503 Ogdonia Creek-Loyalsock Creek"
"3445","MillCreek.Loyalsock","Sculpin spp.",77,4.6,0.662757831681574,1.88649072517248,2022-06-27,"020502060503 Ogdonia Creek-Loyalsock Creek"
"3446","MillCreek.Loyalsock","Blacknose Dace",80,4.1,0.612783856719735,1.90308998699194,2022-06-27,"020502060503 Ogdonia Creek-Loyalsock Creek"
"3447","MillCreek.Loyalsock","Blacknose Dace",70,3.3,0.518513939877887,1.84509804001426,2022-06-27,"020502060503 Ogdonia Creek-Loyalsock Creek"
"3448","MillCreek.Loyalsock","Sculpin spp.",63,3.2,0.505149978319906,1.79934054945358,2022-06-27,"020502060503 Ogdonia Creek-Loyalsock Creek"
"3449","MillCreek.Loyalsock","Blacknose Dace",66,2.7,0.431363764158987,1.81954393554187,2022-06-27,"020502060503 Ogdonia Creek-Loyalsock Creek"
"3450","MillCreek.Loyalsock","Blacknose Dace",65,2.8,0.447158031342219,1.81291335664286,2022-06-27,"020502060503 Ogdonia Creek-Loyalsock Creek"
"3451","MillCreek.Loyalsock","Blacknose Dace",61,2.3,0.361727836017593,1.78532983501077,2022-06-27,"020502060503 Ogdonia Creek-Loyalsock Creek"
"3452","MillCreek.Loyalsock","Blacknose Dace",55,1.6,0.204119982655925,1.74036268949424,2022-06-27,"020502060503 Ogdonia Creek-Loyalsock Creek"
"3453","MillCreek.Loyalsock","Blacknose Dace",59,1.8,0.255272505103306,1.77085201164214,2022-06-27,"020502060503 Ogdonia Creek-Loyalsock Creek"
"3454","MillCreek.Loyalsock","Blacknose Dace",67,2.8,0.447158031342219,1.82607480270083,2022-06-27,"020502060503 Ogdonia Creek-Loyalsock Creek"
"3455","MillCreek.Loyalsock","Sculpin spp.",62,2.3,0.361727836017593,1.79239168949825,2022-06-27,"020502060503 Ogdonia Creek-Loyalsock Creek"
"3456","MillCreek.Loyalsock","Blacknose Dace",58,1.8,0.255272505103306,1.76342799356294,2022-06-27,"020502060503 Ogdonia Creek-Loyalsock Creek"
"3457","MillCreek.Loyalsock","Blacknose Dace",69,3.2,0.505149978319906,1.83884909073726,2022-06-27,"020502060503 Ogdonia Creek-Loyalsock Creek"
"3458","MillCreek.Loyalsock","Blacknose Dace",60,2,0.301029995663981,1.77815125038364,2022-06-27,"020502060503 Ogdonia Creek-Loyalsock Creek"
"3459","MillCreek.Loyalsock","Blacknose Dace",59,2,0.301029995663981,1.77085201164214,2022-06-27,"020502060503 Ogdonia Creek-Loyalsock Creek"
"3460","MillCreek.Loyalsock","Blacknose Dace",59,2,0.301029995663981,1.77085201164214,2022-06-27,"020502060503 Ogdonia Creek-Loyalsock Creek"
"3461","MillCreek.Loyalsock","Blacknose Dace",65,2.5,0.397940008672038,1.81291335664286,2022-06-27,"020502060503 Ogdonia Creek-Loyalsock Creek"
"3462","MillCreek.Loyalsock","Blacknose Dace",72,3.6,0.556302500767287,1.85733249643127,2022-06-27,"020502060503 Ogdonia Creek-Loyalsock Creek"
"3463","Miller.LittleKettle","Sculpin spp.",85,7.5,0.8750612633917,1.92941892571429,2023-07-13,"020502030101 Little Kettle Creek"
"3464","Miller.LittleKettle","Sculpin spp.",105,12.3,1.0899051114394,2.02118929906994,2023-07-13,"020502030101 Little Kettle Creek"
"3465","Miller.LittleKettle","Sculpin spp.",51,1.6,0.204119982655925,1.70757017609794,2023-07-13,"020502030101 Little Kettle Creek"
"3466","Miller.LittleKettle","Sculpin spp.",100,11.5,1.06069784035361,2,2023-07-13,"020502030101 Little Kettle Creek"
"3467","Miller.LittleKettle","Sculpin spp.",73,5,0.698970004336019,1.86332286012046,2023-07-13,"020502030101 Little Kettle Creek"
"3468","Miller.LittleKettle","Sculpin spp.",83,6.8,0.832508912706236,1.91907809237607,2023-07-13,"020502030101 Little Kettle Creek"
"3469","Miller.LittleKettle","Sculpin spp.",85,6.5,0.812913356642856,1.92941892571429,2023-07-13,"020502030101 Little Kettle Creek"
"3470","Miller.LittleKettle","Sculpin spp.",67,3.1,0.491361693834273,1.82607480270083,2023-07-13,"020502030101 Little Kettle Creek"
"3471","Miller.LittleKettle","Sculpin spp.",64,3.1,0.491361693834273,1.80617997398389,2023-07-13,"020502030101 Little Kettle Creek"
"3472","Miller.LittleKettle","Sculpin spp.",72,4.3,0.633468455579587,1.85733249643127,2023-07-13,"020502030101 Little Kettle Creek"
"3473","Miller.LittleKettle","Sculpin spp.",55,2.2,0.342422680822206,1.74036268949424,2023-07-13,"020502030101 Little Kettle Creek"
"3474","Miller.LittleKettle","Sculpin spp.",79,6,0.778151250383644,1.89762709129044,2023-07-13,"020502030101 Little Kettle Creek"
"3475","Miller.LittleKettle","Sculpin spp.",75,4.6,0.662757831681574,1.8750612633917,2023-07-13,"020502030101 Little Kettle Creek"
"3476","Miller.LittleKettle","Sculpin spp.",65,3.5,0.544068044350276,1.81291335664286,2023-07-13,"020502030101 Little Kettle Creek"
"3477","Miller.LittleKettle","Sculpin spp.",64,3.1,0.491361693834273,1.80617997398389,2023-07-13,"020502030101 Little Kettle Creek"
"3478","Miller.LittleKettle","Sculpin spp.",61,2.4,0.380211241711606,1.78532983501077,2023-07-13,"020502030101 Little Kettle Creek"
"3479","Miller.LittleKettle","Sculpin spp.",62,2.5,0.397940008672038,1.79239168949825,2023-07-13,"020502030101 Little Kettle Creek"
"3480","Miller.LittleKettle","Sculpin spp.",101,12.4,1.09342168516224,2.00432137378264,2023-07-13,"020502030101 Little Kettle Creek"
"3481","Miller.LittleKettle","Sculpin spp.",74,4,0.602059991327962,1.86923171973098,2023-07-13,"020502030101 Little Kettle Creek"
"3482","Miller.LittleKettle","Sculpin spp.",80,6,0.778151250383644,1.90308998699194,2023-07-13,"020502030101 Little Kettle Creek"
"3483","Miller.LittleKettle","Sculpin spp.",82,5.9,0.770852011642144,1.91381385238372,2023-07-13,"020502030101 Little Kettle Creek"
"3484","Miller.LittleKettle","Sculpin spp.",65,3.1,0.491361693834273,1.81291335664286,2023-07-13,"020502030101 Little Kettle Creek"
"3485","Miller.LittleKettle","Sculpin spp.",87,7.3,0.863322860120456,1.93951925261862,2023-07-13,"020502030101 Little Kettle Creek"
"3486","Miller.LittleKettle","Sculpin spp.",95,9.8,0.991226075692495,1.97772360528885,2023-07-13,"020502030101 Little Kettle Creek"
"3487","Miller.LittleKettle","Sculpin spp.",90,10.4,1.01703333929878,1.95424250943932,2023-07-13,"020502030101 Little Kettle Creek"
"3488","Miller.LittleKettle","Sculpin spp.",94,9.4,0.973127853599699,1.9731278535997,2023-07-13,"020502030101 Little Kettle Creek"
"3489","Miller.LittleKettle","Sculpin spp.",61,2.3,0.361727836017593,1.78532983501077,2023-07-13,"020502030101 Little Kettle Creek"
"3490","Miller.LittleKettle","Sculpin spp.",79,5.8,0.763427993562937,1.89762709129044,2023-07-13,"020502030101 Little Kettle Creek"
"3491","Miller.LittleKettle","Sculpin spp.",91,9.1,0.959041392321094,1.95904139232109,2023-07-13,"020502030101 Little Kettle Creek"
"3492","Miller.LittleKettle","Sculpin spp.",88,7.7,0.886490725172482,1.94448267215017,2023-07-13,"020502030101 Little Kettle Creek"
"3493","Miller.LittleKettle","Blacknose Dace",74,3.5,0.544068044350276,1.86923171973098,2023-07-13,"020502030101 Little Kettle Creek"
"3494","Ogdonia.LowerLoyalsock","Sculpin spp.",82,5.5,0.740362689494244,1.91381385238372,2023-06-26,"020502060503 Ogdonia Creek-Loyalsock Creek"
"3495","Ogdonia.LowerLoyalsock","Sculpin spp.",90,7.1,0.851258348719075,1.95424250943932,2023-06-26,"020502060503 Ogdonia Creek-Loyalsock Creek"
"3496","Ogdonia.LowerLoyalsock","Sculpin spp.",69,2.9,0.462397997898956,1.83884909073726,2023-06-26,"020502060503 Ogdonia Creek-Loyalsock Creek"
"3497","Ogdonia.LowerLoyalsock","Sculpin spp.",64,2.6,0.414973347970818,1.80617997398389,2023-06-26,"020502060503 Ogdonia Creek-Loyalsock Creek"
"3498","Ogdonia.LowerLoyalsock","Sculpin spp.",73,4,0.602059991327962,1.86332286012046,2023-06-26,"020502060503 Ogdonia Creek-Loyalsock Creek"
"3499","Ogdonia.LowerLoyalsock","Sculpin spp.",86,6.5,0.812913356642856,1.93449845124357,2023-06-26,"020502060503 Ogdonia Creek-Loyalsock Creek"
"3500","Ogdonia.LowerLoyalsock","Sculpin spp.",72,4.1,0.612783856719735,1.85733249643127,2023-06-26,"020502060503 Ogdonia Creek-Loyalsock Creek"
"3501","Ogdonia.LowerLoyalsock","Sculpin spp.",69,3.3,0.518513939877887,1.83884909073726,2023-06-26,"020502060503 Ogdonia Creek-Loyalsock Creek"
"3502","Ogdonia.LowerLoyalsock","Sculpin spp.",70,3.7,0.568201724066995,1.84509804001426,2023-06-26,"020502060503 Ogdonia Creek-Loyalsock Creek"
"3503","Ogdonia.LowerLoyalsock","Sculpin spp.",78,4.5,0.653212513775344,1.89209460269048,2023-06-26,"020502060503 Ogdonia Creek-Loyalsock Creek"
"3504","Ogdonia.LowerLoyalsock","Sculpin spp.",65,3.4,0.531478917042255,1.81291335664286,2023-06-26,"020502060503 Ogdonia Creek-Loyalsock Creek"
"3505","Ogdonia.LowerLoyalsock","Sculpin spp.",83,6.1,0.785329835010767,1.91907809237607,2023-06-26,"020502060503 Ogdonia Creek-Loyalsock Creek"
"3506","Ogdonia.LowerLoyalsock","Sculpin spp.",80,4.6,0.662757831681574,1.90308998699194,2023-06-26,"020502060503 Ogdonia Creek-Loyalsock Creek"
"3507","Ogdonia.LowerLoyalsock","Sculpin spp.",75,3.7,0.568201724066995,1.8750612633917,2023-06-26,"020502060503 Ogdonia Creek-Loyalsock Creek"
"3508","Ogdonia.LowerLoyalsock","Sculpin spp.",83,6,0.778151250383644,1.91907809237607,2023-06-26,"020502060503 Ogdonia Creek-Loyalsock Creek"
"3509","Ogdonia.LowerLoyalsock","Blacknose Dace",76,4,0.602059991327962,1.88081359228079,2023-06-26,"020502060503 Ogdonia Creek-Loyalsock Creek"
"3510","Ogdonia.LowerLoyalsock","Blacknose Dace",71,2.8,0.447158031342219,1.85125834871908,2023-06-26,"020502060503 Ogdonia Creek-Loyalsock Creek"
"3511","Ogdonia.LowerLoyalsock","Sculpin spp.",72,3.8,0.57978359661681,1.85733249643127,2023-06-26,"020502060503 Ogdonia Creek-Loyalsock Creek"
"3512","Ogdonia.LowerLoyalsock","Blacknose Dace",63,2.4,0.380211241711606,1.79934054945358,2023-06-26,"020502060503 Ogdonia Creek-Loyalsock Creek"
"3513","Ogdonia.LowerLoyalsock","Sculpin spp.",80,5.3,0.724275869600789,1.90308998699194,2023-06-26,"020502060503 Ogdonia Creek-Loyalsock Creek"
"3514","Ogdonia.LowerLoyalsock","Sculpin spp.",72,3.8,0.57978359661681,1.85733249643127,2023-06-26,"020502060503 Ogdonia Creek-Loyalsock Creek"
"3515","Ogdonia.LowerLoyalsock","Sculpin spp.",84,6.4,0.806179973983887,1.92427928606188,2023-06-26,"020502060503 Ogdonia Creek-Loyalsock Creek"
"3516","Ogdonia.LowerLoyalsock","Sculpin spp.",78,4.5,0.653212513775344,1.89209460269048,2023-06-26,"020502060503 Ogdonia Creek-Loyalsock Creek"
"3517","Ogdonia.LowerLoyalsock","Sculpin spp.",75,3.6,0.556302500767287,1.8750612633917,2023-06-26,"020502060503 Ogdonia Creek-Loyalsock Creek"
"3518","Ogdonia.LowerLoyalsock","Blacknose Dace",76,3.5,0.544068044350276,1.88081359228079,2023-06-26,"020502060503 Ogdonia Creek-Loyalsock Creek"
"3519","Ogdonia.LowerLoyalsock","Sculpin spp.",93,9.5,0.977723605288848,1.96848294855394,2023-06-26,"020502060503 Ogdonia Creek-Loyalsock Creek"
"3520","Ogdonia.LowerLoyalsock","Sculpin spp.",66,2.6,0.414973347970818,1.81954393554187,2023-06-26,"020502060503 Ogdonia Creek-Loyalsock Creek"
"3521","Ogdonia.LowerLoyalsock","Sculpin spp.",66,3.4,0.531478917042255,1.81954393554187,2023-06-26,"020502060503 Ogdonia Creek-Loyalsock Creek"
"3522","Ogdonia.LowerLoyalsock","Sculpin spp.",73,4.5,0.653212513775344,1.86332286012046,2023-06-26,"020502060503 Ogdonia Creek-Loyalsock Creek"
"3523","Ogdonia.LowerLoyalsock","Sculpin spp.",93,8.5,0.929418925714293,1.96848294855394,2023-06-26,"020502060503 Ogdonia Creek-Loyalsock Creek"
"3524","Ogdonia.LowerLoyalsock","Sculpin spp.",59,2.3,0.361727836017593,1.77085201164214,2023-06-26,"020502060503 Ogdonia Creek-Loyalsock Creek"
"3525","Ogdonia.LowerLoyalsock","Sculpin spp.",79,5.7,0.755874855672491,1.89762709129044,2023-06-26,"020502060503 Ogdonia Creek-Loyalsock Creek"
"3526","Ogdonia.LowerLoyalsock","Sculpin spp.",78,5.2,0.716003343634799,1.89209460269048,2023-06-26,"020502060503 Ogdonia Creek-Loyalsock Creek"
"3527","Ogdonia.LowerLoyalsock","Sculpin spp.",84,6.6,0.819543935541869,1.92427928606188,2023-06-26,"020502060503 Ogdonia Creek-Loyalsock Creek"
"3528","Osborne.Kettle","Creek Chub",47,0.8,-0.0969100130080564,1.67209785793572,2023-07-17,"020502030105 Middle Kettle Creek"
"3529","Osborne.Kettle","Creek Chub",69,3.6,0.556302500767287,1.83884909073726,2023-07-17,"020502030105 Middle Kettle Creek"
"3530","Osborne.Kettle","Creek Chub",80,4.4,0.643452676486187,1.90308998699194,2023-07-17,"020502030105 Middle Kettle Creek"
"3531","Osborne.Kettle","Creek Chub",81,4.5,0.653212513775344,1.90848501887865,2023-07-17,"020502030105 Middle Kettle Creek"
"3532","Osborne.Kettle","Creek Chub",57,1.8,0.255272505103306,1.75587485567249,2023-07-17,"020502030105 Middle Kettle Creek"
"3533","Osborne.Kettle","Creek Chub",69,3,0.477121254719662,1.83884909073726,2023-07-17,"020502030105 Middle Kettle Creek"
"3534","Osborne.Kettle","Creek Chub",72,4.4,0.643452676486187,1.85733249643127,2023-07-17,"020502030105 Middle Kettle Creek"
"3535","Osborne.Kettle","Creek Chub",57,2,0.301029995663981,1.75587485567249,2023-07-17,"020502030105 Middle Kettle Creek"
"3536","Osborne.Kettle","Creek Chub",59,2.3,0.361727836017593,1.77085201164214,2023-07-17,"020502030105 Middle Kettle Creek"
"3537","Osborne.Kettle","Creek Chub",45,0.7,-0.154901959985743,1.65321251377534,2023-07-17,"020502030105 Middle Kettle Creek"
"3538","Osborne.Kettle","Creek Chub",81,4.6,0.662757831681574,1.90848501887865,2023-07-17,"020502030105 Middle Kettle Creek"
"3539","Osborne.Kettle","Creek Chub",75,5.9,0.770852011642144,1.8750612633917,2023-07-17,"020502030105 Middle Kettle Creek"
"3540","Osborne.Kettle","Creek Chub",78,4.6,0.662757831681574,1.89209460269048,2023-07-17,"020502030105 Middle Kettle Creek"
"3541","Osborne.Kettle","Creek Chub",51,1.3,0.113943352306837,1.70757017609794,2023-07-17,"020502030105 Middle Kettle Creek"
"3542","Osborne.Kettle","Creek Chub",51,1.5,0.176091259055681,1.70757017609794,2023-07-17,"020502030105 Middle Kettle Creek"
"3543","Osborne.Kettle","Creek Chub",80,4.6,0.662757831681574,1.90308998699194,2023-07-17,"020502030105 Middle Kettle Creek"
"3544","Osborne.Kettle","Creek Chub",54,2,0.301029995663981,1.73239375982297,2023-07-17,"020502030105 Middle Kettle Creek"
"3545","PC0-SS","Creek Chub",34,0.4,-0.397940008672038,1.53147891704226,2022-06-08,"020503010202 Voneida Run-Pine Creek"
"3546","PC0-SS","Blacknose Dace",72,4.2,0.6232492903979,1.85733249643127,2022-06-08,"020503010202 Voneida Run-Pine Creek"
"3547","PC0-SS","Blacknose Dace",65,2.5,0.397940008672038,1.81291335664286,2022-06-08,"020503010202 Voneida Run-Pine Creek"
"3548","PC0-SS","Blacknose Dace",58,1.6,0.204119982655925,1.76342799356294,2022-06-08,"020503010202 Voneida Run-Pine Creek"
"3549","PC0-SS","Longnose Dace",76,3.6,0.556302500767287,1.88081359228079,2022-06-08,"020503010202 Voneida Run-Pine Creek"
"3550","PC0-SS","Blacknose Dace",57,1.4,0.146128035678238,1.75587485567249,2022-06-08,"020503010202 Voneida Run-Pine Creek"
"3551","PC0-SS","Creek Chub",77,4.8,0.681241237375587,1.88649072517248,2022-06-08,"020503010202 Voneida Run-Pine Creek"
"3552","PC0-SS","Creek Chub",50,1.4,0.146128035678238,1.69897000433602,2022-06-08,"020503010202 Voneida Run-Pine Creek"
"3553","PC0-SS","Blacknose Dace",42,0.6,-0.221848749616356,1.6232492903979,2022-06-08,"020503010202 Voneida Run-Pine Creek"
"3554","PC0-SS","Blacknose Dace",72,3.4,0.531478917042255,1.85733249643127,2022-06-08,"020503010202 Voneida Run-Pine Creek"
"3555","PC0-SS","Blacknose Dace",54,1.4,0.146128035678238,1.73239375982297,2022-06-08,"020503010202 Voneida Run-Pine Creek"
"3556","PC0-SS","Blacknose Dace",56,1.7,0.230448921378274,1.7481880270062,2022-06-08,"020503010202 Voneida Run-Pine Creek"
"3557","PC0-SS","Blacknose Dace",37,0.4,-0.397940008672038,1.56820172406699,2022-06-08,"020503010202 Voneida Run-Pine Creek"
"3558","PC0-SS","Sculpin spp.",59,2,0.301029995663981,1.77085201164214,2022-06-08,"020503010202 Voneida Run-Pine Creek"
"3559","PC0-SS","Sculpin spp.",73,5.4,0.732393759822969,1.86332286012046,2022-06-08,"020503010202 Voneida Run-Pine Creek"
"3560","PC0-SS","Blacknose Dace",69,3.2,0.505149978319906,1.83884909073726,2022-06-08,"020503010202 Voneida Run-Pine Creek"
"3561","PC0-SS","Sculpin spp.",77,4.6,0.662757831681574,1.88649072517248,2022-06-08,"020503010202 Voneida Run-Pine Creek"
"3562","PC0-SS","Sculpin spp.",65,3.4,0.531478917042255,1.81291335664286,2022-06-08,"020503010202 Voneida Run-Pine Creek"
"3563","PC0-SS","Sculpin spp.",72,4.2,0.6232492903979,1.85733249643127,2022-06-08,"020503010202 Voneida Run-Pine Creek"
"3564","PC0-SS","Creek Chub",86,8.3,0.919078092376074,1.93449845124357,2022-06-08,"020503010202 Voneida Run-Pine Creek"
"3565","PC0-SS","Creek Chub",96,10.4,1.01703333929878,1.98227123303957,2022-06-08,"020503010202 Voneida Run-Pine Creek"
"3566","PC0-SS","Creek Chub",79,4.5,0.653212513775344,1.89762709129044,2022-06-08,"020503010202 Voneida Run-Pine Creek"
"3567","PC0-SS","Longnose Dace",47,1.1,0.0413926851582251,1.67209785793572,2022-06-08,"020503010202 Voneida Run-Pine Creek"
"3568","PC0-SS","Sculpin spp.",59,1.9,0.278753600952829,1.77085201164214,2022-06-08,"020503010202 Voneida Run-Pine Creek"
"3569","PC0-SS","Longnose Dace",44,0.6,-0.221848749616356,1.64345267648619,2022-06-08,"020503010202 Voneida Run-Pine Creek"
"3570","PC0-SS","Longnose Dace",56,1.3,0.113943352306837,1.7481880270062,2022-06-08,"020503010202 Voneida Run-Pine Creek"
"3571","PC0-SS","Sculpin spp.",91,8.1,0.90848501887865,1.95904139232109,2022-06-08,"020503010202 Voneida Run-Pine Creek"
"3572","PC0-SS","Blacknose Dace",57,1.8,0.255272505103306,1.75587485567249,2022-06-08,"020503010202 Voneida Run-Pine Creek"
"3573","PC0-SS","Blacknose Dace",69,3.1,0.491361693834273,1.83884909073726,2022-06-08,"020503010202 Voneida Run-Pine Creek"
"3574","PC0-SS","Blacknose Dace",68,2.9,0.462397997898956,1.83250891270624,2022-06-08,"020503010202 Voneida Run-Pine Creek"
"3575","PC0-SS","Blacknose Dace",64,2.4,0.380211241711606,1.80617997398389,2022-06-08,"020503010202 Voneida Run-Pine Creek"
"3576","PC0-SS","Blacknose Dace",69,3.3,0.518513939877887,1.83884909073726,2022-06-08,"020503010202 Voneida Run-Pine Creek"
"3577","PC0-SS","Sculpin spp.",76,4.8,0.681241237375587,1.88081359228079,2022-06-08,"020503010202 Voneida Run-Pine Creek"
"3578","PC0-SS","Sculpin spp.",80,5.6,0.7481880270062,1.90308998699194,2022-06-08,"020503010202 Voneida Run-Pine Creek"
"3579","PC0-SS","Blacknose Dace",62,2.2,0.342422680822206,1.79239168949825,2022-06-08,"020503010202 Voneida Run-Pine Creek"
"3580","PC0-SS","Sculpin spp.",61,2.1,0.322219294733919,1.78532983501077,2022-06-08,"020503010202 Voneida Run-Pine Creek"
"3581","PC0-SS","Blacknose Dace",44,0.7,-0.154901959985743,1.64345267648619,2022-06-08,"020503010202 Voneida Run-Pine Creek"
"3582","PC0-SS","Blacknose Dace",55,1.6,0.204119982655925,1.74036268949424,2022-06-08,"020503010202 Voneida Run-Pine Creek"
"3583","PC0-SS","Blacknose Dace",77,4.7,0.672097857935718,1.88649072517248,2022-06-08,"020503010202 Voneida Run-Pine Creek"
"3584","PC0-SS","Blacknose Dace",57,1.5,0.176091259055681,1.75587485567249,2022-06-08,"020503010202 Voneida Run-Pine Creek"
"3585","PC0-SS","Blacknose Dace",75,4,0.602059991327962,1.8750612633917,2022-06-08,"020503010202 Voneida Run-Pine Creek"
"3586","PC0-SS","Blacknose Dace",61,1.7,0.230448921378274,1.78532983501077,2022-06-08,"020503010202 Voneida Run-Pine Creek"
"3587","PC0-SS","Blacknose Dace",70,3.3,0.518513939877887,1.84509804001426,2022-06-08,"020503010202 Voneida Run-Pine Creek"
"3588","PC0-SS","Blacknose Dace",69,3,0.477121254719662,1.83884909073726,2022-06-08,"020503010202 Voneida Run-Pine Creek"
"3589","PC0-SS","Blacknose Dace",58,1.9,0.278753600952829,1.76342799356294,2022-06-08,"020503010202 Voneida Run-Pine Creek"
"3590","PC0-SS","Tessellated Darter",40,0.5,-0.301029995663981,1.60205999132796,2022-06-08,"020503010202 Voneida Run-Pine Creek"
"3591","PC0-SS","Tessellated Darter",55,1.5,0.176091259055681,1.74036268949424,2022-06-08,"020503010202 Voneida Run-Pine Creek"
"3592","PC0-SS","Tessellated Darter",40,0.5,-0.301029995663981,1.60205999132796,2022-06-08,"020503010202 Voneida Run-Pine Creek"
"3593","PC0-SS","Tessellated Darter",36,0.3,-0.522878745280338,1.55630250076729,2022-06-08,"020503010202 Voneida Run-Pine Creek"
"3594","PC0-SS","White Sucker",171,60,1.77815125038364,2.23299611039215,2022-06-08,"020503010202 Voneida Run-Pine Creek"
"3595","PC0-SS","White Sucker",125,19.1,1.28103336724773,2.09691001300806,2022-06-08,"020503010202 Voneida Run-Pine Creek"
"3596","PC0-SS","Blacknose Dace",56,1.8,0.255272505103306,1.7481880270062,2022-06-08,"020503010202 Voneida Run-Pine Creek"
"3597","PC0-SS","Tessellated Darter",41,0.5,-0.301029995663981,1.61278385671974,2022-06-08,"020503010202 Voneida Run-Pine Creek"
"3598","PC0-SS","Tessellated Darter",56,2,0.301029995663981,1.7481880270062,2022-06-08,"020503010202 Voneida Run-Pine Creek"
"3599","PC0-SS","Tessellated Darter",44,1,0,1.64345267648619,2022-06-08,"020503010202 Voneida Run-Pine Creek"
"3600","PC0-SS","Blacknose Dace",66,2.7,0.431363764158987,1.81954393554187,2022-06-08,"020503010202 Voneida Run-Pine Creek"
"3601","PC0-SS","Tessellated Darter",41,0.5,-0.301029995663981,1.61278385671974,2022-06-08,"020503010202 Voneida Run-Pine Creek"
"3602","PC0-SS","Blacknose Dace",76,4.3,0.633468455579587,1.88081359228079,2022-06-08,"020503010202 Voneida Run-Pine Creek"
"3603","PC0-SS","Blacknose Dace",56,1.5,0.176091259055681,1.7481880270062,2022-06-08,"020503010202 Voneida Run-Pine Creek"
"3604","PC0-SS","Tessellated Darter",62,2.4,0.380211241711606,1.79239168949825,2022-06-08,"020503010202 Voneida Run-Pine Creek"
"3605","PC0-SS","Sculpin spp.",56,1.7,0.230448921378274,1.7481880270062,2022-06-08,"020503010202 Voneida Run-Pine Creek"
"3606","PC0-SS","Sculpin spp.",49,1.2,0.0791812460476248,1.69019608002851,2022-06-08,"020503010202 Voneida Run-Pine Creek"
"3607","PC0-SS","Blacknose Dace",75,4.1,0.612783856719735,1.8750612633917,2022-06-08,"020503010202 Voneida Run-Pine Creek"
"3608","PC0-SS","White Sucker",89,7.5,0.8750612633917,1.94939000664491,2022-06-08,"020503010202 Voneida Run-Pine Creek"
"3609","PK0-BP","Sculpin spp.",53,1.55,0.190331698170291,1.72427586960079,2025-06-16,"020502060504 Plunketts Creek"
"3610","PK0-BP","Sculpin spp.",57,2.03,0.307496037913213,1.75587485567249,2025-06-16,"020502060504 Plunketts Creek"
"3611","PK0-BP","Sculpin spp.",57,1.92,0.28330122870355,1.75587485567249,2025-06-16,"020502060504 Plunketts Creek"
"3612","PK0-BP","Longnose Dace",60,1.93,0.285557309007774,1.77815125038364,2025-06-16,"020502060504 Plunketts Creek"
"3613","PK0-BP","Sculpin spp.",60,2.38,0.376576957056512,1.77815125038364,2025-06-16,"020502060504 Plunketts Creek"
"3614","PK0-BP","Sculpin spp.",64,2.95,0.469822015978163,1.80617997398389,2025-06-16,"020502060504 Plunketts Creek"
"3615","PK0-BP","Longnose Dace",50,0.95,-0.0222763947111523,1.69897000433602,2025-06-16,"020502060504 Plunketts Creek"
"3616","PK0-BP","Sculpin spp.",60,2.45,0.389166084364532,1.77815125038364,2025-06-16,"020502060504 Plunketts Creek"
"3617","PK0-BP","Sculpin spp.",59,2.6,0.414973347970818,1.77085201164214,2025-06-16,"020502060504 Plunketts Creek"
"3618","PK0-BP","Sculpin spp.",67,3.52,0.546542663478131,1.82607480270083,2025-06-16,"020502060504 Plunketts Creek"
"3619","PK0-BP","Sculpin spp.",56,2.05,0.311753861055754,1.7481880270062,2025-06-16,"020502060504 Plunketts Creek"
"3620","PK0-BP","Creek Chub",74,4.68,0.670245853074124,1.86923171973098,2025-06-16,"020502060504 Plunketts Creek"
"3621","PK0-BP","Creek Chub",54,1.72,0.235528446907549,1.73239375982297,2025-06-16,"020502060504 Plunketts Creek"
"3622","PK0-BP","Creek Chub",48,1.09,0.0374264979406237,1.68124123737559,2025-06-16,"020502060504 Plunketts Creek"
"3623","PK0-BP","Creek Chub",53,1.41,0.14921911265538,1.72427586960079,2025-06-16,"020502060504 Plunketts Creek"
"3624","PK0-BP","Longnose Dace",51,1.23,0.0899051114393979,1.70757017609794,2025-06-16,"020502060504 Plunketts Creek"
"3625","PK0-BP","Creek Chub",50,1.19,0.0755469613925307,1.69897000433602,2025-06-16,"020502060504 Plunketts Creek"
"3626","PK0-BP","Sculpin spp.",60,2.31,0.363611979892144,1.77815125038364,2025-06-16,"020502060504 Plunketts Creek"
"3627","PK0-BP","Sculpin spp.",100,10.77,1.03221570329798,2,2025-06-16,"020502060504 Plunketts Creek"
"3628","PK0-BP","Sculpin spp.",61,3.98,0.599883072073688,1.78532983501077,2025-06-16,"020502060504 Plunketts Creek"
"3629","PK0-BP","Sculpin spp.",61,2.36,0.372912002970107,1.78532983501077,2025-06-16,"020502060504 Plunketts Creek"
"3630","PK0-BP","Sculpin spp.",67,3.49,0.54282542695918,1.82607480270083,2025-06-16,"020502060504 Plunketts Creek"
"3631","PK0-BP","Sculpin spp.",69,3.9,0.591064607026499,1.83884909073726,2025-06-16,"020502060504 Plunketts Creek"
"3632","PK0-BP","Sculpin spp.",56,1.72,0.235528446907549,1.7481880270062,2025-06-16,"020502060504 Plunketts Creek"
"3633","PK0-BP","Blacknose Dace",52,1.12,0.0492180226701817,1.7160033436348,2024-06-25,"020502060504 Plunketts Creek"
"3634","PK0-BP","Blacknose Dace",65,2.65,0.423245873936808,1.81291335664286,2024-06-25,"020502060504 Plunketts Creek"
"3635","PK0-BP","Blacknose Dace",44,0.75,-0.1249387366083,1.64345267648619,2024-06-25,"020502060504 Plunketts Creek"
"3636","PK0-BP","Blacknose Dace",41,0.54,-0.267606240177031,1.61278385671974,2024-06-25,"020502060504 Plunketts Creek"
"3637","PK0-BP","Sculpin spp.",56,1.95,0.290034611362518,1.7481880270062,2025-06-16,"020502060504 Plunketts Creek"
"3638","PK0-BP","Sculpin spp.",60,2.34,0.369215857410143,1.77815125038364,2025-06-16,"020502060504 Plunketts Creek"
"3639","PK0-BP","Sculpin spp.",60,2.34,0.369215857410143,1.77815125038364,2025-06-16,"020502060504 Plunketts Creek"
"3640","PK0-BP","Longnose Dace",57,1.48,0.170261715394957,1.75587485567249,2025-06-16,"020502060504 Plunketts Creek"
"3641","PK0-BP","Longnose Dace",44,0.86,-0.0655015487564323,1.64345267648619,2025-06-16,"020502060504 Plunketts Creek"
"3642","PK0-BP","Longnose Dace",55,1.57,0.195899652409234,1.74036268949424,2025-06-16,"020502060504 Plunketts Creek"
"3643","PK0-BP","Longnose Dace",92,6.75,0.829303772831025,1.96378782734556,2025-06-16,"020502060504 Plunketts Creek"
"3644","PK0-BP","Longnose Dace",84,5.75,0.75966784468963,1.92427928606188,2025-06-16,"020502060504 Plunketts Creek"
"3645","PK0-BP","Longnose Dace",63,1.92,0.28330122870355,1.79934054945358,2025-06-16,"020502060504 Plunketts Creek"
"3646","PK0-BP","Longnose Dace",57,1.36,0.133538908370218,1.75587485567249,2025-06-16,"020502060504 Plunketts Creek"
"3647","PK0-BP","Bluegill",145,53.53,1.72859724338343,2.16136800223497,2024-06-25,"020502060504 Plunketts Creek"
"3648","PK0-BP","Bluegill",103,21.24,1.32715451240943,2.01283722470517,2024-06-25,"020502060504 Plunketts Creek"
"3649","PK0-BP","Longnose Dace",93,7,0.845098040014257,1.96848294855394,2025-06-16,"020502060504 Plunketts Creek"
"3650","PK0-BP","Cutlip Minnow",106,14.44,1.15956719323362,2.02530586526477,2025-06-16,"020502060504 Plunketts Creek"
"3651","PK0-BP","Creek Chub",47,1.09,0.0374264979406237,1.67209785793572,2025-06-16,"020502060504 Plunketts Creek"
"3652","PK0-BP","Blacknose Dace",47,0.8,-0.0969100130080564,1.67209785793572,2025-06-16,"020502060504 Plunketts Creek"
"3653","PK0-BP","Blacknose Dace",44,0.7,-0.154901959985743,1.64345267648619,2025-06-16,"020502060504 Plunketts Creek"
"3654","PK0-BP","Blacknose Dace",61,2.19,0.340444114840118,1.78532983501077,2025-06-16,"020502060504 Plunketts Creek"
"3655","PK0-BP","Blacknose Dace",55,1.6,0.204119982655925,1.74036268949424,2025-06-16,"020502060504 Plunketts Creek"
"3656","PK0-BP","Blacknose Dace",42,0.6,-0.221848749616356,1.6232492903979,2025-06-16,"020502060504 Plunketts Creek"
"3657","PK0-BP","Blacknose Dace",38,0.5,-0.301029995663981,1.57978359661681,2025-06-16,"020502060504 Plunketts Creek"
"3658","PK0-BP","Blacknose Dace",46,0.9,-0.0457574905606751,1.66275783168157,2025-06-16,"020502060504 Plunketts Creek"
"3659","PK0-BP","Blacknose Dace",35,0.4,-0.397940008672038,1.54406804435028,2025-06-16,"020502060504 Plunketts Creek"
"3660","PK0-BP","Blacknose Dace",47,0.97,-0.0132282657337552,1.67209785793572,2025-06-16,"020502060504 Plunketts Creek"
"3661","PK0-BP","Blacknose Dace",47,0.96,-0.0177287669604316,1.67209785793572,2025-06-16,"020502060504 Plunketts Creek"
"3662","PK0-BP","Blacknose Dace",33,0.27,-0.568636235841013,1.51851393987789,2025-06-16,"020502060504 Plunketts Creek"
"3663","PK0-BP","Blacknose Dace",44,0.7,-0.154901959985743,1.64345267648619,2025-06-16,"020502060504 Plunketts Creek"
"3664","PK0-BP","Blacknose Dace",62,2.19,0.340444114840118,1.79239168949825,2025-06-16,"020502060504 Plunketts Creek"
"3665","PK0-BP","Blacknose Dace",56,1.66,0.220108088040055,1.7481880270062,2025-06-16,"020502060504 Plunketts Creek"
"3666","PK0-BP","Blacknose Dace",47,0.9,-0.0457574905606751,1.67209785793572,2025-06-16,"020502060504 Plunketts Creek"
"3667","PK0-BP","Blacknose Dace",41,0.56,-0.2518119729938,1.61278385671974,2025-06-16,"020502060504 Plunketts Creek"
"3668","PK0-BP","Blacknose Dace",43,0.65,-0.187086643357144,1.63346845557959,2025-06-16,"020502060504 Plunketts Creek"
"3669","PK0-BP","Creek Chub",52,1.42,0.152288344383056,1.7160033436348,2025-06-16,"020502060504 Plunketts Creek"
"3670","PK0-BP","Longnose Dace",67,2.36,0.372912002970107,1.82607480270083,2025-06-16,"020502060504 Plunketts Creek"
"3671","PK0-BP","Longnose Dace",81,5.61,0.748962861256161,1.90848501887865,2025-06-16,"020502060504 Plunketts Creek"
"3672","PK0-BP","Longnose Dace",51,1.2,0.0791812460476248,1.70757017609794,2025-06-16,"020502060504 Plunketts Creek"
"3673","PK0-BP","Longnose Dace",55,1.28,0.107209969647868,1.74036268949424,2025-06-16,"020502060504 Plunketts Creek"
"3674","PK0-BP","Longnose Dace",56,1.48,0.170261715394957,1.7481880270062,2025-06-16,"020502060504 Plunketts Creek"
"3675","PK0-BP","Longnose Dace",52,1.16,0.0644579892269184,1.7160033436348,2025-06-16,"020502060504 Plunketts Creek"
"3676","PK0-BP","Longnose Dace",55,1.21,0.0827853703164501,1.74036268949424,2025-06-16,"020502060504 Plunketts Creek"
"3677","PK0-BP","Blacknose Dace",51,1.78,0.250420002308894,1.70757017609794,2024-06-25,"020502060504 Plunketts Creek"
"3678","PK0-BP","Blacknose Dace",76,4.31,0.634477270160732,1.88081359228079,2024-06-25,"020502060504 Plunketts Creek"
"3679","PK0-BP","Blacknose Dace",52,1.14,0.0569048513364726,1.7160033436348,2024-06-25,"020502060504 Plunketts Creek"
"3680","PK0-BP","Blacknose Dace",64,2.69,0.429752280002408,1.80617997398389,2024-06-25,"020502060504 Plunketts Creek"
"3681","PK0-BP","Blacknose Dace",60,2.17,0.33645973384853,1.77815125038364,2024-06-25,"020502060504 Plunketts Creek"
"3682","PK0-BP","Blacknose Dace",61,2.31,0.363611979892144,1.78532983501077,2024-06-25,"020502060504 Plunketts Creek"
"3683","PK0-BP","Blacknose Dace",46,0.77,-0.113509274827518,1.66275783168157,2024-06-25,"020502060504 Plunketts Creek"
"3684","PK0-BP","Blacknose Dace",48,0.96,-0.0177287669604316,1.68124123737559,2024-06-25,"020502060504 Plunketts Creek"
"3685","PK0-BP","Bluegill",111,25.11,1.39984671271292,2.04532297878666,2024-06-25,"020502060504 Plunketts Creek"
"3686","PK0-BP","Bluegill",100,18.55,1.26834391395106,2,2024-06-25,"020502060504 Plunketts Creek"
"3687","PK0-BP","Blacknose Dace",43,0.74,-0.130768280269024,1.63346845557959,2025-06-16,"020502060504 Plunketts Creek"
"3688","PK0-BP","Blacknose Dace",44,0.7,-0.154901959985743,1.64345267648619,2025-06-16,"020502060504 Plunketts Creek"
"3689","PK0-BP","Bluegill",93,14.55,1.16286299332193,1.96848294855394,2024-06-25,"020502060504 Plunketts Creek"
"3690","PK0-BP","Bluegill",102,19.14,1.28194193344082,2.00860017176192,2024-06-25,"020502060504 Plunketts Creek"
"3691","PK0-BP","Creek Chub",55,1.66,0.220108088040055,1.74036268949424,2024-06-25,"020502060504 Plunketts Creek"
"3692","PK0-BP","Creek Chub",85,5.87,0.768638101247614,1.92941892571429,2024-06-25,"020502060504 Plunketts Creek"
"3693","PK0-BP","Creek Chub",97,9.99,0.999565488225982,1.98677173426624,2024-06-25,"020502060504 Plunketts Creek"
"3694","PK0-BP","Creek Chub",61,2.35,0.371067862271736,1.78532983501077,2024-06-25,"020502060504 Plunketts Creek"
"3695","PK0-BP","Creek Chub",64,2.64,0.421603926869831,1.80617997398389,2024-06-25,"020502060504 Plunketts Creek"
"3696","PK0-BP","Creek Chub",90,7.56,0.878521795501206,1.95424250943932,2024-06-25,"020502060504 Plunketts Creek"
"3697","PK0-BP","Blacknose Dace",77,4.4,0.643452676486187,1.88649072517248,2023-06-13,"020502060504 Plunketts Creek"
"3698","PK0-BP","Blacknose Dace",67,2.4,0.380211241711606,1.82607480270083,2023-06-13,"020502060504 Plunketts Creek"
"3699","PK0-BP","Blacknose Dace",64,2.2,0.342422680822206,1.80617997398389,2023-06-13,"020502060504 Plunketts Creek"
"3700","PK0-BP","Blacknose Dace",57,1.6,0.204119982655925,1.75587485567249,2023-06-13,"020502060504 Plunketts Creek"
"3701","PK0-BP","Blacknose Dace",60,2,0.301029995663981,1.77815125038364,2023-06-13,"020502060504 Plunketts Creek"
"3702","PK0-BP","Blacknose Dace",57,1.8,0.255272505103306,1.75587485567249,2023-06-13,"020502060504 Plunketts Creek"
"3703","PK0-BP","Blacknose Dace",78,3.7,0.568201724066995,1.89209460269048,2023-06-13,"020502060504 Plunketts Creek"
"3704","PK0-BP","Blacknose Dace",59,1.7,0.230448921378274,1.77085201164214,2023-06-13,"020502060504 Plunketts Creek"
"3705","PK0-BP","Sculpin spp.",52,1.7,0.230448921378274,1.7160033436348,2023-06-13,"020502060504 Plunketts Creek"
"3706","PK0-BP","Blacknose Dace",64,2.2,0.342422680822206,1.80617997398389,2023-06-13,"020502060504 Plunketts Creek"
"3707","PK0-BP","Longnose Dace",53,1.13,0.0530784434834197,1.72427586960079,2025-06-16,"020502060504 Plunketts Creek"
"3708","PK0-BP","Creek Chub",58,2.38,0.376576957056512,1.76342799356294,2025-06-16,"020502060504 Plunketts Creek"
"3709","PK0-BP","Creek Chub",104,11.83,1.07298474462793,2.01703333929878,2025-06-16,"020502060504 Plunketts Creek"
"3710","PK0-BP","Creek Chub",58,1.99,0.298853076409707,1.76342799356294,2025-06-16,"020502060504 Plunketts Creek"
"3711","PK0-BP","Creek Chub",58,1.92,0.28330122870355,1.76342799356294,2025-06-16,"020502060504 Plunketts Creek"
"3712","PK0-BP","Creek Chub",63,2.37,0.374748346010104,1.79934054945358,2025-06-16,"020502060504 Plunketts Creek"
"3713","PK0-BP","Creek Chub",57,1.84,0.264817823009536,1.75587485567249,2025-06-16,"020502060504 Plunketts Creek"
"3714","PK0-BP","Creek Chub",58,1.96,0.292256071356476,1.76342799356294,2025-06-16,"020502060504 Plunketts Creek"
"3715","PK0-BP","Creek Chub",60,2.18,0.338456493604605,1.77815125038364,2025-06-16,"020502060504 Plunketts Creek"
"3716","PK0-BP","Creek Chub",57,1.93,0.285557309007774,1.75587485567249,2025-06-16,"020502060504 Plunketts Creek"
"3717","PK0-BP","Creek Chub",61,2.47,0.392696953259666,1.78532983501077,2025-06-16,"020502060504 Plunketts Creek"
"3718","PK0-BP","Creek Chub",47,0.99,-0.00436480540245009,1.67209785793572,2025-06-16,"020502060504 Plunketts Creek"
"3719","PK0-BP","Creek Chub",56,1.83,0.262451089730429,1.7481880270062,2025-06-16,"020502060504 Plunketts Creek"
"3720","PK0-BP","Blacknose Dace",49,0.88,-0.0555173278498314,1.69019608002851,2025-06-16,"020502060504 Plunketts Creek"
"3721","PK0-BP","Blacknose Dace",76,3.9,0.591064607026499,1.88081359228079,2025-06-16,"020502060504 Plunketts Creek"
"3722","PK0-BP","Sculpin spp.",56,2.17,0.33645973384853,1.7481880270062,2025-06-16,"020502060504 Plunketts Creek"
"3723","PK0-BP","Sculpin spp.",64,2.84,0.453318340047038,1.80617997398389,2025-06-16,"020502060504 Plunketts Creek"
"3724","PK0-BP","Sculpin spp.",62,2.83,0.45178643552429,1.79239168949825,2025-06-16,"020502060504 Plunketts Creek"
"3725","PK0-BP","Sculpin spp.",62,2.51,0.399673721481038,1.79239168949825,2025-06-16,"020502060504 Plunketts Creek"
"3726","PK0-BP","Sculpin spp.",66,3.59,0.555094448578319,1.81954393554187,2025-06-16,"020502060504 Plunketts Creek"
"3727","PK0-BP","Sculpin spp.",61,2.46,0.390935107103379,1.78532983501077,2025-06-16,"020502060504 Plunketts Creek"
"3728","PK0-BP","Sculpin spp.",58,2.49,0.396199347095736,1.76342799356294,2025-06-16,"020502060504 Plunketts Creek"
"3729","PK0-BP","Sculpin spp.",57,2.4,0.380211241711606,1.75587485567249,2025-06-16,"020502060504 Plunketts Creek"
"3730","PK0-BP","Sculpin spp.",61,2.49,0.396199347095736,1.78532983501077,2025-06-16,"020502060504 Plunketts Creek"
"3731","PK0-BP","Sculpin spp.",57,2.3,0.361727836017593,1.75587485567249,2025-06-16,"020502060504 Plunketts Creek"
"3732","PK0-BP","Sculpin spp.",64,2.82,0.450249108319361,1.80617997398389,2025-06-16,"020502060504 Plunketts Creek"
"3733","PK0-BP","Longnose Dace",88,7.07,0.849419413796899,1.94448267215017,2024-06-25,"020502060504 Plunketts Creek"
"3734","PK0-BP","Longnose Dace",98,8.85,0.946943270697825,1.99122607569249,2024-06-25,"020502060504 Plunketts Creek"
"3735","PK0-BP","Longnose Dace",69,2.79,0.445604203273598,1.83884909073726,2024-06-25,"020502060504 Plunketts Creek"
"3736","PK0-BP","Longnose Dace",76,4.38,0.6414741105041,1.88081359228079,2024-06-25,"020502060504 Plunketts Creek"
"3737","PK0-BP","Blacknose Dace",76,4.43,0.64640372622307,1.88081359228079,2024-06-25,"020502060504 Plunketts Creek"
"3738","PK0-BP","Blacknose Dace",41,0.54,-0.267606240177031,1.61278385671974,2024-06-25,"020502060504 Plunketts Creek"
"3739","PK0-BP","Blacknose Dace",55,1.56,0.193124598354462,1.74036268949424,2024-06-25,"020502060504 Plunketts Creek"
"3740","PK0-BP","Blacknose Dace",71,3.2,0.505149978319906,1.85125834871908,2024-06-25,"020502060504 Plunketts Creek"
"3741","PK0-BP","Bluegill",125,34.28,1.53504081325116,2.09691001300806,2024-06-25,"020502060504 Plunketts Creek"
"3742","PK0-BP","Bluegill",107,23.6,1.37291200297011,2.02938377768521,2024-06-25,"020502060504 Plunketts Creek"
"3743","PK0-BP","Sculpin spp.",63,3.3,0.518513939877887,1.79934054945358,2024-06-25,"020502060504 Plunketts Creek"
"3744","PK0-BP","Sculpin spp.",75,5.52,0.741939077729199,1.8750612633917,2024-06-25,"020502060504 Plunketts Creek"
"3745","PK0-BP","Sculpin spp.",64,2.86,0.456366033129043,1.80617997398389,2024-06-25,"020502060504 Plunketts Creek"
"3746","PK0-BP","Sculpin spp.",91,8.98,0.953276336667304,1.95904139232109,2024-06-25,"020502060504 Plunketts Creek"
"3747","PK0-BP","Sculpin spp.",20,0.06,-1.22184874961636,1.30102999566398,2024-06-25,"020502060504 Plunketts Creek"
"3748","PK0-BP","Common Shiner",107,10.19,1.00817418400643,2.02938377768521,2024-06-25,"020502060504 Plunketts Creek"
"3749","PK0-BP","Fantail Darter",62,2.25,0.352182518111362,1.79239168949825,2024-06-25,"020502060504 Plunketts Creek"
"3750","PK0-BP","Fantail Darter",63,2.6,0.414973347970818,1.79934054945358,2024-06-25,"020502060504 Plunketts Creek"
"3751","PK0-BP","Fantail Darter",68,2.78,0.444044795918076,1.83250891270624,2024-06-25,"020502060504 Plunketts Creek"
"3752","PK0-BP","Blacknose Dace",61,2.89,0.460897842756548,1.78532983501077,2024-06-25,"020502060504 Plunketts Creek"
"3753","PK0-BP","Blacknose Dace",63,2.37,0.374748346010104,1.79934054945358,2024-06-25,"020502060504 Plunketts Creek"
"3754","PK0-BP","Sculpin spp.",55,1.7,0.230448921378274,1.74036268949424,2023-06-13,"020502060504 Plunketts Creek"
"3755","PK0-BP","Sculpin spp.",57,2,0.301029995663981,1.75587485567249,2023-06-13,"020502060504 Plunketts Creek"
"3756","PK0-BP","Sculpin spp.",58,2,0.301029995663981,1.76342799356294,2023-06-13,"020502060504 Plunketts Creek"
"3757","PK0-BP","Sculpin spp.",61,2.4,0.380211241711606,1.78532983501077,2023-06-13,"020502060504 Plunketts Creek"
"3758","PK0-BP","Sculpin spp.",59,2.1,0.322219294733919,1.77085201164214,2023-06-13,"020502060504 Plunketts Creek"
"3759","PK0-BP","Sculpin spp.",57,2,0.301029995663981,1.75587485567249,2023-06-13,"020502060504 Plunketts Creek"
"3760","PK0-BP","Central Stoneroller",78,3.4,0.531478917042255,1.89209460269048,2023-06-13,"020502060504 Plunketts Creek"
"3761","PK0-BP","Central Stoneroller",107,11.9,1.07554696139253,2.02938377768521,2023-06-13,"020502060504 Plunketts Creek"
"3762","PK0-BP","Central Stoneroller",94,7.2,0.857332496431269,1.9731278535997,2023-06-13,"020502060504 Plunketts Creek"
"3763","PK0-BP","Sculpin spp.",55,1.7,0.230448921378274,1.74036268949424,2023-06-13,"020502060504 Plunketts Creek"
"3764","PK0-BP","Sculpin spp.",64,2.8,0.447158031342219,1.80617997398389,2023-06-13,"020502060504 Plunketts Creek"
"3765","PK0-BP","Central Stoneroller",80,4.3,0.633468455579587,1.90308998699194,2023-06-13,"020502060504 Plunketts Creek"
"3766","PK0-BP","Central Stoneroller",93,8.7,0.939519252618618,1.96848294855394,2023-06-13,"020502060504 Plunketts Creek"
"3767","PK0-BP","Central Stoneroller",83,3.7,0.568201724066995,1.91907809237607,2023-06-13,"020502060504 Plunketts Creek"
"3768","PK0-BP","Central Stoneroller",96,8.8,0.944482672150169,1.98227123303957,2023-06-13,"020502060504 Plunketts Creek"
"3769","PK0-BP","White Sucker",90,6.6,0.819543935541869,1.95424250943932,2023-06-13,"020502060504 Plunketts Creek"
"3770","PK0-BP","White Sucker",127,20.9,1.32014628611105,2.10380372095596,2023-06-13,"020502060504 Plunketts Creek"
"3771","PK0-BP","White Sucker",83,5.5,0.740362689494244,1.91907809237607,2023-06-13,"020502060504 Plunketts Creek"
"3772","PK0-BP","White Sucker",130,21.2,1.32633586092875,2.11394335230684,2023-06-13,"020502060504 Plunketts Creek"
"3773","PK0-BP","White Sucker",88,6,0.778151250383644,1.94448267215017,2023-06-13,"020502060504 Plunketts Creek"
"3774","PK0-BP","White Sucker",72,3.2,0.505149978319906,1.85733249643127,2023-06-13,"020502060504 Plunketts Creek"
"3776","PK0-BP","Creek Chub",63,2.7,0.431363764158987,1.79934054945358,2023-06-13,"020502060504 Plunketts Creek"
"3777","PK0-BP","Longnose Dace",66,2.1,0.322219294733919,1.81954393554187,2023-06-13,"020502060504 Plunketts Creek"
"3778","PK0-BP","Longnose Dace",72,2.9,0.462397997898956,1.85733249643127,2023-06-13,"020502060504 Plunketts Creek"
"3779","PK0-BP","Creek Chub",66,2.33,0.367355921026019,1.81954393554187,2024-06-25,"020502060504 Plunketts Creek"
"3780","PK0-BP","Creek Chub",91,8.23,0.91539983521227,1.95904139232109,2024-06-25,"020502060504 Plunketts Creek"
"3781","PK0-BP","Creek Chub",65,2.99,0.47567118832443,1.81291335664286,2024-06-25,"020502060504 Plunketts Creek"
"3782","PK0-BP","Creek Chub",57,2.01,0.303196057420489,1.75587485567249,2024-06-25,"020502060504 Plunketts Creek"
"3783","PK0-BP","Creek Chub",53,1.69,0.227886704613674,1.72427586960079,2024-06-25,"020502060504 Plunketts Creek"
"3784","PK0-BP","Creek Chub",64,2.26,0.354108439147401,1.80617997398389,2024-06-25,"020502060504 Plunketts Creek"
"3785","PK0-BP","Creek Chub",43,0.86,-0.0655015487564323,1.63346845557959,2024-06-25,"020502060504 Plunketts Creek"
"3786","PK0-BP","Creek Chub",63,2,0.301029995663981,1.79934054945358,2024-06-25,"020502060504 Plunketts Creek"
"3787","PK0-BP","Creek Chub",61,3.39,0.530199698203082,1.78532983501077,2024-06-25,"020502060504 Plunketts Creek"
"3788","PK0-BP","Creek Chub",59,3.02,0.480006942957151,1.77085201164214,2024-06-25,"020502060504 Plunketts Creek"
"3789","PK0-BP","Blacknose Dace",58,2,0.301029995663981,1.76342799356294,2023-06-13,"020502060504 Plunketts Creek"
"3790","PK0-BP","Sculpin spp.",67,3.1,0.491361693834273,1.82607480270083,2023-06-13,"020502060504 Plunketts Creek"
"3791","PK0-BP","Sculpin spp.",74,4.5,0.653212513775344,1.86923171973098,2023-06-13,"020502060504 Plunketts Creek"
"3792","PK0-BP","Sculpin spp.",53,1.6,0.204119982655925,1.72427586960079,2023-06-13,"020502060504 Plunketts Creek"
"3793","PK0-BP","Sculpin spp.",61,2.3,0.361727836017593,1.78532983501077,2023-06-13,"020502060504 Plunketts Creek"
"3794","PK0-BP","Sculpin spp.",57,1.7,0.230448921378274,1.75587485567249,2023-06-13,"020502060504 Plunketts Creek"
"3795","PK0-BP","Sculpin spp.",53,1.5,0.176091259055681,1.72427586960079,2023-06-13,"020502060504 Plunketts Creek"
"3796","PK0-BP","Sculpin spp.",61,2.1,0.322219294733919,1.78532983501077,2023-06-13,"020502060504 Plunketts Creek"
"3797","PK0-BP","Sculpin spp.",55,1.7,0.230448921378274,1.74036268949424,2023-06-13,"020502060504 Plunketts Creek"
"3798","PK0-BP","Longnose Dace",58,1.68,0.225309281725863,1.76342799356294,2025-06-16,"020502060504 Plunketts Creek"
"3799","PK0-BP","Longnose Dace",105,10.67,1.02816441942447,2.02118929906994,2025-06-16,"020502060504 Plunketts Creek"
"3800","PK0-BP","Longnose Dace",88,5.1,0.707570176097936,1.94448267215017,2025-06-16,"020502060504 Plunketts Creek"
"3801","PK0-BP","Longnose Dace",83,5.4,0.732393759822969,1.91907809237607,2025-06-16,"020502060504 Plunketts Creek"
"3802","PK0-BP","Longnose Dace",98,10.66,1.02775720469055,1.99122607569249,2025-06-16,"020502060504 Plunketts Creek"
"3803","PK0-BP","Longnose Dace",74,4.5,0.653212513775344,1.86923171973098,2025-06-16,"020502060504 Plunketts Creek"
"3804","PK0-BP","Longnose Dace",57,1.47,0.167317334748176,1.75587485567249,2025-06-16,"020502060504 Plunketts Creek"
"3805","PK0-BP","Central Stoneroller",82,6.18,0.790988475088816,1.91381385238372,2025-06-16,"020502060504 Plunketts Creek"
"3806","PK0-BP","Longnose Dace",78,4.78,0.679427896612119,1.89209460269048,2025-06-16,"020502060504 Plunketts Creek"
"3807","PK0-BP","Bluegill",139,54.48,1.73623709890473,2.14301480025409,2024-06-25,"020502060504 Plunketts Creek"
"3808","PK0-BP","Bluegill",119,30.33,1.48187241031066,2.07554696139253,2024-06-25,"020502060504 Plunketts Creek"
"3809","PK0-BP","Bluegill",135,42.89,1.63235604623907,2.13033376849501,2024-06-25,"020502060504 Plunketts Creek"
"3810","PK0-BP","Blacknose Dace",54,1.26,0.100370545117563,1.73239375982297,2025-06-16,"020502060504 Plunketts Creek"
"3811","PK0-BP","Blacknose Dace",46,0.9,-0.0457574905606751,1.66275783168157,2025-06-16,"020502060504 Plunketts Creek"
"3812","PK0-BP","Creek Chub",104,12.23,1.08742645703629,2.01703333929878,2025-06-16,"020502060504 Plunketts Creek"
"3813","PK0-BP","Blacknose Dace",45,0.82,-0.0861861476162833,1.65321251377534,2025-06-16,"020502060504 Plunketts Creek"
"3814","PK0-BP","Creek Chub",64,2.62,0.418301291319745,1.80617997398389,2025-06-16,"020502060504 Plunketts Creek"
"3815","PK0-BP","Creek Chub",63,2.73,0.436162647040756,1.79934054945358,2025-06-16,"020502060504 Plunketts Creek"
"3816","PK0-BP","Blacknose Dace",43,0.63,-0.200659450546418,1.63346845557959,2025-06-16,"020502060504 Plunketts Creek"
"3817","PK0-BP","Creek Chub",72,4.29,0.632457292184724,1.85733249643127,2025-06-16,"020502060504 Plunketts Creek"
"3818","PK0-BP","Creek Chub",81,6.24,0.795184589682424,1.90848501887865,2025-06-16,"020502060504 Plunketts Creek"
"3819","PK0-BP","Creek Chub",69,3.82,0.582063362911709,1.83884909073726,2025-06-16,"020502060504 Plunketts Creek"
"3820","PK0-BP","Creek Chub",50,1.37,0.136720567156407,1.69897000433602,2025-06-16,"020502060504 Plunketts Creek"
"3821","PK0-BP","Creek Chub",105,12.03,1.08026562733984,2.02118929906994,2025-06-16,"020502060504 Plunketts Creek"
"3822","PK0-BP","Blacknose Dace",41,0.64,-0.193820026016113,1.61278385671974,2025-06-16,"020502060504 Plunketts Creek"
"3823","PK0-BP","Blacknose Dace",43,0.7,-0.154901959985743,1.63346845557959,2025-06-16,"020502060504 Plunketts Creek"
"3824","PK0-BP","Blacknose Dace",56,1.59,0.201397124320452,1.7481880270062,2025-06-16,"020502060504 Plunketts Creek"
"3825","PK0-BP","Blacknose Dace",47,0.9,-0.0457574905606751,1.67209785793572,2025-06-16,"020502060504 Plunketts Creek"
"3826","PK0-BP","Blacknose Dace",34,0.3,-0.522878745280338,1.53147891704226,2025-06-16,"020502060504 Plunketts Creek"
"3827","PK0-BP","Creek Chub",52,1.4,0.146128035678238,1.7160033436348,2025-06-16,"020502060504 Plunketts Creek"
"3828","PK0-BP","Creek Chub",101,10.56,1.02366391819779,2.00432137378264,2025-06-16,"020502060504 Plunketts Creek"
"3829","PK0-BP","Creek Chub",74,4.2,0.6232492903979,1.86923171973098,2025-06-16,"020502060504 Plunketts Creek"
"3830","PK0-BP","Bluegill",111,23.37,1.36865871239223,2.04532297878666,2024-06-25,"020502060504 Plunketts Creek"
"3831","PK0-BP","Bluegill",133,45.84,1.66124460895933,2.12385164096709,2024-06-25,"020502060504 Plunketts Creek"
"3832","PK0-BP","Bluegill",159,70,1.84509804001426,2.20139712432045,2024-06-25,"020502060504 Plunketts Creek"
"3833","PK0-BP","Bluegill",140,49.6,1.6954816764902,2.14612803567824,2024-06-25,"020502060504 Plunketts Creek"
"3834","PK0-BP","Bluegill",124,32.41,1.51067903103221,2.09342168516224,2024-06-25,"020502060504 Plunketts Creek"
"3835","PK0-BP","Bluegill",141,49.82,1.69740372320049,2.14921911265538,2024-06-25,"020502060504 Plunketts Creek"
"3836","PK0-BP","Bluegill",137,48.94,1.68966396501577,2.13672056715641,2024-06-25,"020502060504 Plunketts Creek"
"3837","PK0-BP","Bluegill",60,3.45,0.537819095073274,1.77815125038364,2024-06-25,"020502060504 Plunketts Creek"
"3838","PK0-BP","Bluegill",117,29.25,1.4661258704182,2.06818586174616,2024-06-25,"020502060504 Plunketts Creek"
"3839","PK0-BP","Bluegill",135,41.7,1.62013605497376,2.13033376849501,2024-06-25,"020502060504 Plunketts Creek"
"3840","PK0-BP","Bluegill",93,14.35,1.15685190107001,1.96848294855394,2024-06-25,"020502060504 Plunketts Creek"
"3841","PK0-BP","Creek Chub",65,2.77,0.442479769064449,1.81291335664286,2024-06-25,"020502060504 Plunketts Creek"
"3842","PK0-BP","Longnose Dace",64,1.29,0.110589710299249,1.80617997398389,2024-06-25,"020502060504 Plunketts Creek"
"3843","PK0-BP","Longnose Dace",86,5.4,0.732393759822969,1.93449845124357,2024-06-25,"020502060504 Plunketts Creek"
"3844","PK0-BP","Longnose Dace",95,7.72,0.887617300335736,1.97772360528885,2024-06-25,"020502060504 Plunketts Creek"
"3845","PK0-BP","Longnose Dace",82,4.65,0.667452952889954,1.91381385238372,2024-06-25,"020502060504 Plunketts Creek"
"3846","PK0-BP","Longnose Dace",79,4.56,0.658964842664435,1.89762709129044,2024-06-25,"020502060504 Plunketts Creek"
"3847","PK0-BP","Longnose Dace",64,2.07,0.315970345456918,1.80617997398389,2024-06-25,"020502060504 Plunketts Creek"
"3848","PK0-BP","Longnose Dace",87,6.18,0.790988475088816,1.93951925261862,2024-06-25,"020502060504 Plunketts Creek"
"3849","PK0-BP","Longnose Dace",86,6.84,0.835056101720116,1.93449845124357,2024-06-25,"020502060504 Plunketts Creek"
"3850","PK0-BP","Longnose Dace",75,3.48,0.541579243946581,1.8750612633917,2024-06-25,"020502060504 Plunketts Creek"
"3851","PK0-BP","Longnose Dace",67,2.53,0.403120521175818,1.82607480270083,2024-06-25,"020502060504 Plunketts Creek"
"3852","PK0-BP","Longnose Dace",68,2.53,0.403120521175818,1.83250891270624,2024-06-25,"020502060504 Plunketts Creek"
"3853","PK0-BP","Longnose Dace",86,5.54,0.74350976472843,1.93449845124357,2024-06-25,"020502060504 Plunketts Creek"
"3854","PK0-BP","Creek Chub",43,0.7,-0.154901959985743,1.63346845557959,2023-06-13,"020502060504 Plunketts Creek"
"3855","PK0-BP","Creek Chub",44,0.8,-0.0969100130080564,1.64345267648619,2023-06-13,"020502060504 Plunketts Creek"
"3856","PK0-BP","Creek Chub",54,1.4,0.146128035678238,1.73239375982297,2023-06-13,"020502060504 Plunketts Creek"
"3857","PK0-BP","Creek Chub",48,1.2,0.0791812460476248,1.68124123737559,2023-06-13,"020502060504 Plunketts Creek"
"3858","PK0-BP","Creek Chub",37,0.5,-0.301029995663981,1.56820172406699,2023-06-13,"020502060504 Plunketts Creek"
"3859","PK0-BP","Creek Chub",42,0.7,-0.154901959985743,1.6232492903979,2023-06-13,"020502060504 Plunketts Creek"
"3860","PK0-BP","Creek Chub",30,0.2,-0.698970004336019,1.47712125471966,2023-06-13,"020502060504 Plunketts Creek"
"3861","PK0-BP","Creek Chub",72,4.2,0.6232492903979,1.85733249643127,2023-06-13,"020502060504 Plunketts Creek"
"3862","PK0-BP","Creek Chub",55,1.3,0.113943352306837,1.74036268949424,2023-06-13,"020502060504 Plunketts Creek"
"3863","PK0-BP","Creek Chub",40,0.5,-0.301029995663981,1.60205999132796,2023-06-13,"020502060504 Plunketts Creek"
"3864","PK0-BP","Creek Chub",109,14.2,1.15228834438306,2.03742649794062,2023-06-13,"020502060504 Plunketts Creek"
"3865","PK0-BP","Creek Chub",68,3.3,0.518513939877887,1.83250891270624,2023-06-13,"020502060504 Plunketts Creek"
"3866","PK0-BP","Creek Chub",42,0.7,-0.154901959985743,1.6232492903979,2023-06-13,"020502060504 Plunketts Creek"
"3867","PK0-BP","Creek Chub",42,0.7,-0.154901959985743,1.6232492903979,2023-06-13,"020502060504 Plunketts Creek"
"3868","PK0-BP","Creek Chub",63,2.8,0.447158031342219,1.79934054945358,2023-06-13,"020502060504 Plunketts Creek"
"3869","PK0-BP","Creek Chub",50,1.2,0.0791812460476248,1.69897000433602,2023-06-13,"020502060504 Plunketts Creek"
"3870","PK0-BP","Sculpin spp.",60,2.6,0.414973347970818,1.77815125038364,2023-06-13,"020502060504 Plunketts Creek"
"3871","PK0-BP","Creek Chub",65,2.8,0.447158031342219,1.81291335664286,2023-06-13,"020502060504 Plunketts Creek"
"3872","PK0-BP","Creek Chub",62,2.6,0.414973347970818,1.79239168949825,2023-06-13,"020502060504 Plunketts Creek"
"3873","PK0-BP","Sculpin spp.",48,1.1,0.0413926851582251,1.68124123737559,2023-06-13,"020502060504 Plunketts Creek"
"3874","PK0-BP","Sculpin spp.",55,2,0.301029995663981,1.74036268949424,2023-06-13,"020502060504 Plunketts Creek"
"3875","PK0-BP","Creek Chub",63,2.5,0.397940008672038,1.79934054945358,2024-06-25,"020502060504 Plunketts Creek"
"3876","PK0-BP","Creek Chub",61,2.3,0.361727836017593,1.78532983501077,2024-06-25,"020502060504 Plunketts Creek"
"3877","PK0-BP","Creek Chub",62,2.34,0.369215857410143,1.79239168949825,2024-06-25,"020502060504 Plunketts Creek"
"3878","PK0-BP","Creek Chub",54,1.65,0.217483944213906,1.73239375982297,2024-06-25,"020502060504 Plunketts Creek"
"3879","PK0-BP","Sculpin spp.",62,2.4,0.380211241711606,1.79239168949825,2023-06-13,"020502060504 Plunketts Creek"
"3880","PK0-BP","Sculpin spp.",68,3.6,0.556302500767287,1.83250891270624,2023-06-13,"020502060504 Plunketts Creek"
"3881","PK0-BP","Blacknose Dace",56,1.5,0.176091259055681,1.7481880270062,2023-06-13,"020502060504 Plunketts Creek"
"3882","PK0-BP","Blacknose Dace",71,2.8,0.447158031342219,1.85125834871908,2023-06-13,"020502060504 Plunketts Creek"
"3883","PK0-BP","Blacknose Dace",64,2.3,0.361727836017593,1.80617997398389,2023-06-13,"020502060504 Plunketts Creek"
"3884","PK0-BP","Blacknose Dace",63,2.2,0.342422680822206,1.79934054945358,2023-06-13,"020502060504 Plunketts Creek"
"3885","PK0-BP","Blacknose Dace",33,0.3,-0.522878745280338,1.51851393987789,2023-06-13,"020502060504 Plunketts Creek"
"3886","PK0-BP","Blacknose Dace",47,0.8,-0.0969100130080564,1.67209785793572,2023-06-13,"020502060504 Plunketts Creek"
"3887","PK0-BP","Blacknose Dace",73,3.6,0.556302500767287,1.86332286012046,2023-06-13,"020502060504 Plunketts Creek"
"3888","PK0-BP","Longnose Dace",56,1.3,0.113943352306837,1.7481880270062,2025-06-16,"020502060504 Plunketts Creek"
"3889","PK0-BP","Longnose Dace",90,7.7,0.886490725172482,1.95424250943932,2025-06-16,"020502060504 Plunketts Creek"
"3890","PK0-BP","Longnose Dace",61,2.06,0.313867220369153,1.78532983501077,2025-06-16,"020502060504 Plunketts Creek"
"3891","PK0-BP","Bluegill",93,15.59,1.19284611518884,1.96848294855394,2024-06-25,"020502060504 Plunketts Creek"
"3892","PK0-BP","Blacknose Dace",61,2.07,0.315970345456918,1.78532983501077,2024-06-25,"020502060504 Plunketts Creek"
"3893","PK0-BP","Blacknose Dace",70,2.99,0.47567118832443,1.84509804001426,2024-06-25,"020502060504 Plunketts Creek"
"3894","PK0-BP","Blacknose Dace",44,0.68,-0.167491087293764,1.64345267648619,2024-06-25,"020502060504 Plunketts Creek"
"3895","PK0-BP","Blacknose Dace",52,1.3,0.113943352306837,1.7160033436348,2024-06-25,"020502060504 Plunketts Creek"
"3896","PK0-BP","Blacknose Dace",74,3.59,0.555094448578319,1.86923171973098,2024-06-25,"020502060504 Plunketts Creek"
"3897","PK0-BP","Blacknose Dace",40,0.61,-0.214670164989233,1.60205999132796,2024-06-25,"020502060504 Plunketts Creek"
"3898","PK0-BP","Blacknose Dace",49,0.97,-0.0132282657337552,1.69019608002851,2024-06-25,"020502060504 Plunketts Creek"
"3899","PK0-BP","Bluegill",95,14.44,1.15956719323362,1.97772360528885,2024-06-25,"020502060504 Plunketts Creek"
"3900","PK0-BP","Longnose Dace",52,0.8,-0.0969100130080564,1.7160033436348,2023-06-13,"020502060504 Plunketts Creek"
"3901","PK0-BP","Creek Chub",70,3.1,0.491361693834273,1.84509804001426,2023-06-13,"020502060504 Plunketts Creek"
"3902","PK0-BP","Creek Chub",48,1.2,0.0791812460476248,1.68124123737559,2023-06-13,"020502060504 Plunketts Creek"
"3903","PK0-BP","Creek Chub",61,2.3,0.361727836017593,1.78532983501077,2023-06-13,"020502060504 Plunketts Creek"
"3904","PK0-BP","Creek Chub",43,0.8,-0.0969100130080564,1.63346845557959,2023-06-13,"020502060504 Plunketts Creek"
"3905","PK0-BP","Creek Chub",40,0.6,-0.221848749616356,1.60205999132796,2023-06-13,"020502060504 Plunketts Creek"
"3906","PK0-BP","Creek Chub",92,8.5,0.929418925714293,1.96378782734556,2023-06-13,"020502060504 Plunketts Creek"
"3907","PK0-BP","Central Stoneroller",82,4.2,0.6232492903979,1.91381385238372,2023-06-13,"020502060504 Plunketts Creek"
"3908","PK0-BP","Central Stoneroller",82,4.6,0.662757831681574,1.91381385238372,2023-06-13,"020502060504 Plunketts Creek"
"3909","PK0-BP","Longnose Dace",106,10.3,1.01283722470517,2.02530586526477,2023-06-13,"020502060504 Plunketts Creek"
"3910","PK0-BP","Longnose Dace",70,2.6,0.414973347970818,1.84509804001426,2023-06-13,"020502060504 Plunketts Creek"
"3911","PK0-BP","Creek Chub",79,5.16,0.712649701627211,1.89762709129044,2024-06-25,"020502060504 Plunketts Creek"
"3912","PK0-BP","Creek Chub",62,2.32,0.3654879848909,1.79239168949825,2024-06-25,"020502060504 Plunketts Creek"
"3913","PK0-BP","Creek Chub",62,2.68,0.428134794028789,1.79239168949825,2024-06-25,"020502060504 Plunketts Creek"
"3914","PK0-BP","Creek Chub",53,1.61,0.20682587603185,1.72427586960079,2024-06-25,"020502060504 Plunketts Creek"
"3915","PK0-BP","Blacknose Dace",51,0.9,-0.0457574905606751,1.70757017609794,2023-06-13,"020502060504 Plunketts Creek"
"3916","PK0-BP","Blacknose Dace",57,1.5,0.176091259055681,1.75587485567249,2023-06-13,"020502060504 Plunketts Creek"
"3917","PK0-BP","Blacknose Dace",59,1.6,0.204119982655925,1.77085201164214,2023-06-13,"020502060504 Plunketts Creek"
"3918","PK0-BP","Blacknose Dace",66,2.3,0.361727836017593,1.81954393554187,2023-06-13,"020502060504 Plunketts Creek"
"3919","PK0-BP","Blacknose Dace",60,1.7,0.230448921378274,1.77815125038364,2023-06-13,"020502060504 Plunketts Creek"
"3920","PK0-BP","Blacknose Dace",60,2,0.301029995663981,1.77815125038364,2023-06-13,"020502060504 Plunketts Creek"
"3921","PK0-BP","Sculpin spp.",63,2.8,0.447158031342219,1.79934054945358,2023-06-13,"020502060504 Plunketts Creek"
"3922","PK0-BP","Longnose Dace",79,4.35,0.638489256954637,1.89762709129044,2024-06-25,"020502060504 Plunketts Creek"
"3923","PK0-BP","Sculpin spp.",56,1.7,0.230448921378274,1.7481880270062,2023-06-13,"020502060504 Plunketts Creek"
"3924","PK0-BP","Sculpin spp.",57,2,0.301029995663981,1.75587485567249,2023-06-13,"020502060504 Plunketts Creek"
"3925","PK0-BP","Blacknose Dace",60,1.9,0.278753600952829,1.77815125038364,2023-06-13,"020502060504 Plunketts Creek"
"3926","PK0-BP","Blacknose Dace",55,1.5,0.176091259055681,1.74036268949424,2023-06-13,"020502060504 Plunketts Creek"
"3927","PK0-BP","Sculpin spp.",58,1.9,0.278753600952829,1.76342799356294,2023-06-13,"020502060504 Plunketts Creek"
"3928","PK0-BP","Sculpin spp.",55,1.6,0.204119982655925,1.74036268949424,2023-06-13,"020502060504 Plunketts Creek"
"3929","PK0-BP","Sculpin spp.",60,1.8,0.255272505103306,1.77815125038364,2023-06-13,"020502060504 Plunketts Creek"
"3930","PK0-BP","Creek Chub",37,0.5,-0.301029995663981,1.56820172406699,2023-06-13,"020502060504 Plunketts Creek"
"3931","PK0-BP","Creek Chub",54,1.7,0.230448921378274,1.73239375982297,2023-06-13,"020502060504 Plunketts Creek"
"3932","PK0-BP","Creek Chub",56,1.6,0.204119982655925,1.7481880270062,2023-06-13,"020502060504 Plunketts Creek"
"3933","PK0-BP","Creek Chub",59,2.1,0.322219294733919,1.77085201164214,2023-06-13,"020502060504 Plunketts Creek"
"3934","PK0-BP","Creek Chub",41,0.5,-0.301029995663981,1.61278385671974,2023-06-13,"020502060504 Plunketts Creek"
"3935","PK0-BP","Longnose Dace",68,2.7,0.431363764158987,1.83250891270624,2023-06-13,"020502060504 Plunketts Creek"
"3936","PK0-BP","Longnose Dace",67,2.34,0.369215857410143,1.82607480270083,2023-06-13,"020502060504 Plunketts Creek"
"3937","PK0-BP","Longnose Dace",75,3.1,0.491361693834273,1.8750612633917,2023-06-13,"020502060504 Plunketts Creek"
"3938","PK0-BP","Longnose Dace",74,3.3,0.518513939877887,1.86923171973098,2023-06-13,"020502060504 Plunketts Creek"
"3939","PK0-BP","Longnose Dace",51,0.9,-0.0457574905606751,1.70757017609794,2023-06-13,"020502060504 Plunketts Creek"
"3940","PK0-BP","Blacknose Dace",47,0.95,-0.0222763947111523,1.67209785793572,2024-06-25,"020502060504 Plunketts Creek"
"3941","PK0-BP","Blacknose Dace",69,3.17,0.501059262217751,1.83884909073726,2024-06-25,"020502060504 Plunketts Creek"
"3942","PK0-BP","Blacknose Dace",46,0.8,-0.0969100130080564,1.66275783168157,2024-06-25,"020502060504 Plunketts Creek"
"3943","PK0-BP","Blacknose Dace",65,4.4,0.643452676486187,1.81291335664286,2024-06-25,"020502060504 Plunketts Creek"
"3944","PK0-BP","Blacknose Dace",65,2.35,0.371067862271736,1.81291335664286,2024-06-25,"020502060504 Plunketts Creek"
"3945","PK0-BP","Bluegill",96,15.57,1.19228861256812,1.98227123303957,2024-06-25,"020502060504 Plunketts Creek"
"3946","PK0-BP","Bluegill",137,45.98,1.66256896693326,2.13672056715641,2024-06-25,"020502060504 Plunketts Creek"
"3947","PK0-BP","Bluegill",125,32.52,1.51215053692203,2.09691001300806,2024-06-25,"020502060504 Plunketts Creek"
"3948","PK0-BP","Bluegill",119,28.72,1.45818443557026,2.07554696139253,2024-06-25,"020502060504 Plunketts Creek"
"3949","PK0-BP","Bluegill",130,37.66,1.57588031568065,2.11394335230684,2024-06-25,"020502060504 Plunketts Creek"
"3950","PK0-BP","Bluegill",107,24.6,1.39093510710338,2.02938377768521,2024-06-25,"020502060504 Plunketts Creek"
"3951","PK0-BP","Sculpin spp.",51,1.5,0.176091259055681,1.70757017609794,2023-06-13,"020502060504 Plunketts Creek"
"3952","PK0-BP","Sculpin spp.",64,2.8,0.447158031342219,1.80617997398389,2023-06-13,"020502060504 Plunketts Creek"
"3953","PK0-BP","Blacknose Dace",53,1.3,0.113943352306837,1.72427586960079,2023-06-13,"020502060504 Plunketts Creek"
"3954","PK0-BP","Blacknose Dace",59,1.6,0.204119982655925,1.77085201164214,2023-06-13,"020502060504 Plunketts Creek"
"3955","PK0-BP","Longnose Dace",54,1.4,0.146128035678238,1.73239375982297,2023-06-13,"020502060504 Plunketts Creek"
"3956","PK0-BP","Central Stoneroller",93,7,0.845098040014257,1.96848294855394,2023-06-13,"020502060504 Plunketts Creek"
"3957","PK0-BP","Central Stoneroller",97,7.8,0.89209460269048,1.98677173426624,2023-06-13,"020502060504 Plunketts Creek"
"3958","PK0-BP","Longnose Dace",65,2.2,0.342422680822206,1.81291335664286,2023-06-13,"020502060504 Plunketts Creek"
"3959","PK0-BP","Central Stoneroller",84,5.9,0.770852011642144,1.92427928606188,2023-06-13,"020502060504 Plunketts Creek"
"3960","PK0-BP","Creek Chub",53,2.1,0.322219294733919,1.72427586960079,2024-06-25,"020502060504 Plunketts Creek"
"3961","PK0-BP","Creek Chub",52,1.36,0.133538908370218,1.7160033436348,2024-06-25,"020502060504 Plunketts Creek"
"3962","PK0-BP","Creek Chub",70,3.67,0.564666064252089,1.84509804001426,2024-06-25,"020502060504 Plunketts Creek"
"3963","PK0-BP","Creek Chub",52,1.46,0.164352855784437,1.7160033436348,2024-06-25,"020502060504 Plunketts Creek"
"3964","PK0-BP","Creek Chub",70,3.73,0.571708831808688,1.84509804001426,2024-06-25,"020502060504 Plunketts Creek"
"3965","PK0-BP","Sculpin spp.",73,4.68,0.670245853074124,1.86332286012046,2024-06-25,"020502060504 Plunketts Creek"
"3966","PK0-BP","Sculpin spp.",79,5.2,0.716003343634799,1.89762709129044,2024-06-25,"020502060504 Plunketts Creek"
"3967","PK0-BP","Sculpin spp.",101,13.94,1.14426277376199,2.00432137378264,2024-06-25,"020502060504 Plunketts Creek"
"3968","PK0-BP","Sculpin spp.",82,6.11,0.786041210242554,1.91381385238372,2024-06-25,"020502060504 Plunketts Creek"
"3969","PK0-BP","Blacknose Dace",68,2.7,0.431363764158987,1.83250891270624,2023-06-13,"020502060504 Plunketts Creek"
"3970","PK0-BP","Longnose Dace",65,2.1,0.322219294733919,1.81291335664286,2023-06-13,"020502060504 Plunketts Creek"
"3971","PK0-BP","Longnose Dace",67,2.5,0.397940008672038,1.82607480270083,2023-06-13,"020502060504 Plunketts Creek"
"3972","PK0-BP","Longnose Dace",71,2.9,0.462397997898956,1.85125834871908,2023-06-13,"020502060504 Plunketts Creek"
"3973","PK0-BP","Longnose Dace",65,2.3,0.361727836017593,1.81291335664286,2023-06-13,"020502060504 Plunketts Creek"
"3974","PK0-BP","Longnose Dace",44,0.6,-0.221848749616356,1.64345267648619,2023-06-13,"020502060504 Plunketts Creek"
"3975","PK0-BP","Sculpin spp.",61,2.9,0.462397997898956,1.78532983501077,2024-06-25,"020502060504 Plunketts Creek"
"3976","PK0-BP","Sculpin spp.",60,3,0.477121254719662,1.77815125038364,2024-06-25,"020502060504 Plunketts Creek"
"3977","PK0-BP","Sculpin spp.",64,3.32,0.521138083704036,1.80617997398389,2024-06-25,"020502060504 Plunketts Creek"
"3978","PK0-BP","Sculpin spp.",96,10.82,1.03422726077055,1.98227123303957,2024-06-25,"020502060504 Plunketts Creek"
"3979","PK0-BP","Sculpin spp.",66,3.31,0.519827993775719,1.81954393554187,2024-06-25,"020502060504 Plunketts Creek"
"3980","PK0-BP","Longnose Dace",96,8.5,0.929418925714293,1.98227123303957,2023-06-13,"020502060504 Plunketts Creek"
"3981","PK0-BP","Longnose Dace",70,2.6,0.414973347970818,1.84509804001426,2023-06-13,"020502060504 Plunketts Creek"
"3982","PK0-BP","Longnose Dace",51,1.1,0.0413926851582251,1.70757017609794,2023-06-13,"020502060504 Plunketts Creek"
"3983","PK0-BP","Longnose Dace",72,2.9,0.462397997898956,1.85733249643127,2023-06-13,"020502060504 Plunketts Creek"
"3984","PK0-BP","Longnose Dace",68,2.4,0.380211241711606,1.83250891270624,2023-06-13,"020502060504 Plunketts Creek"
"3985","PK0-BP","Longnose Dace",71,2.7,0.431363764158987,1.85125834871908,2023-06-13,"020502060504 Plunketts Creek"
"3986","PK0-BP","Longnose Dace",110,11.8,1.07188200730613,2.04139268515822,2023-06-13,"020502060504 Plunketts Creek"
"3987","PK0-BP","Longnose Dace",68,2.5,0.397940008672038,1.83250891270624,2023-06-13,"020502060504 Plunketts Creek"
"3988","PK0-BP","Longnose Dace",51,1,0,1.70757017609794,2023-06-13,"020502060504 Plunketts Creek"
"3989","PK0-BP","Longnose Dace",59,1.3,0.113943352306837,1.77085201164214,2023-06-13,"020502060504 Plunketts Creek"
"3990","PK0-BP","Blacknose Dace",66,2.5,0.397940008672038,1.81954393554187,2023-06-13,"020502060504 Plunketts Creek"
"3991","PK0-BP","Blacknose Dace",57,1.6,0.204119982655925,1.75587485567249,2023-06-13,"020502060504 Plunketts Creek"
"3992","PK0-BP","Longnose Dace",87,5.9,0.770852011642144,1.93951925261862,2023-06-13,"020502060504 Plunketts Creek"
"3993","PK0-BP","Longnose Dace",71,2.6,0.414973347970818,1.85125834871908,2023-06-13,"020502060504 Plunketts Creek"
"3994","PK0-BP","Longnose Dace",66,2.4,0.380211241711606,1.81954393554187,2023-06-13,"020502060504 Plunketts Creek"
"3995","PK0-BP","Longnose Dace",72,3.2,0.505149978319906,1.85733249643127,2024-06-25,"020502060504 Plunketts Creek"
"3996","PK0-BP","Longnose Dace",66,2.36,0.372912002970107,1.81954393554187,2024-06-25,"020502060504 Plunketts Creek"
"3997","PK0-BP","White Sucker",85,6.05,0.781755374652469,1.92941892571429,2024-06-25,"020502060504 Plunketts Creek"
"3998","PK0-BP","Longnose Dace",72,3.26,0.513217600067939,1.85733249643127,2024-06-25,"020502060504 Plunketts Creek"
"3999","PK0-BP","Longnose Dace",90,6.92,0.840106094456758,1.95424250943932,2024-06-25,"020502060504 Plunketts Creek"
"4000","PK0-BP","Longnose Dace",76,3.66,0.563481085394411,1.88081359228079,2024-06-25,"020502060504 Plunketts Creek"
"4001","PK0-BP","Longnose Dace",54,1.32,0.12057393120585,1.73239375982297,2024-06-25,"020502060504 Plunketts Creek"
"4002","PK0-BP","Longnose Dace",85,5.32,0.725911632295048,1.92941892571429,2024-06-25,"020502060504 Plunketts Creek"
"4003","PK0-BP","Sculpin spp.",59,2.24,0.350248018334163,1.77085201164214,2024-06-25,"020502060504 Plunketts Creek"
"4004","PK0-BP","Sculpin spp.",72,4.44,0.64738297011462,1.85733249643127,2024-06-25,"020502060504 Plunketts Creek"
"4005","PK0-BP","Longnose Dace",82,4.12,0.614897216033135,1.91381385238372,2024-06-25,"020502060504 Plunketts Creek"
"4006","PK0-BP","Longnose Dace",74,3.43,0.535294120042771,1.86923171973098,2024-06-25,"020502060504 Plunketts Creek"
"4007","PK0-BP","Sculpin spp.",59,2.27,0.356025857193123,1.77085201164214,2024-06-25,"020502060504 Plunketts Creek"
"4008","PK0-BP","Sculpin spp.",82,5.99,0.777426822389311,1.91381385238372,2024-06-25,"020502060504 Plunketts Creek"
"4009","PK0-BP","Sculpin spp.",84,7.06,0.848804701051804,1.92427928606188,2024-06-25,"020502060504 Plunketts Creek"
"4010","PK0-BP","Sculpin spp.",91,8.5,0.929418925714293,1.95904139232109,2024-06-25,"020502060504 Plunketts Creek"
"4011","PK0-BP","Sculpin spp.",65,3.06,0.48572142648158,1.81291335664286,2024-06-25,"020502060504 Plunketts Creek"
"4012","PK0-BP","Sculpin spp.",62,2.36,0.372912002970107,1.79239168949825,2024-06-25,"020502060504 Plunketts Creek"
"4013","PK0-BP","Sculpin spp.",91,8.65,0.937016107464814,1.95904139232109,2024-06-25,"020502060504 Plunketts Creek"
"4014","PK0-BP","Sculpin spp.",84,7.92,0.898725181589494,1.92427928606188,2024-06-25,"020502060504 Plunketts Creek"
"4015","PK0-BP","Sculpin spp.",23,0.13,-0.886056647693163,1.36172783601759,2024-06-25,"020502060504 Plunketts Creek"
"4016","PK0-BP","Longnose Dace",75,3.51,0.545307116465824,1.8750612633917,2024-06-25,"020502060504 Plunketts Creek"
"4017","PK0-BP","Longnose Dace",93,8,0.903089986991944,1.96848294855394,2024-06-25,"020502060504 Plunketts Creek"
"4018","PK0-BP","Sculpin spp.",74,4.52,0.655138434811382,1.86923171973098,2024-06-25,"020502060504 Plunketts Creek"
"4019","PK0-BP","Sculpin spp.",67,3.85,0.585460729508501,1.82607480270083,2024-06-25,"020502060504 Plunketts Creek"
"4020","PK0-BP","Sculpin spp.",76,5.23,0.718501688867274,1.88081359228079,2024-06-25,"020502060504 Plunketts Creek"
"4021","PK0-BP","Sculpin spp.",89,7.33,0.865103974641128,1.94939000664491,2024-06-25,"020502060504 Plunketts Creek"
"4022","PK0-BP","Sculpin spp.",87,8.31,0.919601023784111,1.93951925261862,2024-06-25,"020502060504 Plunketts Creek"
"4023","PK0-BP","Longnose Dace",89,6.24,0.795184589682424,1.94939000664491,2024-06-25,"020502060504 Plunketts Creek"
"4024","PK0-KC","Longnose Dace",50,0.99,-0.00436480540245009,1.69897000433602,2025-06-16,"020502060504 Plunketts Creek"
"4025","PK0-KC","Longnose Dace",56,1.62,0.209515014542631,1.7481880270062,2025-06-16,"020502060504 Plunketts Creek"
"4026","PK0-KC","Sculpin spp.",55,1.94,0.287801729930226,1.74036268949424,2025-06-16,"020502060504 Plunketts Creek"
"4027","PK0-KC","Sculpin spp.",65,3.34,0.523746466811564,1.81291335664286,2025-06-16,"020502060504 Plunketts Creek"
"4028","PK0-KC","Blacknose Dace",42,0.63,-0.200659450546418,1.6232492903979,2025-06-16,"020502060504 Plunketts Creek"
"4029","PK0-KC","Longnose Dace",67,2.55,0.406540180433955,1.82607480270083,2025-06-16,"020502060504 Plunketts Creek"
"4030","PK0-KC","Blacknose Dace",39,0.52,-0.283996656365201,1.5910646070265,2025-06-16,"020502060504 Plunketts Creek"
"4031","PK0-KC","Longnose Dace",61,1.88,0.27415784926368,1.78532983501077,2025-06-16,"020502060504 Plunketts Creek"
"4032","PK0-KC","Longnose Dace",59,1.6,0.204119982655925,1.77085201164214,2025-06-16,"020502060504 Plunketts Creek"
"4033","PK0-KC","Blacknose Dace",59,1.96,0.292256071356476,1.77085201164214,2025-06-16,"020502060504 Plunketts Creek"
"4034","PK0-KC","Sculpin spp.",56,1.88,0.27415784926368,1.7481880270062,2025-06-16,"020502060504 Plunketts Creek"
"4035","PK0-KC","Longnose Dace",86,5.42,0.733999286538387,1.93449845124357,2025-06-16,"020502060504 Plunketts Creek"
"4036","PK0-KC","Longnose Dace",56,1.45,0.161368002234975,1.7481880270062,2025-06-16,"020502060504 Plunketts Creek"
"4037","PK0-KC","Longnose Dace",50,1.05,0.0211892990699381,1.69897000433602,2025-06-16,"020502060504 Plunketts Creek"
"4038","PK0-KC","Longnose Dace",98,8.17,0.912222056532416,1.99122607569249,2025-06-16,"020502060504 Plunketts Creek"
"4039","PK0-KC","Longnose Dace",82,5.25,0.720159303405957,1.91381385238372,2025-06-16,"020502060504 Plunketts Creek"
"4040","PK0-KC","Longnose Dace",71,3.53,0.547774705387823,1.85125834871908,2025-06-16,"020502060504 Plunketts Creek"
"4041","PK0-KC","Longnose Dace",47,1.01,0.00432137378264258,1.67209785793572,2025-06-16,"020502060504 Plunketts Creek"
"4042","PK0-KC","Longnose Dace",52,1.1,0.0413926851582251,1.7160033436348,2025-06-16,"020502060504 Plunketts Creek"
"4043","PK0-KC","Longnose Dace",61,2,0.301029995663981,1.78532983501077,2022-06-21,"020502060504 Plunketts Creek"
"4044","PK0-KC","Longnose Dace",55,1.6,0.204119982655925,1.74036268949424,2022-06-21,"020502060504 Plunketts Creek"
"4045","PK0-KC","Sculpin spp.",62,2.8,0.447158031342219,1.79239168949825,2022-06-21,"020502060504 Plunketts Creek"
"4046","PK0-KC","Sculpin spp.",57,2.04,0.309630167425899,1.75587485567249,2025-06-16,"020502060504 Plunketts Creek"
"4047","PK0-KC","Sculpin spp.",60,2.2,0.342422680822206,1.77815125038364,2022-06-21,"020502060504 Plunketts Creek"
"4048","PK0-KC","Sculpin spp.",66,3.2,0.505149978319906,1.81954393554187,2022-06-21,"020502060504 Plunketts Creek"
"4049","PK0-KC","Sculpin spp.",70,4.8,0.681241237375587,1.84509804001426,2022-06-21,"020502060504 Plunketts Creek"
"4050","PK0-KC","Sculpin spp.",60,2.84,0.453318340047038,1.77815125038364,2025-06-16,"020502060504 Plunketts Creek"
"4051","PK0-KC","Sculpin spp.",54,1.63,0.212187604403958,1.73239375982297,2025-06-16,"020502060504 Plunketts Creek"
"4052","PK0-KC","Sculpin spp.",60,2.2,0.342422680822206,1.77815125038364,2025-06-16,"020502060504 Plunketts Creek"
"4053","PK0-KC","Creek Chub",111,13.53,1.13129779659762,2.04532297878666,2025-06-16,"020502060504 Plunketts Creek"
"4054","PK0-KC","Creek Chub",62,2.67,0.426511261364575,1.79239168949825,2025-06-16,"020502060504 Plunketts Creek"
"4055","PK0-KC","Blacknose Dace",60,1.97,0.294466226161593,1.77815125038364,2025-06-16,"020502060504 Plunketts Creek"
"4056","PK0-KC","Blacknose Dace",36,0.42,-0.3767507096021,1.55630250076729,2025-06-16,"020502060504 Plunketts Creek"
"4057","PK0-KC","Blacknose Dace",34,0.36,-0.443697499232713,1.53147891704226,2025-06-16,"020502060504 Plunketts Creek"
"4058","PK0-KC","Blacknose Dace",39,0.48,-0.318758762624413,1.5910646070265,2025-06-16,"020502060504 Plunketts Creek"
"4059","PK0-KC","Sculpin spp.",70,4.3,0.633468455579587,1.84509804001426,2022-06-21,"020502060504 Plunketts Creek"
"4060","PK0-KC","Blacknose Dace",64,2.18,0.338456493604605,1.80617997398389,2025-06-16,"020502060504 Plunketts Creek"
"4061","PK0-KC","Longnose Dace",77,4.11,0.613841821876069,1.88649072517248,2025-06-16,"020502060504 Plunketts Creek"
"4062","PK0-KC","Longnose Dace",57,1.44,0.15836249209525,1.75587485567249,2025-06-16,"020502060504 Plunketts Creek"
"4063","PK0-KC","Blacknose Dace",40,0.49,-0.309803919971486,1.60205999132796,2025-06-16,"020502060504 Plunketts Creek"
"4064","PK0-KC","Blacknose Dace",37,0.43,-0.366531544420413,1.56820172406699,2025-06-16,"020502060504 Plunketts Creek"
"4065","PK0-KC","Blacknose Dace",38,0.47,-0.327902142064283,1.57978359661681,2025-06-16,"020502060504 Plunketts Creek"
"4066","PK0-KC","Blacknose Dace",36,0.44,-0.356547323513813,1.55630250076729,2025-06-16,"020502060504 Plunketts Creek"
"4067","PK0-KC","Blacknose Dace",70,2.94,0.468347330412157,1.84509804001426,2025-06-16,"020502060504 Plunketts Creek"
"4068","PK0-KC","Longnose Dace",53,1.74,0.2405492482826,1.72427586960079,2025-06-16,"020502060504 Plunketts Creek"
"4069","PK0-KC","Longnose Dace",93,7.27,0.861534410859038,1.96848294855394,2025-06-16,"020502060504 Plunketts Creek"
"4070","PK0-KC","Longnose Dace",89,7.66,0.884228769632604,1.94939000664491,2025-06-16,"020502060504 Plunketts Creek"
"4071","PK0-KC","Longnose Dace",55,1.46,0.164352855784437,1.74036268949424,2025-06-16,"020502060504 Plunketts Creek"
"4072","PK0-KC","Blacknose Dace",62,2.33,0.367355921026019,1.79239168949825,2025-06-16,"020502060504 Plunketts Creek"
"4073","PK0-KC","Blacknose Dace",55,1.65,0.217483944213906,1.74036268949424,2025-06-16,"020502060504 Plunketts Creek"
"4074","PK0-KC","Blacknose Dace",57,1.63,0.212187604403958,1.75587485567249,2025-06-16,"020502060504 Plunketts Creek"
"4075","PK0-KC","Blacknose Dace",61,2.34,0.369215857410143,1.78532983501077,2025-06-16,"020502060504 Plunketts Creek"
"4076","PK0-KC","Longnose Dace",56,1.49,0.173186268412274,1.7481880270062,2025-06-16,"020502060504 Plunketts Creek"
"4077","PK0-KC","Creek Chub",60,2,0.301029995663981,1.77815125038364,2022-06-21,"020502060504 Plunketts Creek"
"4078","PK0-KC","Creek Chub",56,1.8,0.255272505103306,1.7481880270062,2022-06-21,"020502060504 Plunketts Creek"
"4079","PK0-KC","Creek Chub",77,5.4,0.732393759822969,1.88649072517248,2022-06-21,"020502060504 Plunketts Creek"
"4080","PK0-KC","Blacknose Dace",72,3.7,0.568201724066995,1.85733249643127,2022-06-21,"020502060504 Plunketts Creek"
"4081","PK0-KC","Blacknose Dace",70,3.1,0.491361693834273,1.84509804001426,2022-06-21,"020502060504 Plunketts Creek"
"4082","PK0-KC","Blacknose Dace",55,1.4,0.146128035678238,1.74036268949424,2022-06-21,"020502060504 Plunketts Creek"
"4083","PK0-KC","Longnose Dace",81,5.75,0.75966784468963,1.90848501887865,2024-06-20,"020502060504 Plunketts Creek"
"4084","PK0-KC","Longnose Dace",77,2.85,0.45484486000851,1.88649072517248,2024-06-20,"020502060504 Plunketts Creek"
"4085","PK0-KC","Longnose Dace",83,5.48,0.738780558484369,1.91907809237607,2024-06-20,"020502060504 Plunketts Creek"
"4086","PK0-KC","Longnose Dace",66,2.75,0.439332693830263,1.81954393554187,2024-06-20,"020502060504 Plunketts Creek"
"4087","PK0-KC","Bluegill",94,14.01,1.14643813528577,1.9731278535997,2024-06-20,"020502060504 Plunketts Creek"
"4088","PK0-KC","Bluegill",124,31.86,1.50324577146511,2.09342168516224,2024-06-20,"020502060504 Plunketts Creek"
"4089","PK0-KC","Blacknose Dace",50,1.8,0.255272505103306,1.69897000433602,2024-06-20,"020502060504 Plunketts Creek"
"4090","PK0-KC","Sculpin spp.",76,5.4,0.732393759822969,1.88081359228079,2022-06-21,"020502060504 Plunketts Creek"
"4091","PK0-KC","Sculpin spp.",53,1.8,0.255272505103306,1.72427586960079,2022-06-21,"020502060504 Plunketts Creek"
"4092","PK0-KC","Sculpin spp.",62,3.1,0.491361693834273,1.79239168949825,2022-06-21,"020502060504 Plunketts Creek"
"4093","PK0-KC","Sculpin spp.",58,2.4,0.380211241711606,1.76342799356294,2022-06-21,"020502060504 Plunketts Creek"
"4094","PK0-KC","Sculpin spp.",54,1.8,0.255272505103306,1.73239375982297,2022-06-21,"020502060504 Plunketts Creek"
"4095","PK0-KC","Sculpin spp.",59,2.3,0.361727836017593,1.77085201164214,2022-06-21,"020502060504 Plunketts Creek"
"4096","PK0-KC","Sculpin spp.",70,4,0.602059991327962,1.84509804001426,2022-06-21,"020502060504 Plunketts Creek"
"4097","PK0-KC","Sculpin spp.",60,2.5,0.397940008672038,1.77815125038364,2022-06-21,"020502060504 Plunketts Creek"
"4098","PK0-KC","Sculpin spp.",60,2.5,0.397940008672038,1.77815125038364,2022-06-21,"020502060504 Plunketts Creek"
"4099","PK0-KC","Sculpin spp.",64,2.8,0.447158031342219,1.80617997398389,2022-06-21,"020502060504 Plunketts Creek"
"4100","PK0-KC","Sculpin spp.",53,1.6,0.204119982655925,1.72427586960079,2022-06-21,"020502060504 Plunketts Creek"
"4101","PK0-KC","Longnose Dace",59,1.87,0.271841606536499,1.77085201164214,2025-06-16,"020502060504 Plunketts Creek"
"4102","PK0-KC","Longnose Dace",48,1.08,0.0334237554869497,1.68124123737559,2025-06-16,"020502060504 Plunketts Creek"
"4103","PK0-KC","Fantail Darter",71,3.43,0.535294120042771,1.85125834871908,2025-06-16,"020502060504 Plunketts Creek"
"4104","PK0-KC","Fantail Darter",65,2.28,0.357934847000454,1.81291335664286,2025-06-16,"020502060504 Plunketts Creek"
"4105","PK0-KC","Sculpin spp.",59,2.33,0.367355921026019,1.77085201164214,2025-06-16,"020502060504 Plunketts Creek"
"4106","PK0-KC","Sculpin spp.",63,3.27,0.514547752660286,1.79934054945358,2025-06-16,"020502060504 Plunketts Creek"
"4107","PK0-KC","Blacknose Dace",44,0.7,-0.154901959985743,1.64345267648619,2025-06-16,"020502060504 Plunketts Creek"
"4108","PK0-KC","Blacknose Dace",60,1.94,0.287801729930226,1.77815125038364,2025-06-16,"020502060504 Plunketts Creek"
"4109","PK0-KC","Sculpin spp.",67,3.99,0.600972895686748,1.82607480270083,2025-06-16,"020502060504 Plunketts Creek"
"4110","PK0-KC","Sculpin spp.",61,2.5,0.397940008672038,1.78532983501077,2025-06-16,"020502060504 Plunketts Creek"
"4111","PK0-KC","Sculpin spp.",79,5.87,0.768638101247614,1.89762709129044,2025-06-16,"020502060504 Plunketts Creek"
"4112","PK0-KC","Blacknose Dace",61,2.03,0.307496037913213,1.78532983501077,2025-06-16,"020502060504 Plunketts Creek"
"4113","PK0-KC","Sculpin spp.",60,2.4,0.380211241711606,1.77815125038364,2022-06-21,"020502060504 Plunketts Creek"
"4114","PK0-KC","Blacknose Dace",56,2.1,0.322219294733919,1.7481880270062,2022-06-21,"020502060504 Plunketts Creek"
"4115","PK0-KC","Blacknose Dace",59,1.9,0.278753600952829,1.77085201164214,2022-06-21,"020502060504 Plunketts Creek"
"4116","PK0-KC","Blacknose Dace",45,0.7,-0.154901959985743,1.65321251377534,2022-06-21,"020502060504 Plunketts Creek"
"4117","PK0-KC","Blacknose Dace",46,0.9,-0.0457574905606751,1.66275783168157,2022-06-21,"020502060504 Plunketts Creek"
"4118","PK0-KC","Blacknose Dace",54,1.3,0.113943352306837,1.73239375982297,2022-06-21,"020502060504 Plunketts Creek"
"4119","PK0-KC","Sculpin spp.",60,2.2,0.342422680822206,1.77815125038364,2023-06-15,"020502060504 Plunketts Creek"
"4120","PK0-KC","Sculpin spp.",62,2.7,0.431363764158987,1.79239168949825,2023-06-15,"020502060504 Plunketts Creek"
"4121","PK0-KC","Sculpin spp.",50,1.1,0.0413926851582251,1.69897000433602,2023-06-15,"020502060504 Plunketts Creek"
"4122","PK0-KC","Blacknose Dace",65,2.4,0.380211241711606,1.81291335664286,2023-06-15,"020502060504 Plunketts Creek"
"4123","PK0-KC","Sculpin spp.",58,2.1,0.322219294733919,1.76342799356294,2023-06-15,"020502060504 Plunketts Creek"
"4124","PK0-KC","Sculpin spp.",69,3.8,0.57978359661681,1.83884909073726,2023-06-15,"020502060504 Plunketts Creek"
"4125","PK0-KC","Sculpin spp.",51,1.3,0.113943352306837,1.70757017609794,2023-06-15,"020502060504 Plunketts Creek"
"4126","PK0-KC","Sculpin spp.",52,1.5,0.176091259055681,1.7160033436348,2023-06-15,"020502060504 Plunketts Creek"
"4127","PK0-KC","Sculpin spp.",55,2,0.301029995663981,1.74036268949424,2023-06-15,"020502060504 Plunketts Creek"
"4128","PK0-KC","Sculpin spp.",62,2.6,0.414973347970818,1.79239168949825,2023-06-15,"020502060504 Plunketts Creek"
"4129","PK0-KC","Sculpin spp.",53,1.6,0.204119982655925,1.72427586960079,2023-06-15,"020502060504 Plunketts Creek"
"4130","PK0-KC","Blacknose Dace",52,1.26,0.100370545117563,1.7160033436348,2024-06-20,"020502060504 Plunketts Creek"
"4131","PK0-KC","Blacknose Dace",45,0.8,-0.0969100130080564,1.65321251377534,2024-06-20,"020502060504 Plunketts Creek"
"4132","PK0-KC","Blacknose Dace",54,1.48,0.170261715394957,1.73239375982297,2024-06-20,"020502060504 Plunketts Creek"
"4133","PK0-KC","Longnose Dace",83,4.28,0.631443769013172,1.91907809237607,2024-06-20,"020502060504 Plunketts Creek"
"4134","PK0-KC","Longnose Dace",74,3.89,0.589949601325708,1.86923171973098,2024-06-20,"020502060504 Plunketts Creek"
"4135","PK0-KC","Longnose Dace",87,6.21,0.79309160017658,1.93951925261862,2024-06-20,"020502060504 Plunketts Creek"
"4136","PK0-KC","Longnose Dace",66,2.53,0.403120521175818,1.81954393554187,2024-06-20,"020502060504 Plunketts Creek"
"4137","PK0-KC","Longnose Dace",68,2.51,0.399673721481038,1.83250891270624,2024-06-20,"020502060504 Plunketts Creek"
"4138","PK0-KC","Longnose Dace",95,8.06,0.906335041805091,1.97772360528885,2024-06-20,"020502060504 Plunketts Creek"
"4139","PK0-KC","Longnose Dace",64,2.41,0.382017042574868,1.80617997398389,2024-06-20,"020502060504 Plunketts Creek"
"4140","PK0-KC","Longnose Dace",83,6.17,0.790285164033242,1.91907809237607,2024-06-20,"020502060504 Plunketts Creek"
"4141","PK0-KC","Longnose Dace",67,2.85,0.45484486000851,1.82607480270083,2024-06-20,"020502060504 Plunketts Creek"
"4142","PK0-KC","Longnose Dace",84,6.82,0.833784374656479,1.92427928606188,2024-06-20,"020502060504 Plunketts Creek"
"4143","PK0-KC","Longnose Dace",80,5.15,0.711807229041191,1.90308998699194,2024-06-20,"020502060504 Plunketts Creek"
"4144","PK0-KC","Longnose Dace",83,5.53,0.742725131304698,1.91907809237607,2024-06-20,"020502060504 Plunketts Creek"
"4145","PK0-KC","Longnose Dace",75,3.64,0.561101383649056,1.8750612633917,2024-06-20,"020502060504 Plunketts Creek"
"4146","PK0-KC","Longnose Dace",81,5.18,0.714329759745233,1.90848501887865,2024-06-20,"020502060504 Plunketts Creek"
"4147","PK0-KC","Longnose Dace",70,2.9,0.462397997898956,1.84509804001426,2022-06-21,"020502060504 Plunketts Creek"
"4148","PK0-KC","Longnose Dace",57,1.6,0.204119982655925,1.75587485567249,2022-06-21,"020502060504 Plunketts Creek"
"4149","PK0-KC","Blacknose Dace",65,2.4,0.380211241711606,1.81291335664286,2022-06-21,"020502060504 Plunketts Creek"
"4150","PK0-KC","Blacknose Dace",71,3.1,0.491361693834273,1.85125834871908,2022-06-21,"020502060504 Plunketts Creek"
"4151","PK0-KC","Blacknose Dace",54,1.5,0.176091259055681,1.73239375982297,2022-06-21,"020502060504 Plunketts Creek"
"4152","PK0-KC","Sculpin spp.",67,3.5,0.544068044350276,1.82607480270083,2022-06-21,"020502060504 Plunketts Creek"
"4153","PK0-KC","Longnose Dace",61,1.97,0.294466226161593,1.78532983501077,2025-06-16,"020502060504 Plunketts Creek"
"4154","PK0-KC","Longnose Dace",51,1.15,0.0606978403536116,1.70757017609794,2025-06-16,"020502060504 Plunketts Creek"
"4155","PK0-KC","Longnose Dace",62,2.29,0.359835482339888,1.79239168949825,2025-06-16,"020502060504 Plunketts Creek"
"4156","PK0-KC","Sculpin spp.",64,3.12,0.494154594018443,1.80617997398389,2025-06-16,"020502060504 Plunketts Creek"
"4157","PK0-KC","Sculpin spp.",94,9.31,0.968949680981343,1.9731278535997,2025-06-16,"020502060504 Plunketts Creek"
"4158","PK0-KC","Sculpin spp.",63,2.98,0.474216264076255,1.79934054945358,2025-06-16,"020502060504 Plunketts Creek"
"4159","PK0-KC","Sculpin spp.",68,3.96,0.597695185925512,1.83250891270624,2025-06-16,"020502060504 Plunketts Creek"
"4160","PK0-KC","Sculpin spp.",51,1.67,0.222716471147583,1.70757017609794,2025-06-16,"020502060504 Plunketts Creek"
"4161","PK0-KC","Sculpin spp.",66,3.63,0.559906625036113,1.81954393554187,2025-06-16,"020502060504 Plunketts Creek"
"4162","PK0-KC","Sculpin spp.",55,3.13,0.495544337546448,1.74036268949424,2025-06-16,"020502060504 Plunketts Creek"
"4163","PK0-KC","Sculpin spp.",68,3.51,0.545307116465824,1.83250891270624,2025-06-16,"020502060504 Plunketts Creek"
"4164","PK0-KC","Sculpin spp.",55,1.9,0.278753600952829,1.74036268949424,2025-06-16,"020502060504 Plunketts Creek"
"4165","PK0-KC","Sculpin spp.",65,3.38,0.528916700277655,1.81291335664286,2025-06-16,"020502060504 Plunketts Creek"
"4166","PK0-KC","Sculpin spp.",53,1.76,0.24551266781415,1.72427586960079,2025-06-16,"020502060504 Plunketts Creek"
"4167","PK0-KC","Sculpin spp.",64,3.09,0.489958479424835,1.80617997398389,2025-06-16,"020502060504 Plunketts Creek"
"4168","PK0-KC","Sculpin spp.",63,2.95,0.469822015978163,1.79934054945358,2025-06-16,"020502060504 Plunketts Creek"
"4169","PK0-KC","Sculpin spp.",54,1.87,0.271841606536499,1.73239375982297,2025-06-16,"020502060504 Plunketts Creek"
"4170","PK0-KC","Sculpin spp.",58,2.2,0.342422680822206,1.76342799356294,2023-06-15,"020502060504 Plunketts Creek"
"4171","PK0-KC","Sculpin spp.",53,1.7,0.230448921378274,1.72427586960079,2023-06-15,"020502060504 Plunketts Creek"
"4172","PK0-KC","Sculpin spp.",56,1.9,0.278753600952829,1.7481880270062,2023-06-15,"020502060504 Plunketts Creek"
"4173","PK0-KC","Sculpin spp.",55,1.8,0.255272505103306,1.74036268949424,2023-06-15,"020502060504 Plunketts Creek"
"4174","PK0-KC","Sculpin spp.",58,2.2,0.342422680822206,1.76342799356294,2023-06-15,"020502060504 Plunketts Creek"
"4175","PK0-KC","Sculpin spp.",52,1.6,0.204119982655925,1.7160033436348,2023-06-15,"020502060504 Plunketts Creek"
"4176","PK0-KC","Blacknose Dace",71,4.5,0.653212513775344,1.85125834871908,2023-06-15,"020502060504 Plunketts Creek"
"4177","PK0-KC","Blacknose Dace",38,0.4,-0.397940008672038,1.57978359661681,2023-06-15,"020502060504 Plunketts Creek"
"4178","PK0-KC","Blacknose Dace",69,2.3,0.361727836017593,1.83884909073726,2023-06-15,"020502060504 Plunketts Creek"
"4179","PK0-KC","Sculpin spp.",56,1.7,0.230448921378274,1.7481880270062,2023-06-15,"020502060504 Plunketts Creek"
"4180","PK0-KC","Sculpin spp.",54,1.7,0.230448921378274,1.73239375982297,2023-06-15,"020502060504 Plunketts Creek"
"4181","PK0-KC","Blacknose Dace",59,1.5,0.176091259055681,1.77085201164214,2023-06-15,"020502060504 Plunketts Creek"
"4182","PK0-KC","Sculpin spp.",50,1.1,0.0413926851582251,1.69897000433602,2022-06-21,"020502060504 Plunketts Creek"
"4183","PK0-KC","Sculpin spp.",54,1.7,0.230448921378274,1.73239375982297,2022-06-21,"020502060504 Plunketts Creek"
"4184","PK0-KC","Blacknose Dace",57,1.6,0.204119982655925,1.75587485567249,2022-06-21,"020502060504 Plunketts Creek"
"4185","PK0-KC","Blacknose Dace",60,1.9,0.278753600952829,1.77815125038364,2022-06-21,"020502060504 Plunketts Creek"
"4186","PK0-KC","Sculpin spp.",53,1.9,0.278753600952829,1.72427586960079,2022-06-21,"020502060504 Plunketts Creek"
"4187","PK0-KC","Sculpin spp.",51,1.7,0.230448921378274,1.70757017609794,2022-06-21,"020502060504 Plunketts Creek"
"4188","PK0-KC","Longnose Dace",68,2.8,0.447158031342219,1.83250891270624,2022-06-21,"020502060504 Plunketts Creek"
"4189","PK0-KC","Longnose Dace",62,1.9,0.278753600952829,1.79239168949825,2022-06-21,"020502060504 Plunketts Creek"
"4190","PK0-KC","Longnose Dace",58,1.7,0.230448921378274,1.76342799356294,2022-06-21,"020502060504 Plunketts Creek"
"4191","PK0-KC","Sculpin spp.",64,3.8,0.57978359661681,1.80617997398389,2022-06-21,"020502060504 Plunketts Creek"
"4192","PK0-KC","Sculpin spp.",70,3.6,0.556302500767287,1.84509804001426,2022-06-21,"020502060504 Plunketts Creek"
"4193","PK0-KC","Longnose Dace",89,7.07,0.849419413796899,1.94939000664491,2024-06-20,"020502060504 Plunketts Creek"
"4194","PK0-KC","Sculpin spp.",84,8.02,0.904174368284164,1.92427928606188,2024-06-20,"020502060504 Plunketts Creek"
"4195","PK0-KC","Longnose Dace",98,9.93,0.996949248495381,1.99122607569249,2024-06-20,"020502060504 Plunketts Creek"
"4196","PK0-KC","Longnose Dace",88,7.08,0.850033257689769,1.94448267215017,2024-06-20,"020502060504 Plunketts Creek"
"4197","PK0-KC","Longnose Dace",82,4.59,0.661812685537261,1.91381385238372,2024-06-20,"020502060504 Plunketts Creek"
"4198","PK0-KC","Longnose Dace",49,1.61,0.20682587603185,1.69019608002851,2024-06-20,"020502060504 Plunketts Creek"
"4199","PK0-KC","Longnose Dace",68,2.87,0.457881896733992,1.83250891270624,2024-06-20,"020502060504 Plunketts Creek"
"4200","PK0-KC","Longnose Dace",78,4.14,0.617000341120899,1.89209460269048,2024-06-20,"020502060504 Plunketts Creek"
"4201","PK0-KC","Longnose Dace",96,9.66,0.984977126415493,1.98227123303957,2024-06-20,"020502060504 Plunketts Creek"
"4202","PK0-KC","Longnose Dace",87,6.31,0.800029359244134,1.93951925261862,2024-06-20,"020502060504 Plunketts Creek"
"4203","PK0-KC","Longnose Dace",75,4.48,0.651278013998144,1.8750612633917,2024-06-20,"020502060504 Plunketts Creek"
"4204","PK0-KC","Blacknose Dace",56,1.6,0.204119982655925,1.7481880270062,2022-06-21,"020502060504 Plunketts Creek"
"4205","PK0-KC","Longnose Dace",55,1.4,0.146128035678238,1.74036268949424,2022-06-21,"020502060504 Plunketts Creek"
"4206","PK0-KC","Longnose Dace",54,1.2,0.0791812460476248,1.73239375982297,2022-06-21,"020502060504 Plunketts Creek"
"4207","PK0-KC","Blacknose Dace",75,4.1,0.612783856719735,1.8750612633917,2022-06-21,"020502060504 Plunketts Creek"
"4208","PK0-KC","Longnose Dace",63,2.4,0.380211241711606,1.79934054945358,2022-06-21,"020502060504 Plunketts Creek"
"4209","PK0-KC","Longnose Dace",56,1.8,0.255272505103306,1.7481880270062,2022-06-21,"020502060504 Plunketts Creek"
"4210","PK0-KC","Longnose Dace",51,1.6,0.204119982655925,1.70757017609794,2022-06-21,"020502060504 Plunketts Creek"
"4211","PK0-KC","Longnose Dace",59,1.6,0.204119982655925,1.77085201164214,2022-06-21,"020502060504 Plunketts Creek"
"4212","PK0-KC","Blacknose Dace",71,4.3,0.633468455579587,1.85125834871908,2022-06-21,"020502060504 Plunketts Creek"
"4213","PK0-KC","Blacknose Dace",67,3.4,0.531478917042255,1.82607480270083,2022-06-21,"020502060504 Plunketts Creek"
"4214","PK0-KC","Blacknose Dace",61,1.9,0.278753600952829,1.78532983501077,2022-06-21,"020502060504 Plunketts Creek"
"4215","PK0-KC","Blacknose Dace",50,1,0,1.69897000433602,2022-06-21,"020502060504 Plunketts Creek"
"4216","PK0-KC","Blacknose Dace",63,2,0.301029995663981,1.79934054945358,2022-06-21,"020502060504 Plunketts Creek"
"4217","PK0-KC","Longnose Dace",54,1.2,0.0791812460476248,1.73239375982297,2022-06-21,"020502060504 Plunketts Creek"
"4218","PK0-KC","Blacknose Dace",53,1.3,0.113943352306837,1.72427586960079,2022-06-21,"020502060504 Plunketts Creek"
"4219","PK0-KC","Blacknose Dace",47,0.9,-0.0457574905606751,1.67209785793572,2022-06-21,"020502060504 Plunketts Creek"
"4220","PK0-KC","Blacknose Dace",67,3.2,0.505149978319906,1.82607480270083,2022-06-21,"020502060504 Plunketts Creek"
"4221","PK0-KC","Blacknose Dace",55,1.7,0.230448921378274,1.74036268949424,2022-06-21,"020502060504 Plunketts Creek"
"4222","PK0-KC","Blacknose Dace",42,0.6,-0.221848749616356,1.6232492903979,2022-06-21,"020502060504 Plunketts Creek"
"4223","PK0-KC","Blacknose Dace",59,2.2,0.342422680822206,1.77085201164214,2022-06-21,"020502060504 Plunketts Creek"
"4224","PK0-KC","Blacknose Dace",68,3,0.477121254719662,1.83250891270624,2022-06-21,"020502060504 Plunketts Creek"
"4225","PK0-KC","Blacknose Dace",55,1.6,0.204119982655925,1.74036268949424,2022-06-21,"020502060504 Plunketts Creek"
"4226","PK0-KC","Longnose Dace",54,1.3,0.113943352306837,1.73239375982297,2022-06-21,"020502060504 Plunketts Creek"
"4227","PK0-KC","Longnose Dace",61,2.2,0.342422680822206,1.78532983501077,2022-06-21,"020502060504 Plunketts Creek"
"4228","PK0-KC","Sculpin spp.",62,2.86,0.456366033129043,1.79239168949825,2024-06-20,"020502060504 Plunketts Creek"
"4229","PK0-KC","Sculpin spp.",71,4.59,0.661812685537261,1.85125834871908,2024-06-20,"020502060504 Plunketts Creek"
"4230","PK0-KC","Sculpin spp.",74,4.96,0.695481676490197,1.86923171973098,2024-06-20,"020502060504 Plunketts Creek"
"4231","PK0-KC","Sculpin spp.",94,9.59,0.981818607170664,1.9731278535997,2024-06-20,"020502060504 Plunketts Creek"
"4232","PK0-KC","Sculpin spp.",70,4.31,0.634477270160732,1.84509804001426,2024-06-20,"020502060504 Plunketts Creek"
"4233","PK0-KC","Sculpin spp.",60,2.32,0.3654879848909,1.77815125038364,2024-06-20,"020502060504 Plunketts Creek"
"4234","PK0-KC","Sculpin spp.",83,7.62,0.881954971339601,1.91907809237607,2024-06-20,"020502060504 Plunketts Creek"
"4235","PK0-KC","Sculpin spp.",72,4.62,0.664641975556125,1.85733249643127,2024-06-20,"020502060504 Plunketts Creek"
"4236","PK0-KC","Sculpin spp.",78,6.53,0.814913181275074,1.89209460269048,2024-06-20,"020502060504 Plunketts Creek"
"4237","PK0-KC","Sculpin spp.",98,12.04,1.08062648692181,1.99122607569249,2024-06-20,"020502060504 Plunketts Creek"
"4238","PK0-KC","Blacknose Dace",34,0.33,-0.481486060122112,1.53147891704226,2024-06-20,"020502060504 Plunketts Creek"
"4239","PK0-KC","Sculpin spp.",67,3.92,0.593286067020457,1.82607480270083,2024-06-20,"020502060504 Plunketts Creek"
"4240","PK0-KC","Sculpin spp.",57,2.46,0.390935107103379,1.75587485567249,2024-06-20,"020502060504 Plunketts Creek"
"4241","PK0-KC","Blacknose Dace",47,0.95,-0.0222763947111523,1.67209785793572,2024-06-20,"020502060504 Plunketts Creek"
"4242","PK0-KC","Creek Chub",71,3.44,0.53655844257153,1.85125834871908,2024-06-20,"020502060504 Plunketts Creek"
"4243","PK0-KC","Creek Chub",68,3.31,0.519827993775719,1.83250891270624,2024-06-20,"020502060504 Plunketts Creek"
"4244","PK0-KC","Creek Chub",69,3.31,0.519827993775719,1.83884909073726,2024-06-20,"020502060504 Plunketts Creek"
"4245","PK0-KC","Creek Chub",64,2.86,0.456366033129043,1.80617997398389,2024-06-20,"020502060504 Plunketts Creek"
"4246","PK0-KC","Creek Chub",83,6.04,0.781036938621132,1.91907809237607,2024-06-20,"020502060504 Plunketts Creek"
"4247","PK0-KC","Creek Chub",61,2.56,0.40823996531185,1.78532983501077,2024-06-20,"020502060504 Plunketts Creek"
"4248","PK0-KC","Creek Chub",62,2.69,0.429752280002408,1.79239168949825,2024-06-20,"020502060504 Plunketts Creek"
"4249","PK0-KC","Creek Chub",67,3.31,0.519827993775719,1.82607480270083,2024-06-20,"020502060504 Plunketts Creek"
"4250","PK0-KC","Creek Chub",51,1.08,0.0334237554869497,1.70757017609794,2024-06-20,"020502060504 Plunketts Creek"
"4251","PK0-KC","Largemouth Bass",161,57.75,1.76155198856418,2.20682587603185,2024-06-20,"020502060504 Plunketts Creek"
"4252","PK0-KC","Blacknose Dace",74,4.02,0.60422605308447,1.86923171973098,2024-06-20,"020502060504 Plunketts Creek"
"4253","PK0-KC","Blacknose Dace",52,1.35,0.130333768495006,1.7160033436348,2024-06-20,"020502060504 Plunketts Creek"
"4254","PK0-KC","Sculpin spp.",85,6.87,0.83695673705955,1.92941892571429,2024-06-20,"020502060504 Plunketts Creek"
"4255","PK0-KC","Sculpin spp.",88,8.19,0.913283901760418,1.94448267215017,2024-06-20,"020502060504 Plunketts Creek"
"4256","PK0-KC","Sculpin spp.",55,1.86,0.269512944217916,1.74036268949424,2024-06-20,"020502060504 Plunketts Creek"
"4257","PK0-KC","Blacknose Dace",43,0.64,-0.193820026016113,1.63346845557959,2024-06-20,"020502060504 Plunketts Creek"
"4258","PK0-KC","Blacknose Dace",47,0.79,-0.102372908709559,1.67209785793572,2024-06-20,"020502060504 Plunketts Creek"
"4259","PK0-KC","Blacknose Dace",40,0.53,-0.275724130399211,1.60205999132796,2024-06-20,"020502060504 Plunketts Creek"
"4260","PK0-KC","Blacknose Dace",42,0.66,-0.180456064458131,1.6232492903979,2024-06-20,"020502060504 Plunketts Creek"
"4261","PK0-KC","Blacknose Dace",47,1.02,0.00860017176191757,1.67209785793572,2024-06-20,"020502060504 Plunketts Creek"
"4262","PK0-KC","Blacknose Dace",70,3.34,0.523746466811564,1.84509804001426,2024-06-20,"020502060504 Plunketts Creek"
"4263","PK0-KC","Blacknose Dace",62,2.7,0.431363764158987,1.79239168949825,2023-06-15,"020502060504 Plunketts Creek"
"4264","PK0-KC","Blacknose Dace",69,2.7,0.431363764158987,1.83884909073726,2023-06-15,"020502060504 Plunketts Creek"
"4265","PK0-KC","Blacknose Dace",36,0.6,-0.221848749616356,1.55630250076729,2023-06-15,"020502060504 Plunketts Creek"
"4266","PK0-KC","Blacknose Dace",32,0.3,-0.522878745280338,1.50514997831991,2023-06-15,"020502060504 Plunketts Creek"
"4267","PK0-KC","Blacknose Dace",61,2,0.301029995663981,1.78532983501077,2023-06-15,"020502060504 Plunketts Creek"
"4268","PK0-KC","Blacknose Dace",60,2.1,0.322219294733919,1.77815125038364,2023-06-15,"020502060504 Plunketts Creek"
"4269","PK0-KC","Longnose Dace",71,4.3,0.633468455579587,1.85125834871908,2023-06-15,"020502060504 Plunketts Creek"
"4270","PK0-KC","Longnose Dace",74,2.7,0.431363764158987,1.86923171973098,2023-06-15,"020502060504 Plunketts Creek"
"4271","PK0-KC","Longnose Dace",45,0.8,-0.0969100130080564,1.65321251377534,2023-06-15,"020502060504 Plunketts Creek"
"4272","PK0-KC","Sculpin spp.",59,2,0.301029995663981,1.77085201164214,2023-06-15,"020502060504 Plunketts Creek"
"4273","PK0-KC","Blacknose Dace",68,2.4,0.380211241711606,1.83250891270624,2023-06-15,"020502060504 Plunketts Creek"
"4274","PK0-KC","Sculpin spp.",57,1.6,0.204119982655925,1.75587485567249,2022-06-21,"020502060504 Plunketts Creek"
"4275","PK0-KC","Sculpin spp.",53,1.4,0.146128035678238,1.72427586960079,2022-06-21,"020502060504 Plunketts Creek"
"4276","PK0-KC","Longnose Dace",54,1.7,0.230448921378274,1.73239375982297,2022-06-21,"020502060504 Plunketts Creek"
"4277","PK0-KC","Sculpin spp.",61,3.6,0.556302500767287,1.78532983501077,2022-06-21,"020502060504 Plunketts Creek"
"4278","PK0-KC","Longnose Dace",54,1.3,0.113943352306837,1.73239375982297,2022-06-21,"020502060504 Plunketts Creek"
"4279","PK0-KC","Longnose Dace",59,1.9,0.278753600952829,1.77085201164214,2022-06-21,"020502060504 Plunketts Creek"
"4280","PK0-KC","Sculpin spp.",81,5.2,0.716003343634799,1.90848501887865,2022-06-21,"020502060504 Plunketts Creek"
"4281","PK0-KC","Sculpin spp.",68,4.8,0.681241237375587,1.83250891270624,2022-06-21,"020502060504 Plunketts Creek"
"4282","PK0-KC","Sculpin spp.",66,3.6,0.556302500767287,1.81954393554187,2022-06-21,"020502060504 Plunketts Creek"
"4283","PK0-KC","Sculpin spp.",53,1.7,0.230448921378274,1.72427586960079,2023-06-15,"020502060504 Plunketts Creek"
"4284","PK0-KC","Sculpin spp.",56,1.9,0.278753600952829,1.7481880270062,2023-06-15,"020502060504 Plunketts Creek"
"4285","PK0-KC","Bluegill",105,20.04,1.30189771719521,2.02118929906994,2024-06-20,"020502060504 Plunketts Creek"
"4286","PK0-KC","Bluegill",100,18.5,1.26717172840301,2,2024-06-20,"020502060504 Plunketts Creek"
"4287","PK0-KC","Bluegill",127,34.69,1.54020429984206,2.10380372095596,2024-06-20,"020502060504 Plunketts Creek"
"4288","PK0-KC","Bluegill",92,13.2,1.12057393120585,1.96378782734556,2024-06-20,"020502060504 Plunketts Creek"
"4289","PK0-KC","Bluegill",103,18.53,1.2678754193189,2.01283722470517,2024-06-20,"020502060504 Plunketts Creek"
"4290","PK0-KC","Largemouth Bass",201,107.9,2.03302144468291,2.30319605742049,2024-06-20,"020502060504 Plunketts Creek"
"4291","PK0-KC","Sculpin spp.",81,6.6,0.819543935541869,1.90848501887865,2024-06-20,"020502060504 Plunketts Creek"
"4292","PK0-KC","Sculpin spp.",68,3.83,0.583198773968623,1.83250891270624,2025-06-16,"020502060504 Plunketts Creek"
"4293","PK0-KC","Sculpin spp.",64,3.21,0.506505032404872,1.80617997398389,2025-06-16,"020502060504 Plunketts Creek"
"4294","PK0-KC","Sculpin spp.",58,1.95,0.290034611362518,1.76342799356294,2025-06-16,"020502060504 Plunketts Creek"
"4295","PK0-KC","Sculpin spp.",62,2.74,0.437750562820388,1.79239168949825,2025-06-16,"020502060504 Plunketts Creek"
"4296","PK0-KC","Bluegill",129,34.5,1.53781909507327,2.11058971029925,2024-06-20,"020502060504 Plunketts Creek"
"4297","PK0-KC","Bluegill",105,19.57,1.291590825658,2.02118929906994,2024-06-20,"020502060504 Plunketts Creek"
"4298","PK0-KC","Bluegill",86,10.88,1.03662889536216,1.93449845124357,2024-06-20,"020502060504 Plunketts Creek"
"4299","PK0-KC","Bluegill",74,6.96,0.842609239610562,1.86923171973098,2024-06-20,"020502060504 Plunketts Creek"
"4300","PK0-KC","Bluegill",85,9.73,0.988112840268352,1.92941892571429,2024-06-20,"020502060504 Plunketts Creek"
"4301","PK0-KC","Bluegill",126,33.51,1.52517442783527,2.10037054511756,2024-06-20,"020502060504 Plunketts Creek"
"4302","PK0-KC","Bluegill",86,10.69,1.02897770520878,1.93449845124357,2024-06-20,"020502060504 Plunketts Creek"
"4303","PK0-KC","Bluegill",77,7.46,0.872738827472669,1.88649072517248,2024-06-20,"020502060504 Plunketts Creek"
"4304","PK0-KC","Bluegill",103,18.93,1.2771506139638,2.01283722470517,2024-06-20,"020502060504 Plunketts Creek"
"4305","PK0-KC","Bluegill",131,36.04,1.55678478230703,2.11727129565576,2024-06-20,"020502060504 Plunketts Creek"
"4306","PK0-KC","Bluegill",96,14.42,1.15896526038341,1.98227123303957,2024-06-20,"020502060504 Plunketts Creek"
"4307","PK0-KC","Bluegill",91,12.66,1.10243370568134,1.95904139232109,2024-06-20,"020502060504 Plunketts Creek"
"4308","PK0-KC","Bluegill",92,12.39,1.09307130637606,1.96378782734556,2024-06-20,"020502060504 Plunketts Creek"
"4309","PK0-KC","Bluegill",128,38.12,1.58115289196629,2.10720996964787,2024-06-20,"020502060504 Plunketts Creek"
"4310","PK0-KC","Common Shiner",99,7.9,0.897627091290441,1.99563519459755,2024-06-20,"020502060504 Plunketts Creek"
"4311","PK0-KC","Common Shiner",85,5.46,0.737192642704737,1.92941892571429,2024-06-20,"020502060504 Plunketts Creek"
"4312","PK0-KC","Longnose Dace",94,8.22,0.91487181754005,1.9731278535997,2024-06-20,"020502060504 Plunketts Creek"
"4313","PK0-KC","Longnose Dace",93,7.73,0.888179493918325,1.96848294855394,2024-06-20,"020502060504 Plunketts Creek"
"4314","PK0-KC","Longnose Dace",50,1,0,1.69897000433602,2022-06-21,"020502060504 Plunketts Creek"
"4315","PK0-KC","Longnose Dace",60,1.3,0.113943352306837,1.77815125038364,2022-06-21,"020502060504 Plunketts Creek"
"4316","PK0-KC","Longnose Dace",60,1.8,0.255272505103306,1.77815125038364,2022-06-21,"020502060504 Plunketts Creek"
"4317","PK0-KC","Longnose Dace",56,1.4,0.146128035678238,1.7481880270062,2022-06-21,"020502060504 Plunketts Creek"
"4318","PK0-KC","Longnose Dace",51,1.1,0.0413926851582251,1.70757017609794,2022-06-21,"020502060504 Plunketts Creek"
"4319","PK0-KC","Longnose Dace",56,1.9,0.278753600952829,1.7481880270062,2022-06-21,"020502060504 Plunketts Creek"
"4320","PK0-KC","Longnose Dace",62,2.2,0.342422680822206,1.79239168949825,2022-06-21,"020502060504 Plunketts Creek"
"4321","PK0-KC","Longnose Dace",55,1.4,0.146128035678238,1.74036268949424,2022-06-21,"020502060504 Plunketts Creek"
"4322","PK0-KC","Longnose Dace",56,1.4,0.146128035678238,1.7481880270062,2022-06-21,"020502060504 Plunketts Creek"
"4323","PK0-KC","Blacknose Dace",50,1,0,1.69897000433602,2022-06-21,"020502060504 Plunketts Creek"
"4324","PK0-KC","Blacknose Dace",56,1.7,0.230448921378274,1.7481880270062,2022-06-21,"020502060504 Plunketts Creek"
"4325","PK0-KC","Longnose Dace",64,2.2,0.342422680822206,1.80617997398389,2022-06-21,"020502060504 Plunketts Creek"
"4326","PK0-KC","Blacknose Dace",42,0.6,-0.221848749616356,1.6232492903979,2025-06-16,"020502060504 Plunketts Creek"
"4327","PK0-KC","Blacknose Dace",60,2.13,0.328379603438738,1.77815125038364,2025-06-16,"020502060504 Plunketts Creek"
"4328","PK0-KC","Blacknose Dace",61,2.1,0.322219294733919,1.78532983501077,2025-06-16,"020502060504 Plunketts Creek"
"4329","PK0-KC","Blacknose Dace",48,1,0,1.68124123737559,2025-06-16,"020502060504 Plunketts Creek"
"4330","PK0-KC","Blacknose Dace",53,1.53,0.184691430817599,1.72427586960079,2025-06-16,"020502060504 Plunketts Creek"
"4331","PK0-KC","Blacknose Dace",58,1.94,0.287801729930226,1.76342799356294,2025-06-16,"020502060504 Plunketts Creek"
"4332","PK0-KC","Blacknose Dace",41,0.58,-0.236572006437063,1.61278385671974,2025-06-16,"020502060504 Plunketts Creek"
"4333","PK0-KC","Blacknose Dace",56,1.81,0.257678574869184,1.7481880270062,2025-06-16,"020502060504 Plunketts Creek"
"4334","PK0-KC","Blacknose Dace",59,2.03,0.307496037913213,1.77085201164214,2025-06-16,"020502060504 Plunketts Creek"
"4335","PK0-KC","Blacknose Dace",67,2.77,0.442479769064449,1.82607480270083,2025-06-16,"020502060504 Plunketts Creek"
"4336","PK0-KC","Longnose Dace",48,1.05,0.0211892990699381,1.68124123737559,2025-06-16,"020502060504 Plunketts Creek"
"4337","PK0-KC","Longnose Dace",75,4.04,0.606381365110605,1.8750612633917,2025-06-16,"020502060504 Plunketts Creek"
"4338","PK0-KC","Longnose Dace",50,1.01,0.00432137378264258,1.69897000433602,2025-06-16,"020502060504 Plunketts Creek"
"4339","PK0-KC","Longnose Dace",57,1.52,0.181843587944773,1.75587485567249,2025-06-16,"020502060504 Plunketts Creek"
"4340","PK0-KC","Longnose Dace",63,2.22,0.346352974450639,1.79934054945358,2025-06-16,"020502060504 Plunketts Creek"
"4341","PK0-KC","Sculpin spp.",93,9.73,0.988112840268352,1.96848294855394,2024-06-20,"020502060504 Plunketts Creek"
"4342","PK0-KC","Sculpin spp.",75,5.53,0.742725131304698,1.8750612633917,2024-06-20,"020502060504 Plunketts Creek"
"4343","PK0-KC","Sculpin spp.",80,6.4,0.806179973983887,1.90308998699194,2024-06-20,"020502060504 Plunketts Creek"
"4344","PK0-KC","Sculpin spp.",86,8.33,0.920645001406788,1.93449845124357,2024-06-20,"020502060504 Plunketts Creek"
"4345","PK0-KC","Sculpin spp.",78,5.26,0.720985744153739,1.89209460269048,2024-06-20,"020502060504 Plunketts Creek"
"4346","PK0-KC","Sculpin spp.",69,4.51,0.65417654187796,1.83884909073726,2024-06-20,"020502060504 Plunketts Creek"
"4347","PK0-KC","Sculpin spp.",96,12.38,1.0927206446841,1.98227123303957,2024-06-20,"020502060504 Plunketts Creek"
"4348","PK0-KC","Sculpin spp.",66,3.81,0.580924975675619,1.81954393554187,2024-06-20,"020502060504 Plunketts Creek"
"4349","PK0-KC","Blacknose Dace",64,2.3,0.361727836017593,1.80617997398389,2024-06-20,"020502060504 Plunketts Creek"
"4350","PK0-KC","Blacknose Dace",53,1.2,0.0791812460476248,1.72427586960079,2024-06-20,"020502060504 Plunketts Creek"
"4351","PK0-KC","Blacknose Dace",42,0.76,-0.119186407719209,1.6232492903979,2024-06-20,"020502060504 Plunketts Creek"
"4352","PK0-KC","Blacknose Dace",61,1.93,0.285557309007774,1.78532983501077,2024-06-20,"020502060504 Plunketts Creek"
"4353","PK0-KC","Blacknose Dace",62,2.31,0.363611979892144,1.79239168949825,2024-06-20,"020502060504 Plunketts Creek"
"4354","PK0-KC","Blacknose Dace",45,0.81,-0.0915149811213502,1.65321251377534,2024-06-20,"020502060504 Plunketts Creek"
"4355","PK0-KC","Blacknose Dace",55,1.7,0.230448921378274,1.74036268949424,2023-06-15,"020502060504 Plunketts Creek"
"4356","PK0-KC","Sculpin spp.",61,1.9,0.278753600952829,1.78532983501077,2023-06-15,"020502060504 Plunketts Creek"
"4357","PK0-KC","Sculpin spp.",51,1.3,0.113943352306837,1.70757017609794,2023-06-15,"020502060504 Plunketts Creek"
"4358","PK0-KC","Sculpin spp.",59,2.5,0.397940008672038,1.77085201164214,2023-06-15,"020502060504 Plunketts Creek"
"4359","PK0-KC","Sculpin spp.",60,2.3,0.361727836017593,1.77815125038364,2023-06-15,"020502060504 Plunketts Creek"
"4360","PK0-KC","Sculpin spp.",56,1.4,0.146128035678238,1.7481880270062,2023-06-15,"020502060504 Plunketts Creek"
"4361","PK0-KC","Sculpin spp.",51,1.5,0.176091259055681,1.70757017609794,2023-06-15,"020502060504 Plunketts Creek"
"4362","PK0-KC","Sculpin spp.",54,1.6,0.204119982655925,1.73239375982297,2023-06-15,"020502060504 Plunketts Creek"
"4363","PK0-KC","Sculpin spp.",52,1.4,0.146128035678238,1.7160033436348,2023-06-15,"020502060504 Plunketts Creek"
"4364","PK0-KC","Sculpin spp.",74,4.8,0.681241237375587,1.86923171973098,2023-06-15,"020502060504 Plunketts Creek"
"4365","PK0-KC","Bluegill",87,10.36,1.01535975540921,1.93951925261862,2024-06-20,"020502060504 Plunketts Creek"
"4366","PK0-KC","Bluegill",117,27.66,1.44185217577329,2.06818586174616,2024-06-20,"020502060504 Plunketts Creek"
"4367","PK0-KC","Bluegill",104,24.24,1.38453261549425,2.01703333929878,2024-06-20,"020502060504 Plunketts Creek"
"4368","PK0-KC","Blacknose Dace",62,2.07,0.315970345456918,1.79239168949825,2024-06-20,"020502060504 Plunketts Creek"
"4369","PK0-KC","Blacknose Dace",52,1.07,0.0293837776852097,1.7160033436348,2024-06-20,"020502060504 Plunketts Creek"
"4370","PK0-KC","Blacknose Dace",50,1.07,0.0293837776852097,1.69897000433602,2024-06-20,"020502060504 Plunketts Creek"
"4371","PK0-KC","Blacknose Dace",53,1.39,0.143014800254095,1.72427586960079,2024-06-20,"020502060504 Plunketts Creek"
"4372","PK0-KC","Bluegill",95,13.15,1.11892575282578,1.97772360528885,2024-06-20,"020502060504 Plunketts Creek"
"4373","PK0-KC","Bluegill",94,14.65,1.16583762469013,1.9731278535997,2024-06-20,"020502060504 Plunketts Creek"
"4374","PK0-KC","Bluegill",91,14.47,1.16046853111904,1.95904139232109,2024-06-20,"020502060504 Plunketts Creek"
"4375","PK0-KC","Bluegill",84,9.73,0.988112840268352,1.92427928606188,2024-06-20,"020502060504 Plunketts Creek"
"4376","PK0-KC","Blacknose Dace",53,1.35,0.130333768495006,1.72427586960079,2024-06-20,"020502060504 Plunketts Creek"
"4377","PK0-KC","Blacknose Dace",54,1.35,0.130333768495006,1.73239375982297,2024-06-20,"020502060504 Plunketts Creek"
"4378","PK0-KC","Bluegill",137,44.03,1.64374868545953,2.13672056715641,2024-06-20,"020502060504 Plunketts Creek"
"4379","PK0-KC","Sculpin spp.",65,3.52,0.546542663478131,1.81291335664286,2024-06-20,"020502060504 Plunketts Creek"
"4380","PK0-KC","Blacknose Dace",46,0.94,-0.0268721464003014,1.66275783168157,2024-06-20,"020502060504 Plunketts Creek"
"4381","PK0-KC","Sculpin spp.",62,3.19,0.503790683057181,1.79239168949825,2024-06-20,"020502060504 Plunketts Creek"
"4382","PK0-KC","Blacknose Dace",71,4.11,0.613841821876069,1.85125834871908,2024-06-20,"020502060504 Plunketts Creek"
"4383","PK0-KC","Blacknose Dace",39,0.52,-0.283996656365201,1.5910646070265,2024-06-20,"020502060504 Plunketts Creek"
"4384","PK0-KC","Blacknose Dace",68,3.12,0.494154594018443,1.83250891270624,2024-06-20,"020502060504 Plunketts Creek"
"4385","PK0-KC","Sculpin spp.",85,8.3,0.919078092376074,1.92941892571429,2024-06-20,"020502060504 Plunketts Creek"
"4386","PK0-KC","Sculpin spp.",66,3.35,0.525044807036845,1.81954393554187,2024-06-20,"020502060504 Plunketts Creek"
"4387","PK0-KC","Sculpin spp.",56,1.96,0.292256071356476,1.7481880270062,2024-06-20,"020502060504 Plunketts Creek"
"4388","PK0-RK","Longnose Dace",94,9.37,0.971739590887778,1.9731278535997,2025-06-16,"020502060504 Plunketts Creek"
"4389","PK0-RK","Longnose Dace",98,8.15,0.911157608739977,1.99122607569249,2025-06-16,"020502060504 Plunketts Creek"
"4390","PK0-RK","Longnose Dace",100,9.35,0.970811610872518,2,2025-06-16,"020502060504 Plunketts Creek"
"4391","PK0-RK","Longnose Dace",81,5.27,0.721810615212547,1.90848501887865,2025-06-16,"020502060504 Plunketts Creek"
"4392","PK0-RK","Sculpin spp.",62,2.92,0.465382851448418,1.79239168949825,2025-06-16,"020502060504 Plunketts Creek"
"4393","PK0-RK","Longnose Dace",104,11.87,1.07445071895459,2.01703333929878,2025-06-16,"020502060504 Plunketts Creek"
"4394","PK0-RK","Creek Chub",62,2.48,0.394451680826216,1.79239168949825,2025-06-16,"020502060504 Plunketts Creek"
"4395","PK0-RK","Creek Chub",89,6.66,0.823474229170301,1.94939000664491,2025-06-16,"020502060504 Plunketts Creek"
"4396","PK0-RK","Longnose Dace",83,5.13,0.710117365111816,1.91907809237607,2025-06-16,"020502060504 Plunketts Creek"
"4397","PK0-RK","Longnose Dace",105,12.74,1.10516942799933,2.02118929906994,2025-06-16,"020502060504 Plunketts Creek"
"4398","PK0-RK","Longnose Dace",90,7.24,0.859738566197147,1.95424250943932,2025-06-16,"020502060504 Plunketts Creek"
"4399","PK0-RK","Longnose Dace",61,2.14,0.330413773349191,1.78532983501077,2025-06-16,"020502060504 Plunketts Creek"
"4400","PK0-RK","Longnose Dace",94,8,0.903089986991944,1.9731278535997,2025-06-16,"020502060504 Plunketts Creek"
"4401","PK0-RK","Longnose Dace",94,8.76,0.942504106168081,1.9731278535997,2025-06-16,"020502060504 Plunketts Creek"
"4402","PK0-RK","Sculpin spp.",58,2.33,0.367355921026019,1.76342799356294,2025-06-16,"020502060504 Plunketts Creek"
"4403","PK0-RK","Creek Chub",90,7.08,0.850033257689769,1.95424250943932,2025-06-16,"020502060504 Plunketts Creek"
"4404","PK0-RK","Creek Chub",64,2.96,0.471291711058939,1.80617997398389,2025-06-16,"020502060504 Plunketts Creek"
"4405","PK0-RK","Creek Chub",55,1.6,0.204119982655925,1.74036268949424,2025-06-16,"020502060504 Plunketts Creek"
"4406","PK0-RK","Creek Chub",44,0.91,-0.0409586076789064,1.64345267648619,2025-06-16,"020502060504 Plunketts Creek"
"4407","PK0-RK","Longnose Dace",56,1.4,0.146128035678238,1.7481880270062,2022-06-22,"020502060504 Plunketts Creek"
"4408","PK0-RK","Longnose Dace",80,3.7,0.568201724066995,1.90308998699194,2022-06-22,"020502060504 Plunketts Creek"
"4409","PK0-RK","Longnose Dace",56,1.4,0.146128035678238,1.7481880270062,2022-06-22,"020502060504 Plunketts Creek"
"4410","PK0-RK","Longnose Dace",62,1.8,0.255272505103306,1.79239168949825,2022-06-22,"020502060504 Plunketts Creek"
"4411","PK0-RK","Longnose Dace",57,1.5,0.176091259055681,1.75587485567249,2022-06-22,"020502060504 Plunketts Creek"
"4412","PK0-RK","Sculpin spp.",69,3.6,0.556302500767287,1.83884909073726,2022-06-22,"020502060504 Plunketts Creek"
"4413","PK0-RK","Sculpin spp.",71,4.1,0.612783856719735,1.85125834871908,2022-06-22,"020502060504 Plunketts Creek"
"4414","PK0-RK","Longnose Dace",98,8.54,0.931457870689005,1.99122607569249,2025-06-16,"020502060504 Plunketts Creek"
"4415","PK0-RK","Longnose Dace",86,6.23,0.79448804665917,1.93449845124357,2025-06-16,"020502060504 Plunketts Creek"
"4416","PK0-RK","Longnose Dace",96,8.16,0.911690158753861,1.98227123303957,2025-06-16,"020502060504 Plunketts Creek"
"4417","PK0-RK","Sculpin spp.",60,2.87,0.457881896733992,1.77815125038364,2025-06-16,"020502060504 Plunketts Creek"
"4418","PK0-RK","Longnose Dace",54,1.33,0.123851640967086,1.73239375982297,2025-06-16,"020502060504 Plunketts Creek"
"4419","PK0-RK","Sculpin spp.",88,6.8,0.832508912706236,1.94448267215017,2022-06-22,"020502060504 Plunketts Creek"
"4420","PK0-RK","Longnose Dace",59,1.6,0.204119982655925,1.77085201164214,2022-06-22,"020502060504 Plunketts Creek"
"4421","PK0-RK","Sculpin spp.",59,2,0.301029995663981,1.77085201164214,2022-06-22,"020502060504 Plunketts Creek"
"4422","PK0-RK","Sculpin spp.",72,4.6,0.662757831681574,1.85733249643127,2022-06-22,"020502060504 Plunketts Creek"
"4423","PK0-RK","Sculpin spp.",70,4.1,0.612783856719735,1.84509804001426,2022-06-22,"020502060504 Plunketts Creek"
"4424","PK0-RK","Sculpin spp.",89,7.8,0.89209460269048,1.94939000664491,2022-06-22,"020502060504 Plunketts Creek"
"4425","PK0-RK","Sculpin spp.",91,8.1,0.90848501887865,1.95904139232109,2022-06-22,"020502060504 Plunketts Creek"
"4426","PK0-RK","Sculpin spp.",64,3.3,0.518513939877887,1.80617997398389,2022-06-22,"020502060504 Plunketts Creek"
"4427","PK0-RK","Blacknose Dace",52,1.2,0.0791812460476248,1.7160033436348,2022-06-22,"020502060504 Plunketts Creek"
"4428","PK0-RK","Sculpin spp.",60,2.5,0.397940008672038,1.77815125038364,2022-06-22,"020502060504 Plunketts Creek"
"4429","PK0-RK","Sculpin spp.",54,1.9,0.278753600952829,1.73239375982297,2022-06-22,"020502060504 Plunketts Creek"
"4430","PK0-RK","Sculpin spp.",65,2.7,0.431363764158987,1.81291335664286,2022-06-22,"020502060504 Plunketts Creek"
"4431","PK0-RK","Sculpin spp.",56,2.2,0.342422680822206,1.7481880270062,2022-06-22,"020502060504 Plunketts Creek"
"4432","PK0-RK","Sculpin spp.",80,6.4,0.806179973983887,1.90308998699194,2022-06-22,"020502060504 Plunketts Creek"
"4433","PK0-RK","Sculpin spp.",61,2.6,0.414973347970818,1.78532983501077,2022-06-22,"020502060504 Plunketts Creek"
"4434","PK0-RK","Longnose Dace",84,4.5,0.653212513775344,1.92427928606188,2022-06-22,"020502060504 Plunketts Creek"
"4435","PK0-RK","Longnose Dace",55,1.5,0.176091259055681,1.74036268949424,2022-06-22,"020502060504 Plunketts Creek"
"4436","PK0-RK","Creek Chub",92,9.05,0.956648579205203,1.96378782734556,2025-06-16,"020502060504 Plunketts Creek"
"4437","PK0-RK","Creek Chub",93,7.9,0.897627091290441,1.96848294855394,2025-06-16,"020502060504 Plunketts Creek"
"4438","PK0-RK","Longnose Dace",55,1.36,0.133538908370218,1.74036268949424,2025-06-16,"020502060504 Plunketts Creek"
"4439","PK0-RK","Longnose Dace",78,4.55,0.658011396657112,1.89209460269048,2025-06-16,"020502060504 Plunketts Creek"
"4440","PK0-RK","Longnose Dace",78,4.65,0.667452952889954,1.89209460269048,2025-06-16,"020502060504 Plunketts Creek"
"4441","PK0-RK","Longnose Dace",62,1.95,0.290034611362518,1.79239168949825,2025-06-16,"020502060504 Plunketts Creek"
"4442","PK0-RK","Longnose Dace",79,4.83,0.683947130751512,1.89762709129044,2025-06-16,"020502060504 Plunketts Creek"
"4443","PK0-RK","Longnose Dace",91,7.23,0.859138297294531,1.95904139232109,2025-06-16,"020502060504 Plunketts Creek"
"4444","PK0-RK","Longnose Dace",105,10.71,1.02978947083186,2.02118929906994,2025-06-16,"020502060504 Plunketts Creek"
"4445","PK0-RK","Sculpin spp.",66,3.59,0.555094448578319,1.81954393554187,2025-06-16,"020502060504 Plunketts Creek"
"4446","PK0-RK","Sculpin spp.",61,2.64,0.421603926869831,1.78532983501077,2025-06-16,"020502060504 Plunketts Creek"
"4447","PK0-RK","Longnose Dace",67,2.6,0.414973347970818,1.82607480270083,2022-06-22,"020502060504 Plunketts Creek"
"4448","PK0-RK","Longnose Dace",55,1.3,0.113943352306837,1.74036268949424,2022-06-22,"020502060504 Plunketts Creek"
"4449","PK0-RK","Blacknose Dace",49,1,0,1.69019608002851,2022-06-22,"020502060504 Plunketts Creek"
"4450","PK0-RK","Blacknose Dace",48,1.1,0.0413926851582251,1.68124123737559,2022-06-22,"020502060504 Plunketts Creek"
"4451","PK0-RK","Blacknose Dace",63,2.3,0.361727836017593,1.79934054945358,2022-06-22,"020502060504 Plunketts Creek"
"4452","PK0-RK","Blacknose Dace",48,1.2,0.0791812460476248,1.68124123737559,2022-06-22,"020502060504 Plunketts Creek"
"4453","PK0-RK","Blacknose Dace",39,0.6,-0.221848749616356,1.5910646070265,2022-06-22,"020502060504 Plunketts Creek"
"4454","PK0-RK","Blacknose Dace",48,1.3,0.113943352306837,1.68124123737559,2022-06-22,"020502060504 Plunketts Creek"
"4455","PK0-RK","Blacknose Dace",50,1,0,1.69897000433602,2022-06-22,"020502060504 Plunketts Creek"
"4456","PK0-RK","Creek Chub",87,7,0.845098040014257,1.93951925261862,2022-06-22,"020502060504 Plunketts Creek"
"4457","PK0-RK","Creek Chub",67,3.1,0.491361693834273,1.82607480270083,2022-06-22,"020502060504 Plunketts Creek"
"4458","PK0-RK","Creek Chub",63,2.6,0.414973347970818,1.79934054945358,2022-06-22,"020502060504 Plunketts Creek"
"4459","PK0-RK","Creek Chub",92,10,1,1.96378782734556,2022-06-22,"020502060504 Plunketts Creek"
"4460","PK0-RK","Creek Chub",53,1.4,0.146128035678238,1.72427586960079,2022-06-22,"020502060504 Plunketts Creek"
"4461","PK0-RK","Creek Chub",59,2.3,0.361727836017593,1.77085201164214,2022-06-22,"020502060504 Plunketts Creek"
"4462","PK0-RK","Creek Chub",58,2,0.301029995663981,1.76342799356294,2022-06-22,"020502060504 Plunketts Creek"
"4463","PK0-RK","Creek Chub",67,3.2,0.505149978319906,1.82607480270083,2022-06-22,"020502060504 Plunketts Creek"
"4464","PK0-RK","Creek Chub",56,2,0.301029995663981,1.7481880270062,2022-06-22,"020502060504 Plunketts Creek"
"4465","PK0-RK","Creek Chub",63,2.5,0.397940008672038,1.79934054945358,2022-06-22,"020502060504 Plunketts Creek"
"4466","PK0-RK","Longnose Dace",56,1.6,0.204119982655925,1.7481880270062,2022-06-22,"020502060504 Plunketts Creek"
"4467","PK0-RK","Longnose Dace",58,1.4,0.146128035678238,1.76342799356294,2022-06-22,"020502060504 Plunketts Creek"
"4468","PK0-RK","Blacknose Dace",45,0.9,-0.0457574905606751,1.65321251377534,2022-06-22,"020502060504 Plunketts Creek"
"4469","PK0-RK","Blacknose Dace",47,1,0,1.67209785793572,2022-06-22,"020502060504 Plunketts Creek"
"4470","PK0-RK","Blacknose Dace",64,2.1,0.322219294733919,1.80617997398389,2022-06-22,"020502060504 Plunketts Creek"
"4471","PK0-RK","Sculpin spp.",62,2.7,0.431363764158987,1.79239168949825,2022-06-22,"020502060504 Plunketts Creek"
"4472","PK0-RK","Sculpin spp.",53,1.6,0.204119982655925,1.72427586960079,2022-06-22,"020502060504 Plunketts Creek"
"4473","PK0-RK","Sculpin spp.",60,2.4,0.380211241711606,1.77815125038364,2022-06-22,"020502060504 Plunketts Creek"
"4474","PK0-RK","Sculpin spp.",58,2.3,0.361727836017593,1.76342799356294,2022-06-22,"020502060504 Plunketts Creek"
"4475","PK0-RK","Sculpin spp.",53,1.7,0.230448921378274,1.72427586960079,2022-06-22,"020502060504 Plunketts Creek"
"4476","PK0-RK","Longnose Dace",55,1.5,0.176091259055681,1.74036268949424,2022-06-22,"020502060504 Plunketts Creek"
"4477","PK0-RK","Sculpin spp.",59,2.2,0.342422680822206,1.77085201164214,2022-06-22,"020502060504 Plunketts Creek"
"4478","PK0-RK","Sculpin spp.",60,2.5,0.397940008672038,1.77815125038364,2022-06-22,"020502060504 Plunketts Creek"
"4479","PK0-RK","Longnose Dace",55,1.7,0.230448921378274,1.74036268949424,2022-06-22,"020502060504 Plunketts Creek"
"4480","PK0-RK","Longnose Dace",105,9.7,0.986771734266245,2.02118929906994,2022-06-22,"020502060504 Plunketts Creek"
"4481","PK0-RK","Longnose Dace",61,2.2,0.342422680822206,1.78532983501077,2022-06-22,"020502060504 Plunketts Creek"
"4482","PK0-RK","Longnose Dace",58,1.6,0.204119982655925,1.76342799356294,2022-06-22,"020502060504 Plunketts Creek"
"4483","PK0-RK","Longnose Dace",60,1.8,0.255272505103306,1.77815125038364,2022-06-22,"020502060504 Plunketts Creek"
"4484","PK0-RK","Longnose Dace",63,2.1,0.322219294733919,1.79934054945358,2022-06-22,"020502060504 Plunketts Creek"
"4485","PK0-RK","Longnose Dace",58,1.7,0.230448921378274,1.76342799356294,2022-06-22,"020502060504 Plunketts Creek"
"4486","PK0-RK","Longnose Dace",61,1.9,0.278753600952829,1.78532983501077,2022-06-22,"020502060504 Plunketts Creek"
"4487","PK0-RK","Blacknose Dace",47,1,0,1.67209785793572,2022-06-22,"020502060504 Plunketts Creek"
"4488","PK0-RK","Blacknose Dace",46,0.8,-0.0969100130080564,1.66275783168157,2022-06-22,"020502060504 Plunketts Creek"
"4489","PK0-RK","Blacknose Dace",48,1,0,1.68124123737559,2022-06-22,"020502060504 Plunketts Creek"
"4490","PK0-RK","Blacknose Dace",42,0.7,-0.154901959985743,1.6232492903979,2022-06-22,"020502060504 Plunketts Creek"
"4491","PK0-RK","Longnose Dace",65,2.5,0.397940008672038,1.81291335664286,2022-06-22,"020502060504 Plunketts Creek"
"4492","PK0-RK","Longnose Dace",59,1.8,0.255272505103306,1.77085201164214,2022-06-22,"020502060504 Plunketts Creek"
"4493","PK0-RK","Blacknose Dace",53,1.3,0.113943352306837,1.72427586960079,2022-06-22,"020502060504 Plunketts Creek"
"4494","PK0-RK","Blacknose Dace",43,0.6,-0.221848749616356,1.63346845557959,2022-06-22,"020502060504 Plunketts Creek"
"4495","PK0-RK","Blacknose Dace",51,1,0,1.70757017609794,2022-06-22,"020502060504 Plunketts Creek"
"4496","PK0-RK","Blacknose Dace",69,1.9,0.278753600952829,1.83884909073726,2022-06-22,"020502060504 Plunketts Creek"
"4497","PK0-RK","Blacknose Dace",49,1,0,1.69019608002851,2022-06-22,"020502060504 Plunketts Creek"
"4498","PK0-RK","Sculpin spp.",95,9.9,0.99563519459755,1.97772360528885,2022-06-22,"020502060504 Plunketts Creek"
"4499","PK0-RK","Blacknose Dace",58,1.3,0.113943352306837,1.76342799356294,2022-06-22,"020502060504 Plunketts Creek"
"4500","PK0-RK","Blacknose Dace",44,0.7,-0.154901959985743,1.64345267648619,2022-06-22,"020502060504 Plunketts Creek"
"4501","PK0-RK","Blacknose Dace",48,1,0,1.68124123737559,2022-06-22,"020502060504 Plunketts Creek"
"4502","PK0-RK","Blacknose Dace",45,0.8,-0.0969100130080564,1.65321251377534,2022-06-22,"020502060504 Plunketts Creek"
"4503","PK0-RK","Blacknose Dace",51,1.1,0.0413926851582251,1.70757017609794,2022-06-22,"020502060504 Plunketts Creek"
"4504","PK0-RK","Blacknose Dace",42,0.6,-0.221848749616356,1.6232492903979,2022-06-22,"020502060504 Plunketts Creek"
"4505","PK0-RK","Blacknose Dace",60,1.9,0.278753600952829,1.77815125038364,2022-06-22,"020502060504 Plunketts Creek"
"4506","PK0-RK","Longnose Dace",79,4.14,0.617000341120899,1.89762709129044,2025-06-16,"020502060504 Plunketts Creek"
"4507","PK0-RK","Blacknose Dace",58,1.61,0.20682587603185,1.76342799356294,2025-06-16,"020502060504 Plunketts Creek"
"4508","PK0-RK","Blacknose Dace",59,1.89,0.276461804173244,1.77085201164214,2025-06-16,"020502060504 Plunketts Creek"
"4509","PK0-RK","Blacknose Dace",59,1.9,0.278753600952829,1.77085201164214,2025-06-16,"020502060504 Plunketts Creek"
"4510","PK0-RK","Blacknose Dace",55,1.53,0.184691430817599,1.74036268949424,2025-06-16,"020502060504 Plunketts Creek"
"4511","PK0-RK","Blacknose Dace",60,2.02,0.305351369446624,1.77815125038364,2025-06-16,"020502060504 Plunketts Creek"
"4512","PK0-RK","Longnose Dace",97,7.85,0.894869656745253,1.98677173426624,2025-06-16,"020502060504 Plunketts Creek"
"4513","PK0-RK","Blacknose Dace",66,2.57,0.409933123331295,1.81954393554187,2025-06-16,"020502060504 Plunketts Creek"
"4514","PK0-RK","Blacknose Dace",69,2.95,0.469822015978163,1.83884909073726,2025-06-16,"020502060504 Plunketts Creek"
"4515","PK0-RK","Blacknose Dace",55,1.55,0.190331698170291,1.74036268949424,2025-06-16,"020502060504 Plunketts Creek"
"4516","PK0-RK","Sculpin spp.",60,2.4,0.380211241711606,1.77815125038364,2022-06-22,"020502060504 Plunketts Creek"
"4517","PK0-RK","Blacknose Dace",62,2,0.301029995663981,1.79239168949825,2022-06-22,"020502060504 Plunketts Creek"
"4518","PK0-RK","Blacknose Dace",69,2.9,0.462397997898956,1.83884909073726,2022-06-22,"020502060504 Plunketts Creek"
"4519","PK0-RK","Blacknose Dace",60,2,0.301029995663981,1.77815125038364,2022-06-22,"020502060504 Plunketts Creek"
"4520","PK0-RK","Sculpin spp.",68,4.1,0.612783856719735,1.83250891270624,2022-06-22,"020502060504 Plunketts Creek"
"4521","PK0-RK","Sculpin spp.",65,3.1,0.491361693834273,1.81291335664286,2022-06-22,"020502060504 Plunketts Creek"
"4522","PK0-RK","Sculpin spp.",57,2,0.301029995663981,1.75587485567249,2022-06-22,"020502060504 Plunketts Creek"
"4523","PK0-RK","Sculpin spp.",58,2,0.301029995663981,1.76342799356294,2022-06-22,"020502060504 Plunketts Creek"
"4524","PK0-RK","Longnose Dace",68,2,0.301029995663981,1.83250891270624,2022-06-22,"020502060504 Plunketts Creek"
"4525","PK0-RK","Longnose Dace",58,1.8,0.255272505103306,1.76342799356294,2022-06-22,"020502060504 Plunketts Creek"
"4526","PK0-RK","Longnose Dace",80,4.7,0.672097857935718,1.90308998699194,2022-06-22,"020502060504 Plunketts Creek"
"4527","PK0-RK","Longnose Dace",60,1.7,0.230448921378274,1.77815125038364,2022-06-22,"020502060504 Plunketts Creek"
"4528","PK0-RK","Longnose Dace",64,2.1,0.322219294733919,1.80617997398389,2022-06-22,"020502060504 Plunketts Creek"
"4529","PK0-RK","Sculpin spp.",74,4.3,0.633468455579587,1.86923171973098,2023-06-15,"020502060504 Plunketts Creek"
"4530","PK0-RK","Sculpin spp.",76,5.2,0.716003343634799,1.88081359228079,2023-06-15,"020502060504 Plunketts Creek"
"4531","PK0-RK","Sculpin spp.",49,1.2,0.0791812460476248,1.69019608002851,2023-06-15,"020502060504 Plunketts Creek"
"4532","PK0-RK","Sculpin spp.",61,2.3,0.361727836017593,1.78532983501077,2023-06-15,"020502060504 Plunketts Creek"
"4533","PK0-RK","Sculpin spp.",61,2.3,0.361727836017593,1.78532983501077,2023-06-15,"020502060504 Plunketts Creek"
"4534","PK0-RK","Sculpin spp.",54,1.5,0.176091259055681,1.73239375982297,2023-06-15,"020502060504 Plunketts Creek"
"4535","PK0-RK","Sculpin spp.",50,1.4,0.146128035678238,1.69897000433602,2023-06-15,"020502060504 Plunketts Creek"
"4536","PK0-RK","Longnose Dace",49,1,0,1.69019608002851,2022-06-22,"020502060504 Plunketts Creek"
"4537","PK0-RK","Longnose Dace",61,2,0.301029995663981,1.78532983501077,2022-06-22,"020502060504 Plunketts Creek"
"4538","PK0-RK","Sculpin spp.",71,3.9,0.591064607026499,1.85125834871908,2022-06-22,"020502060504 Plunketts Creek"
"4539","PK0-RK","Sculpin spp.",75,4.3,0.633468455579587,1.8750612633917,2022-06-22,"020502060504 Plunketts Creek"
"4540","PK0-RK","Sculpin spp.",66,3.7,0.568201724066995,1.81954393554187,2022-06-22,"020502060504 Plunketts Creek"
"4541","PK0-RK","Longnose Dace",105,10.61,1.02571538390134,2.02118929906994,2025-06-16,"020502060504 Plunketts Creek"
"4542","PK0-RK","Longnose Dace",78,4.29,0.632457292184724,1.89209460269048,2025-06-16,"020502060504 Plunketts Creek"
"4543","PK0-RK","Blacknose Dace",42,0.66,-0.180456064458131,1.6232492903979,2025-06-16,"020502060504 Plunketts Creek"
"4544","PK0-RK","Longnose Dace",54,1.39,0.143014800254095,1.73239375982297,2025-06-16,"020502060504 Plunketts Creek"
"4545","PK0-RK","Longnose Dace",96,8.98,0.953276336667304,1.98227123303957,2025-06-16,"020502060504 Plunketts Creek"
"4546","PK0-RK","Blacknose Dace",39,0.57,-0.244125144327509,1.5910646070265,2025-06-16,"020502060504 Plunketts Creek"
"4547","PK0-RK","Blacknose Dace",54,1.55,0.190331698170291,1.73239375982297,2025-06-16,"020502060504 Plunketts Creek"
"4548","PK0-RK","Blacknose Dace",45,0.9,-0.0457574905606751,1.65321251377534,2025-06-16,"020502060504 Plunketts Creek"
"4549","PK0-RK","Blacknose Dace",45,0.8,-0.0969100130080564,1.65321251377534,2025-06-16,"020502060504 Plunketts Creek"
"4550","PK0-RK","Blacknose Dace",65,2.45,0.389166084364532,1.81291335664286,2025-06-16,"020502060504 Plunketts Creek"
"4551","PK0-RK","Blacknose Dace",58,1.55,0.190331698170291,1.76342799356294,2025-06-16,"020502060504 Plunketts Creek"
"4552","PK0-RK","Blacknose Dace",42,0.63,-0.200659450546418,1.6232492903979,2025-06-16,"020502060504 Plunketts Creek"
"4553","PK0-RK","Blacknose Dace",50,1.08,0.0334237554869497,1.69897000433602,2025-06-16,"020502060504 Plunketts Creek"
"4554","PK0-RK","Blacknose Dace",51,1.25,0.0969100130080564,1.70757017609794,2025-06-16,"020502060504 Plunketts Creek"
"4555","PK0-RK","Longnose Dace",106,10.3,1.01283722470517,2.02530586526477,2025-06-16,"020502060504 Plunketts Creek"
"4556","PK0-RK","Longnose Dace",77,4.2,0.6232492903979,1.88649072517248,2025-06-16,"020502060504 Plunketts Creek"
"4557","PK0-RK","Blacknose Dace",59,1.92,0.28330122870355,1.77085201164214,2025-06-16,"020502060504 Plunketts Creek"
"4558","PK0-RK","Blacknose Dace",65,2.69,0.429752280002408,1.81291335664286,2025-06-16,"020502060504 Plunketts Creek"
"4559","PK0-RK","Blacknose Dace",44,0.74,-0.130768280269024,1.64345267648619,2025-06-16,"020502060504 Plunketts Creek"
"4560","PK0-RK","Blacknose Dace",55,1.56,0.193124598354462,1.74036268949424,2025-06-16,"020502060504 Plunketts Creek"
"4561","PK0-RK","Blacknose Dace",43,0.75,-0.1249387366083,1.63346845557959,2025-06-16,"020502060504 Plunketts Creek"
"4562","PK0-RK","Blacknose Dace",63,2.27,0.356025857193123,1.79934054945358,2025-06-16,"020502060504 Plunketts Creek"
"4563","PK0-RK","Blacknose Dace",74,3.59,0.555094448578319,1.86923171973098,2025-06-16,"020502060504 Plunketts Creek"
"4564","PK0-RK","Blacknose Dace",49,1.27,0.103803720955957,1.69019608002851,2025-06-16,"020502060504 Plunketts Creek"
"4565","PK0-RK","Sculpin spp.",66,3.38,0.528916700277655,1.81954393554187,2025-06-16,"020502060504 Plunketts Creek"
"4566","PK0-RK","Sculpin spp.",56,2.02,0.305351369446624,1.7481880270062,2025-06-16,"020502060504 Plunketts Creek"
"4567","PK0-RK","Sculpin spp.",63,2.9,0.462397997898956,1.79934054945358,2025-06-16,"020502060504 Plunketts Creek"
"4568","PK0-RK","Sculpin spp.",61,2.76,0.440909082065218,1.78532983501077,2025-06-16,"020502060504 Plunketts Creek"
"4569","PK0-RK","Sculpin spp.",76,5.18,0.714329759745233,1.88081359228079,2025-06-16,"020502060504 Plunketts Creek"
"4570","PK0-RK","Sculpin spp.",66,3.51,0.545307116465824,1.81954393554187,2025-06-16,"020502060504 Plunketts Creek"
"4571","PK0-RK","Sculpin spp.",56,1.97,0.294466226161593,1.7481880270062,2025-06-16,"020502060504 Plunketts Creek"
"4572","PK0-RK","Sculpin spp.",54,1.65,0.217483944213906,1.73239375982297,2025-06-16,"020502060504 Plunketts Creek"
"4573","PK0-RK","Sculpin spp.",56,2.15,0.332438459915605,1.7481880270062,2025-06-16,"020502060504 Plunketts Creek"
"4574","PK0-RK","Sculpin spp.",75,5.49,0.739572344450092,1.8750612633917,2025-06-16,"020502060504 Plunketts Creek"
"4575","PK0-RK","Sculpin spp.",57,2.19,0.340444114840118,1.75587485567249,2025-06-16,"020502060504 Plunketts Creek"
"4576","PK0-RK","Sculpin spp.",65,3.36,0.526339277389844,1.81291335664286,2025-06-16,"020502060504 Plunketts Creek"
"4577","PK0-RK","Sculpin spp.",58,2.44,0.387389826338729,1.76342799356294,2025-06-16,"020502060504 Plunketts Creek"
"4578","PK0-RK","Sculpin spp.",58,2.43,0.385606273598312,1.76342799356294,2025-06-16,"020502060504 Plunketts Creek"
"4579","PK0-RK","Sculpin spp.",63,2.95,0.469822015978163,1.79934054945358,2025-06-16,"020502060504 Plunketts Creek"
"4580","PK0-RK","Sculpin spp.",50,1.48,0.170261715394957,1.69897000433602,2025-06-16,"020502060504 Plunketts Creek"
"4581","PK0-RK","Sculpin spp.",54,1.87,0.271841606536499,1.73239375982297,2025-06-16,"020502060504 Plunketts Creek"
"4582","PK0-RK","Blacknose Dace",48,1.07,0.0293837776852097,1.68124123737559,2025-06-16,"020502060504 Plunketts Creek"
"4583","PK0-RK","Blacknose Dace",59,2.01,0.303196057420489,1.77085201164214,2025-06-16,"020502060504 Plunketts Creek"
"4584","PK0-RK","Blacknose Dace",57,1.93,0.285557309007774,1.75587485567249,2025-06-16,"020502060504 Plunketts Creek"
"4585","PK0-RK","Blacknose Dace",59,1.98,0.296665190261531,1.77085201164214,2025-06-16,"020502060504 Plunketts Creek"
"4586","PK0-RK","Sculpin spp.",65,3.31,0.519827993775719,1.81291335664286,2025-06-16,"020502060504 Plunketts Creek"
"4587","PK0-RK","Sculpin spp.",56,1.94,0.287801729930226,1.7481880270062,2025-06-16,"020502060504 Plunketts Creek"
"4588","PK0-RK","Sculpin spp.",55,1.92,0.28330122870355,1.74036268949424,2025-06-16,"020502060504 Plunketts Creek"
"4589","PK0-RK","Sculpin spp.",60,2.57,0.409933123331295,1.77815125038364,2025-06-16,"020502060504 Plunketts Creek"
"4590","PK0-RK","Sculpin spp.",54,1.98,0.296665190261531,1.73239375982297,2025-06-16,"020502060504 Plunketts Creek"
"4591","PK0-RK","Sculpin spp.",54,2.08,0.318063334962762,1.73239375982297,2025-06-16,"020502060504 Plunketts Creek"
"4592","PK0-RK","Sculpin spp.",53,1.71,0.232996110392154,1.72427586960079,2025-06-16,"020502060504 Plunketts Creek"
"4593","PK0-RK","Sculpin spp.",62,2.82,0.450249108319361,1.79239168949825,2025-06-16,"020502060504 Plunketts Creek"
"4594","PK0-RK","Longnose Dace",95,7.86,0.895422546039408,1.97772360528885,2024-06-26,"020502060504 Plunketts Creek"
"4595","PK0-RK","Longnose Dace",77,4.5,0.653212513775344,1.88649072517248,2024-06-26,"020502060504 Plunketts Creek"
"4596","PK0-RK","Longnose Dace",71,3.45,0.537819095073274,1.85125834871908,2024-06-26,"020502060504 Plunketts Creek"
"4597","PK0-RK","Longnose Dace",69,2.86,0.456366033129043,1.83884909073726,2024-06-26,"020502060504 Plunketts Creek"
"4598","PK0-RK","Longnose Dace",81,4.56,0.658964842664435,1.90848501887865,2024-06-26,"020502060504 Plunketts Creek"
"4599","PK0-RK","Longnose Dace",86,4.81,0.682145076373832,1.93449845124357,2024-06-26,"020502060504 Plunketts Creek"
"4600","PK0-RK","Longnose Dace",86,5.86,0.767897616018091,1.93449845124357,2024-06-26,"020502060504 Plunketts Creek"
"4601","PK0-RK","Blacknose Dace",56,1.6,0.204119982655925,1.7481880270062,2024-06-26,"020502060504 Plunketts Creek"
"4602","PK0-RK","Longnose Dace",84,5.75,0.75966784468963,1.92427928606188,2024-06-26,"020502060504 Plunketts Creek"
"4603","PK0-RK","Longnose Dace",74,3.88,0.588831725594207,1.86923171973098,2024-06-26,"020502060504 Plunketts Creek"
"4604","PK0-RK","Longnose Dace",81,4.09,0.611723308007342,1.90848501887865,2024-06-26,"020502060504 Plunketts Creek"
"4605","PK0-RK","Longnose Dace",94,8.12,0.909556029241175,1.9731278535997,2024-06-26,"020502060504 Plunketts Creek"
"4606","PK0-RK","Longnose Dace",82,4.46,0.649334858712142,1.91381385238372,2024-06-26,"020502060504 Plunketts Creek"
"4607","PK0-RK","Longnose Dace",70,3.18,0.502427119984433,1.84509804001426,2024-06-26,"020502060504 Plunketts Creek"
"4608","PK0-RK","Blacknose Dace",62,2.21,0.344392273685111,1.79239168949825,2024-06-26,"020502060504 Plunketts Creek"
"4609","PK0-RK","Blacknose Dace",44,0.81,-0.0915149811213502,1.64345267648619,2024-06-26,"020502060504 Plunketts Creek"
"4610","PK0-RK","Blacknose Dace",38,0.47,-0.327902142064283,1.57978359661681,2024-06-26,"020502060504 Plunketts Creek"
"4611","PK0-RK","Blacknose Dace",73,3.69,0.56702636615906,1.86332286012046,2024-06-26,"020502060504 Plunketts Creek"
"4612","PK0-RK","Blacknose Dace",37,0.43,-0.366531544420413,1.56820172406699,2024-06-26,"020502060504 Plunketts Creek"
"4613","PK0-RK","Blacknose Dace",43,0.71,-0.148741651280925,1.63346845557959,2024-06-26,"020502060504 Plunketts Creek"
"4614","PK0-RK","Blacknose Dace",72,3.39,0.530199698203082,1.85733249643127,2024-06-26,"020502060504 Plunketts Creek"
"4615","PK0-RK","Blacknose Dace",48,1,0,1.68124123737559,2024-06-26,"020502060504 Plunketts Creek"
"4616","PK0-RK","Blacknose Dace",61,2.08,0.318063334962762,1.78532983501077,2024-06-26,"020502060504 Plunketts Creek"
"4617","PK0-RK","Blacknose Dace",42,0.71,-0.148741651280925,1.6232492903979,2024-06-26,"020502060504 Plunketts Creek"
"4618","PK0-RK","Blacknose Dace",40,0.54,-0.267606240177031,1.60205999132796,2024-06-26,"020502060504 Plunketts Creek"
"4619","PK0-RK","Blacknose Dace",39,0.5,-0.301029995663981,1.5910646070265,2024-06-26,"020502060504 Plunketts Creek"
"4620","PK0-RK","Blacknose Dace",37,0.42,-0.3767507096021,1.56820172406699,2024-06-26,"020502060504 Plunketts Creek"
"4621","PK0-RK","Longnose Dace",90,6.42,0.807535028068853,1.95424250943932,2024-06-26,"020502060504 Plunketts Creek"
"4622","PK0-RK","Longnose Dace",83,5.16,0.712649701627211,1.91907809237607,2024-06-26,"020502060504 Plunketts Creek"
"4623","PK0-RK","Longnose Dace",95,7.52,0.876217840591642,1.97772360528885,2024-06-26,"020502060504 Plunketts Creek"
"4624","PK0-RK","Longnose Dace",75,3.6,0.556302500767287,1.8750612633917,2024-06-26,"020502060504 Plunketts Creek"
"4625","PK0-RK","Longnose Dace",86,5.52,0.741939077729199,1.93449845124357,2024-06-26,"020502060504 Plunketts Creek"
"4626","PK0-RK","Longnose Dace",81,5.33,0.726727209026572,1.90848501887865,2024-06-26,"020502060504 Plunketts Creek"
"4627","PK0-RK","Creek Chub",69,3.41,0.532754378992498,1.83884909073726,2024-06-26,"020502060504 Plunketts Creek"
"4628","PK0-RK","Creek Chub",57,1.83,0.262451089730429,1.75587485567249,2024-06-26,"020502060504 Plunketts Creek"
"4629","PK0-RK","Blacknose Dace",73,3.39,0.530199698203082,1.86332286012046,2024-06-26,"020502060504 Plunketts Creek"
"4630","PK0-RK","Blacknose Dace",70,3.31,0.519827993775719,1.84509804001426,2024-06-26,"020502060504 Plunketts Creek"
"4631","PK0-RK","Blacknose Dace",54,1.55,0.190331698170291,1.73239375982297,2024-06-26,"020502060504 Plunketts Creek"
"4632","PK0-RK","Blacknose Dace",47,0.9,-0.0457574905606751,1.67209785793572,2024-06-26,"020502060504 Plunketts Creek"
"4633","PK0-RK","Blacknose Dace",49,0.96,-0.0177287669604316,1.69019608002851,2024-06-26,"020502060504 Plunketts Creek"
"4634","PK0-RK","Blacknose Dace",37,0.38,-0.42021640338319,1.56820172406699,2024-06-26,"020502060504 Plunketts Creek"
"4635","PK0-RK","Blacknose Dace",49,0.98,-0.00877392430750515,1.69019608002851,2024-06-26,"020502060504 Plunketts Creek"
"4636","PK0-RK","Blacknose Dace",44,0.74,-0.130768280269024,1.64345267648619,2024-06-26,"020502060504 Plunketts Creek"
"4637","PK0-RK","Blacknose Dace",37,0.43,-0.366531544420413,1.56820172406699,2024-06-26,"020502060504 Plunketts Creek"
"4638","PK0-RK","Blacknose Dace",36,0.38,-0.42021640338319,1.55630250076729,2024-06-26,"020502060504 Plunketts Creek"
"4639","PK0-RK","Blacknose Dace",62,2.17,0.33645973384853,1.79239168949825,2024-06-26,"020502060504 Plunketts Creek"
"4640","PK0-RK","Blacknose Dace",50,1,0,1.69897000433602,2024-06-26,"020502060504 Plunketts Creek"
"4641","PK0-RK","Blacknose Dace",39,0.43,-0.366531544420413,1.5910646070265,2024-06-26,"020502060504 Plunketts Creek"
"4642","PK0-RK","Blacknose Dace",63,2.5,0.397940008672038,1.79934054945358,2024-06-26,"020502060504 Plunketts Creek"
"4643","PK0-RK","Longnose Dace",73,2.19,0.340444114840118,1.86332286012046,2024-06-26,"020502060504 Plunketts Creek"
"4644","PK0-RK","Longnose Dace",89,5.97,0.775974331129369,1.94939000664491,2024-06-26,"020502060504 Plunketts Creek"
"4645","PK0-RK","Longnose Dace",80,5.04,0.702430536445525,1.90308998699194,2024-06-26,"020502060504 Plunketts Creek"
"4646","PK0-RK","Longnose Dace",87,5.76,0.760422483423212,1.93951925261862,2024-06-26,"020502060504 Plunketts Creek"
"4647","PK0-RK","Sculpin spp.",92,10.44,1.01870049866624,1.96378782734556,2024-06-26,"020502060504 Plunketts Creek"
"4648","PK0-RK","Sculpin spp.",80,6.08,0.783903579272735,1.90308998699194,2024-06-26,"020502060504 Plunketts Creek"
"4649","PK0-RK","Sculpin spp.",80,6.32,0.800717078282385,1.90308998699194,2024-06-26,"020502060504 Plunketts Creek"
"4650","PK0-RK","Sculpin spp.",88,7.97,0.901458321396112,1.94448267215017,2024-06-26,"020502060504 Plunketts Creek"
"4651","PK0-RK","Sculpin spp.",67,3.56,0.551449997972875,1.82607480270083,2024-06-26,"020502060504 Plunketts Creek"
"4652","PK0-RK","Sculpin spp.",77,5.42,0.733999286538387,1.88649072517248,2024-06-26,"020502060504 Plunketts Creek"
"4653","PK0-RK","Sculpin spp.",80,6.3,0.799340549453582,1.90308998699194,2024-06-26,"020502060504 Plunketts Creek"
"4654","PK0-RK","Sculpin spp.",88,7.77,0.890421018800914,1.94448267215017,2024-06-26,"020502060504 Plunketts Creek"
"4655","PK0-RK","Blacknose Dace",62,2.39,0.378397900948138,1.79239168949825,2024-06-26,"020502060504 Plunketts Creek"
"4656","PK0-RK","Longnose Dace",93,7.29,0.862727528317975,1.96848294855394,2024-06-26,"020502060504 Plunketts Creek"
"4657","PK0-RK","Longnose Dace",67,2.36,0.372912002970107,1.82607480270083,2024-06-26,"020502060504 Plunketts Creek"
"4658","PK0-RK","Longnose Dace",95,7.13,0.853089529851866,1.97772360528885,2024-06-26,"020502060504 Plunketts Creek"
"4659","PK0-RK","Longnose Dace",69,2.72,0.434568904034199,1.83884909073726,2024-06-26,"020502060504 Plunketts Creek"
"4660","PK0-RK","Longnose Dace",82,5.24,0.719331286983727,1.91381385238372,2024-06-26,"020502060504 Plunketts Creek"
"4661","PK0-RK","Sculpin spp.",56,1.98,0.296665190261531,1.7481880270062,2024-06-26,"020502060504 Plunketts Creek"
"4662","PK0-RK","Sculpin spp.",96,11.1,1.04532297878666,1.98227123303957,2024-06-26,"020502060504 Plunketts Creek"
"4663","PK0-RK","Sculpin spp.",77,6.02,0.779596491257824,1.88649072517248,2024-06-26,"020502060504 Plunketts Creek"
"4664","PK0-RK","Sculpin spp.",86,8.43,0.925827574624742,1.93449845124357,2024-06-26,"020502060504 Plunketts Creek"
"4665","PK0-RK","Sculpin spp.",70,4.13,0.615950051656401,1.84509804001426,2024-06-26,"020502060504 Plunketts Creek"
"4666","PK0-RK","Sculpin spp.",73,3.79,0.578639209968072,1.86332286012046,2024-06-26,"020502060504 Plunketts Creek"
"4667","PK0-RK","Sculpin spp.",62,2.72,0.434568904034199,1.79239168949825,2024-06-26,"020502060504 Plunketts Creek"
"4668","PK0-RK","Sculpin spp.",80,6.33,0.801403710017355,1.90308998699194,2024-06-26,"020502060504 Plunketts Creek"
"4669","PK0-RK","Sculpin spp.",71,4.66,0.66838591669,1.85125834871908,2024-06-26,"020502060504 Plunketts Creek"
"4670","PK0-RK","Sculpin spp.",70,4.16,0.619093330626743,1.84509804001426,2024-06-26,"020502060504 Plunketts Creek"
"4671","PK0-RK","Sculpin spp.",79,6.24,0.795184589682424,1.89762709129044,2024-06-26,"020502060504 Plunketts Creek"
"4672","PK0-RK","Sculpin spp.",88,8.44,0.926342446625655,1.94448267215017,2024-06-26,"020502060504 Plunketts Creek"
"4673","PK0-RK","Sculpin spp.",62,2.69,0.429752280002408,1.79239168949825,2024-06-26,"020502060504 Plunketts Creek"
"4674","PK0-RK","Sculpin spp.",63,3.18,0.502427119984433,1.79934054945358,2024-06-26,"020502060504 Plunketts Creek"
"4675","PK0-RK","Sculpin spp.",79,5.42,0.733999286538387,1.89762709129044,2024-06-26,"020502060504 Plunketts Creek"
"4676","PK0-RK","Sculpin spp.",61,2.57,0.409933123331295,1.78532983501077,2024-06-26,"020502060504 Plunketts Creek"
"4677","PK0-RK","Bluegill",92,12.36,1.0920184707528,1.96378782734556,2024-06-26,"020502060504 Plunketts Creek"
"4678","PK0-RK","Sculpin spp.",91,8.67,0.93801909747621,1.95904139232109,2024-06-26,"020502060504 Plunketts Creek"
"4679","PK0-RK","Sculpin spp.",80,6.29,0.798650645445269,1.90308998699194,2024-06-26,"020502060504 Plunketts Creek"
"4680","PK0-RK","Sculpin spp.",68,3.8,0.57978359661681,1.83250891270624,2024-06-26,"020502060504 Plunketts Creek"
"4681","PK0-RK","Sculpin spp.",60,2.35,0.371067862271736,1.77815125038364,2024-06-26,"020502060504 Plunketts Creek"
"4682","PK0-RK","Sculpin spp.",69,3.42,0.534026106056135,1.83884909073726,2024-06-26,"020502060504 Plunketts Creek"
"4683","PK0-RK","Sculpin spp.",65,3.16,0.499687082618404,1.81291335664286,2024-06-26,"020502060504 Plunketts Creek"
"4684","Rice.LeftAsaph","Sculpin spp.",98,11.33,1.0542299098634,1.99122607569249,2024-07-16,"020502050302 Asaph Run"
"4685","Rice.LeftAsaph","Sculpin spp.",59,1.7,0.230448921378274,1.77085201164214,2024-07-16,"020502050302 Asaph Run"
"4686","Rice.LeftAsaph","Sculpin spp.",66,2.7,0.431363764158987,1.81954393554187,2024-07-16,"020502050302 Asaph Run"
"4687","Rice.LeftAsaph","Sculpin spp.",66,2.84,0.453318340047038,1.81954393554187,2024-07-16,"020502050302 Asaph Run"
"4688","Rice.LeftAsaph","Sculpin spp.",67,2.88,0.459392487759231,1.82607480270083,2024-07-16,"020502050302 Asaph Run"
"4689","Scar.Loyalsock","Creek Chub",83,6.31,0.800029359244134,1.91907809237607,2024-06-28,"020502060503 Ogdonia Creek-Loyalsock Creek"
"4690","Shanerburg.Loyalsock","Sculpin spp.",64,2.43,0.385606273598312,1.80617997398389,2025-06-24,"020502060304 Little Loyalsock Creek-Loyalsock Creek"
"4691","Shanerburg.Loyalsock","Sculpin spp.",84,7.2,0.857332496431269,1.92427928606188,2022-06-28,"020502060304 Little Loyalsock Creek-Loyalsock Creek"
"4692","Shanerburg.Loyalsock","Sculpin spp.",71,4.5,0.653212513775344,1.85125834871908,2022-06-28,"020502060304 Little Loyalsock Creek-Loyalsock Creek"
"4693","Shanerburg.Loyalsock","Sculpin spp.",91,8.9,0.949390006644913,1.95904139232109,2022-06-28,"020502060304 Little Loyalsock Creek-Loyalsock Creek"
"4694","Shanerburg.Loyalsock","Sculpin spp.",58,1.51,0.178976947293169,1.76342799356294,2025-06-24,"020502060304 Little Loyalsock Creek-Loyalsock Creek"
"4695","Shanerburg.Loyalsock","Sculpin spp.",75,5.4,0.732393759822969,1.8750612633917,2022-06-28,"020502060304 Little Loyalsock Creek-Loyalsock Creek"
"4696","Shanerburg.Loyalsock","Sculpin spp.",52,1.8,0.255272505103306,1.7160033436348,2022-06-28,"020502060304 Little Loyalsock Creek-Loyalsock Creek"
"4697","Shanerburg.Loyalsock","Longnose Dace",148,36.6,1.56348108539441,2.17026171539496,2022-06-28,"020502060304 Little Loyalsock Creek-Loyalsock Creek"
"4698","Shanerburg.Loyalsock","Sculpin spp.",67,3.2,0.505149978319906,1.82607480270083,2022-06-28,"020502060304 Little Loyalsock Creek-Loyalsock Creek"
"4699","Shanerburg.Loyalsock","Sculpin spp.",78,5,0.698970004336019,1.89209460269048,2022-06-28,"020502060304 Little Loyalsock Creek-Loyalsock Creek"
"4700","Shanerburg.Loyalsock","Sculpin spp.",90,8.8,0.944482672150169,1.95424250943932,2022-06-28,"020502060304 Little Loyalsock Creek-Loyalsock Creek"
"4701","Shanerburg.Loyalsock","Longnose Dace",154,38,1.57978359661681,2.18752072083646,2022-06-28,"020502060304 Little Loyalsock Creek-Loyalsock Creek"
"4702","Shanerburg.Loyalsock","Sculpin spp.",57,2.3,0.361727836017593,1.75587485567249,2022-06-28,"020502060304 Little Loyalsock Creek-Loyalsock Creek"
"4703","Shanerburg.Loyalsock","Longnose Dace",137,25.7,1.40993312333129,2.13672056715641,2022-06-28,"020502060304 Little Loyalsock Creek-Loyalsock Creek"
"4704","Shanerburg.Loyalsock","Longnose Dace",95,8.2,0.913813852383717,1.97772360528885,2022-06-28,"020502060304 Little Loyalsock Creek-Loyalsock Creek"
"4705","Shanerburg.Loyalsock","Sculpin spp.",55,2,0.301029995663981,1.74036268949424,2022-06-28,"020502060304 Little Loyalsock Creek-Loyalsock Creek"
"4706","Shanerburg.Loyalsock","Sculpin spp.",97,11.1,1.04532297878666,1.98677173426624,2022-06-28,"020502060304 Little Loyalsock Creek-Loyalsock Creek"
"4707","Shanerburg.Loyalsock","Sculpin spp.",64,2.79,0.445604203273598,1.80617997398389,2025-06-24,"020502060304 Little Loyalsock Creek-Loyalsock Creek"
"4708","Shanerburg.Loyalsock","Sculpin spp.",86,7.21,0.857935264719429,1.93449845124357,2025-06-24,"020502060304 Little Loyalsock Creek-Loyalsock Creek"
"4709","Shanerburg.Loyalsock","Sculpin spp.",79,5.58,0.746634198937579,1.89762709129044,2025-06-24,"020502060304 Little Loyalsock Creek-Loyalsock Creek"
"4710","Shanerburg.Loyalsock","Sculpin spp.",53,1.6,0.204119982655925,1.72427586960079,2025-06-24,"020502060304 Little Loyalsock Creek-Loyalsock Creek"
"4711","Shanerburg.Loyalsock","Sculpin spp.",78,4.94,0.693726948923647,1.89209460269048,2025-06-24,"020502060304 Little Loyalsock Creek-Loyalsock Creek"
"4712","Shanerburg.Loyalsock","Sculpin spp.",66,3.06,0.48572142648158,1.81954393554187,2025-06-24,"020502060304 Little Loyalsock Creek-Loyalsock Creek"
"4713","Shanerburg.Loyalsock","Sculpin spp.",51,1.6,0.204119982655925,1.70757017609794,2022-06-28,"020502060304 Little Loyalsock Creek-Loyalsock Creek"
"4714","Shanerburg.Loyalsock","Sculpin spp.",55,1.7,0.230448921378274,1.74036268949424,2022-06-28,"020502060304 Little Loyalsock Creek-Loyalsock Creek"
"4715","Shanerburg.Loyalsock","Sculpin spp.",61,2.3,0.361727836017593,1.78532983501077,2022-06-28,"020502060304 Little Loyalsock Creek-Loyalsock Creek"
"4716","Shanerburg.Loyalsock","Longnose Dace",142,28.4,1.45331834004704,2.15228834438306,2022-06-28,"020502060304 Little Loyalsock Creek-Loyalsock Creek"
"4717","Shanerburg.Loyalsock","Sculpin spp.",90,9.1,0.959041392321094,1.95424250943932,2022-06-28,"020502060304 Little Loyalsock Creek-Loyalsock Creek"
"4718","Shanerburg.Loyalsock","Longnose Dace",107,12.4,1.09342168516224,2.02938377768521,2022-06-28,"020502060304 Little Loyalsock Creek-Loyalsock Creek"
"4719","Shanerburg.Loyalsock","Sculpin spp.",54,2,0.301029995663981,1.73239375982297,2022-06-28,"020502060304 Little Loyalsock Creek-Loyalsock Creek"
"4720","Shanerburg.Loyalsock","Sculpin spp.",70,3.6,0.556302500767287,1.84509804001426,2022-06-28,"020502060304 Little Loyalsock Creek-Loyalsock Creek"
"4721","Shanerburg.Loyalsock","Longnose Dace",131,24,1.38021124171161,2.11727129565576,2022-06-28,"020502060304 Little Loyalsock Creek-Loyalsock Creek"
"4722","Shanerburg.Loyalsock","Sculpin spp.",85,8.6,0.934498451243568,1.92941892571429,2022-06-28,"020502060304 Little Loyalsock Creek-Loyalsock Creek"
"4723","Shanerburg.Loyalsock","Sculpin spp.",56,1.83,0.262451089730429,1.7481880270062,2025-06-24,"020502060304 Little Loyalsock Creek-Loyalsock Creek"
"4724","Shanerburg.Loyalsock","Sculpin spp.",69,4.01,0.603144372620182,1.83884909073726,2025-06-24,"020502060304 Little Loyalsock Creek-Loyalsock Creek"
"4725","Shanerburg.Loyalsock","Sculpin spp.",87,7.58,0.879669205632054,1.93951925261862,2025-06-24,"020502060304 Little Loyalsock Creek-Loyalsock Creek"
"4726","Shanerburg.Loyalsock","Sculpin spp.",56,1.8,0.255272505103306,1.7481880270062,2025-06-24,"020502060304 Little Loyalsock Creek-Loyalsock Creek"
"4727","Shanerburg.Loyalsock","Sculpin spp.",65,2.71,0.432969290874406,1.81291335664286,2025-06-24,"020502060304 Little Loyalsock Creek-Loyalsock Creek"
"4728","Shanerburg.Loyalsock","Sculpin spp.",74,4.38,0.6414741105041,1.86923171973098,2025-06-24,"020502060304 Little Loyalsock Creek-Loyalsock Creek"
"4729","Shanerburg.Loyalsock","Sculpin spp.",55,1.85,0.267171728403014,1.74036268949424,2025-06-24,"020502060304 Little Loyalsock Creek-Loyalsock Creek"
"4730","Shanerburg.Loyalsock","Sculpin spp.",74,5.1,0.707570176097936,1.86923171973098,2022-06-28,"020502060304 Little Loyalsock Creek-Loyalsock Creek"
"4731","Shanerburg.Loyalsock","Longnose Dace",120,17.7,1.24797326636181,2.07918124604762,2022-06-28,"020502060304 Little Loyalsock Creek-Loyalsock Creek"
"4732","Shanerburg.Loyalsock","Longnose Dace",152,36.1,1.55750720190566,2.18184358794477,2025-06-24,"020502060304 Little Loyalsock Creek-Loyalsock Creek"
"4733","Shanerburg.Loyalsock","Longnose Dace",129,19.36,1.28690535297237,2.11058971029925,2025-06-24,"020502060304 Little Loyalsock Creek-Loyalsock Creek"
"4734","Shanerburg.Loyalsock","Sculpin spp.",90,7.54,0.877371345869774,1.95424250943932,2025-06-24,"020502060304 Little Loyalsock Creek-Loyalsock Creek"
"4735","Shanerburg.Loyalsock","Sculpin spp.",80,5.77,0.761175813155731,1.90308998699194,2025-06-24,"020502060304 Little Loyalsock Creek-Loyalsock Creek"
"4736","Shanerburg.Loyalsock","Sculpin spp.",57,2,0.301029995663981,1.75587485567249,2025-06-24,"020502060304 Little Loyalsock Creek-Loyalsock Creek"
"4737","Shanerburg.Loyalsock","Sculpin spp.",57,1.79,0.252853030979893,1.75587485567249,2025-06-24,"020502060304 Little Loyalsock Creek-Loyalsock Creek"
"4738","Shanerburg.Loyalsock","Sculpin spp.",84,7.41,0.869818207979328,1.92427928606188,2022-06-28,"020502060304 Little Loyalsock Creek-Loyalsock Creek"
"4739","Shanerburg.Loyalsock","Sculpin spp.",83,6.1,0.785329835010767,1.91907809237607,2025-06-24,"020502060304 Little Loyalsock Creek-Loyalsock Creek"
"4740","Shanerburg.Loyalsock","Sculpin spp.",67,3.1,0.491361693834273,1.82607480270083,2022-06-28,"020502060304 Little Loyalsock Creek-Loyalsock Creek"
"4741","Shanerburg.Loyalsock","Sculpin spp.",79,5.8,0.763427993562937,1.89762709129044,2022-06-28,"020502060304 Little Loyalsock Creek-Loyalsock Creek"
"4742","Shanerburg.Loyalsock","Sculpin spp.",70,3.97,0.598790506763115,1.84509804001426,2025-06-24,"020502060304 Little Loyalsock Creek-Loyalsock Creek"
"4743","Shanerburg.Loyalsock","Longnose Dace",123,20.27,1.30685374869301,2.0899051114394,2025-06-24,"020502060304 Little Loyalsock Creek-Loyalsock Creek"
"4744","Shanerburg.Loyalsock","Longnose Dace",109,13.15,1.11892575282578,2.03742649794062,2025-06-24,"020502060304 Little Loyalsock Creek-Loyalsock Creek"
"4745","Shanerburg.Loyalsock","Sculpin spp.",68,4.1,0.612783856719735,1.83250891270624,2022-06-28,"020502060304 Little Loyalsock Creek-Loyalsock Creek"
"4746","Shanerburg.Loyalsock","Sculpin spp.",71,3.78,0.577491799837225,1.85125834871908,2025-06-24,"020502060304 Little Loyalsock Creek-Loyalsock Creek"
"4747","Shanerburg.Loyalsock","Sculpin spp.",59,2.04,0.309630167425899,1.77085201164214,2025-06-24,"020502060304 Little Loyalsock Creek-Loyalsock Creek"
"4748","Shanerburg.Loyalsock","Sculpin spp.",52,1.6,0.204119982655925,1.7160033436348,2022-06-28,"020502060304 Little Loyalsock Creek-Loyalsock Creek"
"4749","Shanerburg.Loyalsock","Sculpin spp.",88,6.2,0.792391689498254,1.94448267215017,2022-06-28,"020502060304 Little Loyalsock Creek-Loyalsock Creek"
"4750","Shanerburg.Loyalsock","Sculpin spp.",76,4.7,0.672097857935718,1.88081359228079,2022-06-28,"020502060304 Little Loyalsock Creek-Loyalsock Creek"
"4751","Shanerburg.Loyalsock","Longnose Dace",140,24.96,1.39724458101039,2.14612803567824,2025-06-24,"020502060304 Little Loyalsock Creek-Loyalsock Creek"
"4752","Shanerburg.Loyalsock","Sculpin spp.",57,1.93,0.285557309007774,1.75587485567249,2025-06-24,"020502060304 Little Loyalsock Creek-Loyalsock Creek"
"4753","Shanerburg.Loyalsock","Sculpin spp.",46,1.01,0.00432137378264258,1.66275783168157,2025-06-24,"020502060304 Little Loyalsock Creek-Loyalsock Creek"
"4754","Shanerburg.Loyalsock","Sculpin spp.",58,2.5,0.397940008672038,1.76342799356294,2022-06-28,"020502060304 Little Loyalsock Creek-Loyalsock Creek"
"4755","Shanerburg.Loyalsock","Sculpin spp.",57,2.1,0.322219294733919,1.75587485567249,2022-06-28,"020502060304 Little Loyalsock Creek-Loyalsock Creek"
"4756","Shanerburg.Loyalsock","Sculpin spp.",89,7.31,0.86391737695786,1.94939000664491,2025-06-24,"020502060304 Little Loyalsock Creek-Loyalsock Creek"
"4757","Shanerburg.Loyalsock","Sculpin spp.",87,7.63,0.882524537954881,1.93951925261862,2025-06-24,"020502060304 Little Loyalsock Creek-Loyalsock Creek"
"4758","Shanerburg.Loyalsock","Sculpin spp.",87,8.1,0.90848501887865,1.93951925261862,2022-06-28,"020502060304 Little Loyalsock Creek-Loyalsock Creek"
"4759","Shanerburg.Loyalsock","Sculpin spp.",49,1.14,0.0569048513364726,1.69019608002851,2025-06-24,"020502060304 Little Loyalsock Creek-Loyalsock Creek"
"4760","Shanerburg.Loyalsock","Sculpin spp.",52,1.7,0.230448921378274,1.7160033436348,2022-06-28,"020502060304 Little Loyalsock Creek-Loyalsock Creek"
"4761","Shanerburg.Loyalsock","Sculpin spp.",75,4.9,0.690196080028514,1.8750612633917,2025-06-24,"020502060304 Little Loyalsock Creek-Loyalsock Creek"
"4762","Shanerburg.Loyalsock","Sculpin spp.",92,9.37,0.971739590887778,1.96378782734556,2025-06-24,"020502060304 Little Loyalsock Creek-Loyalsock Creek"
"4763","Sherman.UpperLoyalsock","Creek Chub",47,1.3,0.113943352306837,1.67209785793572,2023-06-27,"020502060302 Glass Creek-Loyalsock Creek"
"4764","Sherman.UpperLoyalsock","Creek Chub",88,6.6,0.819543935541869,1.94448267215017,2023-06-27,"020502060302 Glass Creek-Loyalsock Creek"
"4765","Sherman.UpperLoyalsock","Creek Chub",135,27.9,1.4456042032736,2.13033376849501,2023-06-27,"020502060302 Glass Creek-Loyalsock Creek"
"4766","Sherman.UpperLoyalsock","Creek Chub",111,14,1.14612803567824,2.04532297878666,2023-06-27,"020502060302 Glass Creek-Loyalsock Creek"
"4767","Sherman.UpperLoyalsock","Blacknose Dace",50,1,0,1.69897000433602,2023-06-27,"020502060302 Glass Creek-Loyalsock Creek"
"4768","Sherman.UpperLoyalsock","Creek Chub",76,4.1,0.612783856719735,1.88081359228079,2023-06-27,"020502060302 Glass Creek-Loyalsock Creek"
"4769","Sherman.UpperLoyalsock","Blacknose Dace",66,2.4,0.380211241711606,1.81954393554187,2023-06-27,"020502060302 Glass Creek-Loyalsock Creek"
"4770","Sherman.UpperLoyalsock","Blacknose Dace",64,2.5,0.397940008672038,1.80617997398389,2023-06-27,"020502060302 Glass Creek-Loyalsock Creek"
"4771","Sherman.UpperLoyalsock","Creek Chub",55,1.9,0.278753600952829,1.74036268949424,2023-06-27,"020502060302 Glass Creek-Loyalsock Creek"
"4772","Sherman.UpperLoyalsock","White Sucker",81,5.5,0.740362689494244,1.90848501887865,2023-06-27,"020502060302 Glass Creek-Loyalsock Creek"
"4773","Sherman.UpperLoyalsock","White Sucker",91,7.5,0.8750612633917,1.95904139232109,2023-06-27,"020502060302 Glass Creek-Loyalsock Creek"
"4774","Sherman.UpperLoyalsock","Blacknose Dace",52,1.2,0.0791812460476248,1.7160033436348,2023-06-27,"020502060302 Glass Creek-Loyalsock Creek"
"4775","Sherman.UpperLoyalsock","Blacknose Dace",70,2.8,0.447158031342219,1.84509804001426,2023-06-27,"020502060302 Glass Creek-Loyalsock Creek"
"4776","Sherman.UpperLoyalsock","Blacknose Dace",62,2,0.301029995663981,1.79239168949825,2023-06-27,"020502060302 Glass Creek-Loyalsock Creek"
"4777","Sherman.UpperLoyalsock","Blacknose Dace",65,2.3,0.361727836017593,1.81291335664286,2023-06-27,"020502060302 Glass Creek-Loyalsock Creek"
"4778","Sherman.UpperLoyalsock","Cutlip Minnow",75,4.2,0.6232492903979,1.8750612633917,2023-06-27,"020502060302 Glass Creek-Loyalsock Creek"
"4779","Sherman.UpperLoyalsock","Blacknose Dace",65,2.4,0.380211241711606,1.81291335664286,2023-06-27,"020502060302 Glass Creek-Loyalsock Creek"
"4780","Sherman.UpperLoyalsock","Blacknose Dace",67,2.8,0.447158031342219,1.82607480270083,2023-06-27,"020502060302 Glass Creek-Loyalsock Creek"
"4781","Sherman.UpperLoyalsock","Creek Chub",76,4.5,0.653212513775344,1.88081359228079,2023-06-27,"020502060302 Glass Creek-Loyalsock Creek"
"4782","Sherman.UpperLoyalsock","Creek Chub",68,3.1,0.491361693834273,1.83250891270624,2023-06-27,"020502060302 Glass Creek-Loyalsock Creek"
"4783","Sherman.UpperLoyalsock","Blacknose Dace",65,2.2,0.342422680822206,1.81291335664286,2023-06-27,"020502060302 Glass Creek-Loyalsock Creek"
"4784","Sherman.UpperLoyalsock","Blacknose Dace",46,0.8,-0.0969100130080564,1.66275783168157,2023-06-27,"020502060302 Glass Creek-Loyalsock Creek"
"4785","Sherman.UpperLoyalsock","Creek Chub",90,7,0.845098040014257,1.95424250943932,2023-06-27,"020502060302 Glass Creek-Loyalsock Creek"
"4786","Sherman.UpperLoyalsock","Tessellated Darter",70,2.9,0.462397997898956,1.84509804001426,2023-06-27,"020502060302 Glass Creek-Loyalsock Creek"
"4787","Sherman.UpperLoyalsock","Creek Chub",46,0.9,-0.0457574905606751,1.66275783168157,2023-06-27,"020502060302 Glass Creek-Loyalsock Creek"
"4788","Sherman.UpperLoyalsock","Creek Chub",48,0.9,-0.0457574905606751,1.68124123737559,2023-06-27,"020502060302 Glass Creek-Loyalsock Creek"
"4789","Sherman.UpperLoyalsock","Blacknose Dace",76,4.3,0.633468455579587,1.88081359228079,2023-06-27,"020502060302 Glass Creek-Loyalsock Creek"
"4790","Sherman.UpperLoyalsock","Creek Chub",109,10.5,1.02118929906994,2.03742649794062,2023-06-27,"020502060302 Glass Creek-Loyalsock Creek"
"4791","Sherman.UpperLoyalsock","Creek Chub",92,8.1,0.90848501887865,1.96378782734556,2023-06-27,"020502060302 Glass Creek-Loyalsock Creek"
"4792","Sherman.UpperLoyalsock","Blacknose Dace",72,3.1,0.491361693834273,1.85733249643127,2023-06-27,"020502060302 Glass Creek-Loyalsock Creek"
"4793","Sherman.UpperLoyalsock","Blacknose Dace",65,2.5,0.397940008672038,1.81291335664286,2023-06-27,"020502060302 Glass Creek-Loyalsock Creek"
"4794","Sherman.UpperLoyalsock","Blacknose Dace",68,2.7,0.431363764158987,1.83250891270624,2023-06-27,"020502060302 Glass Creek-Loyalsock Creek"
"4795","Sherman.UpperLoyalsock","Common Shiner",101,9.1,0.959041392321094,2.00432137378264,2023-06-27,"020502060302 Glass Creek-Loyalsock Creek"
"4796","Sherman.UpperLoyalsock","Creek Chub",79,6.2,0.792391689498254,1.89762709129044,2023-06-27,"020502060302 Glass Creek-Loyalsock Creek"
"4797","Sherman.UpperLoyalsock","Creek Chub",57,1.8,0.255272505103306,1.75587485567249,2023-06-27,"020502060302 Glass Creek-Loyalsock Creek"
"4798","Sherman.UpperLoyalsock","Creek Chub",80,5.1,0.707570176097936,1.90308998699194,2023-06-27,"020502060302 Glass Creek-Loyalsock Creek"
"4799","Sherman.UpperLoyalsock","Creek Chub",97,8.2,0.913813852383717,1.98677173426624,2023-06-27,"020502060302 Glass Creek-Loyalsock Creek"
"4800","Sherman.UpperLoyalsock","White Sucker",74,4.1,0.612783856719735,1.86923171973098,2023-06-27,"020502060302 Glass Creek-Loyalsock Creek"
"4801","Sherman.UpperLoyalsock","Creek Chub",98,9.4,0.973127853599699,1.99122607569249,2023-06-27,"020502060302 Glass Creek-Loyalsock Creek"
"4802","Sherman.UpperLoyalsock","Creek Chub",111,12.2,1.08635983067475,2.04532297878666,2023-06-27,"020502060302 Glass Creek-Loyalsock Creek"
"4803","Sherman.UpperLoyalsock","Cutlip Minnow",80,5.4,0.732393759822969,1.90308998699194,2023-06-27,"020502060302 Glass Creek-Loyalsock Creek"
"4804","Sherman.UpperLoyalsock","Blacknose Dace",69,2.7,0.431363764158987,1.83884909073726,2023-06-27,"020502060302 Glass Creek-Loyalsock Creek"
"4805","Sherman.UpperLoyalsock","Blacknose Dace",48,1,0,1.68124123737559,2023-06-27,"020502060302 Glass Creek-Loyalsock Creek"
"4806","Sherman.UpperLoyalsock","Blacknose Dace",75,3.8,0.57978359661681,1.8750612633917,2023-06-27,"020502060302 Glass Creek-Loyalsock Creek"
"4807","Sherman.UpperLoyalsock","Creek Chub",79,4.7,0.672097857935718,1.89762709129044,2023-06-27,"020502060302 Glass Creek-Loyalsock Creek"
"4808","Sherman.UpperLoyalsock","Blacknose Dace",75,3.6,0.556302500767287,1.8750612633917,2023-06-27,"020502060302 Glass Creek-Loyalsock Creek"
"4809","Sherman.UpperLoyalsock","Blacknose Dace",79,4.1,0.612783856719735,1.89762709129044,2023-06-27,"020502060302 Glass Creek-Loyalsock Creek"
"4810","Sherman.UpperLoyalsock","White Sucker",86,6.2,0.792391689498254,1.93449845124357,2023-06-27,"020502060302 Glass Creek-Loyalsock Creek"
"4811","Sherman.UpperLoyalsock","Blacknose Dace",69,2.5,0.397940008672038,1.83884909073726,2023-06-27,"020502060302 Glass Creek-Loyalsock Creek"
"4812","Sherman.UpperLoyalsock","Blacknose Dace",69,3.5,0.544068044350276,1.83884909073726,2023-06-27,"020502060302 Glass Creek-Loyalsock Creek"
"4813","Sherman.UpperLoyalsock","White Sucker",79,4.6,0.662757831681574,1.89762709129044,2023-06-27,"020502060302 Glass Creek-Loyalsock Creek"
"4814","Sherman.UpperLoyalsock","White Sucker",90,6.8,0.832508912706236,1.95424250943932,2023-06-27,"020502060302 Glass Creek-Loyalsock Creek"
"4815","Sherman.UpperLoyalsock","Blacknose Dace",80,4,0.602059991327962,1.90308998699194,2023-06-27,"020502060302 Glass Creek-Loyalsock Creek"
"4816","Sherman.UpperLoyalsock","Blacknose Dace",65,2.3,0.361727836017593,1.81291335664286,2023-06-27,"020502060302 Glass Creek-Loyalsock Creek"
"4817","Sherman.UpperLoyalsock","Cutlip Minnow",73,3.9,0.591064607026499,1.86332286012046,2023-06-27,"020502060302 Glass Creek-Loyalsock Creek"
"4818","Sherman.UpperLoyalsock","Creek Chub",105,11,1.04139268515823,2.02118929906994,2023-06-27,"020502060302 Glass Creek-Loyalsock Creek"
"4819","Sherman.UpperLoyalsock","Blacknose Dace",61,2.5,0.397940008672038,1.78532983501077,2023-06-27,"020502060302 Glass Creek-Loyalsock Creek"
"4820","Sherman.UpperLoyalsock","Bluegill",50,2.1,0.322219294733919,1.69897000433602,2023-06-27,"020502060302 Glass Creek-Loyalsock Creek"
"4821","Sherman.UpperLoyalsock","Creek Chub",63,2.6,0.414973347970818,1.79934054945358,2023-06-27,"020502060302 Glass Creek-Loyalsock Creek"
"4822","Sherman.UpperLoyalsock","Creek Chub",175,53.7,1.72997428569956,2.24303804868629,2023-06-27,"020502060302 Glass Creek-Loyalsock Creek"
"4823","Sherman.UpperLoyalsock","Creek Chub",88,5.9,0.770852011642144,1.94448267215017,2023-06-27,"020502060302 Glass Creek-Loyalsock Creek"
"4824","Sherman.UpperLoyalsock","Creek Chub",64,2.7,0.431363764158987,1.80617997398389,2023-06-27,"020502060302 Glass Creek-Loyalsock Creek"
"4825","Sherman.UpperLoyalsock","Blacknose Dace",55,1.6,0.204119982655925,1.74036268949424,2023-06-27,"020502060302 Glass Creek-Loyalsock Creek"
"4826","Sherman.UpperLoyalsock","Blacknose Dace",67,2.5,0.397940008672038,1.82607480270083,2023-06-27,"020502060302 Glass Creek-Loyalsock Creek"
"4827","Sherman.UpperLoyalsock","Creek Chub",113,12.8,1.10720996964787,2.05307844348342,2023-06-27,"020502060302 Glass Creek-Loyalsock Creek"
"4828","Sherman.UpperLoyalsock","White Sucker",79,5.3,0.724275869600789,1.89762709129044,2023-06-27,"020502060302 Glass Creek-Loyalsock Creek"
"4829","Sherman.UpperLoyalsock","Blacknose Dace",46,0.8,-0.0969100130080564,1.66275783168157,2023-06-27,"020502060302 Glass Creek-Loyalsock Creek"
"4830","Sherman.UpperLoyalsock","Creek Chub",108,9.8,0.991226075692495,2.03342375548695,2023-06-27,"020502060302 Glass Creek-Loyalsock Creek"
"4831","Sherman.UpperLoyalsock","Blacknose Dace",77,3.6,0.556302500767287,1.88649072517248,2023-06-27,"020502060302 Glass Creek-Loyalsock Creek"
"4832","Sherman.UpperLoyalsock","Blacknose Dace",68,2.7,0.431363764158987,1.83250891270624,2023-06-27,"020502060302 Glass Creek-Loyalsock Creek"
"4833","Sherman.UpperLoyalsock","Creek Chub",151,36.4,1.56110138364906,2.17897694729317,2023-06-27,"020502060302 Glass Creek-Loyalsock Creek"
"4834","Sherman.UpperLoyalsock","Creek Chub",164,40.1,1.60314437262018,2.2148438480477,2023-06-27,"020502060302 Glass Creek-Loyalsock Creek"
"4835","Straight.Germania","Sculpin spp.",82,6.1,0.785329835010767,1.91381385238372,2023-07-18,"020502030102 Upper Kettle Creek"
"4836","Straight.Germania","Sculpin spp.",68,3.6,0.556302500767287,1.83250891270624,2023-07-18,"020502030102 Upper Kettle Creek"
"4837","Straight.Germania","Sculpin spp.",93,11.5,1.06069784035361,1.96848294855394,2023-07-18,"020502030102 Upper Kettle Creek"
"4838","Straight.Germania","Sculpin spp.",75,4.1,0.612783856719735,1.8750612633917,2023-07-18,"020502030102 Upper Kettle Creek"
"4839","Straight.Germania","Sculpin spp.",103,11.3,1.05307844348342,2.01283722470517,2023-07-18,"020502030102 Upper Kettle Creek"
"4840","Straight.Germania","Sculpin spp.",89,8.3,0.919078092376074,1.94939000664491,2023-07-18,"020502030102 Upper Kettle Creek"
"4841","Straight.Germania","Sculpin spp.",66,3.2,0.505149978319906,1.81954393554187,2023-07-18,"020502030102 Upper Kettle Creek"
"4842","Straight.Germania","Sculpin spp.",74,4.1,0.612783856719735,1.86923171973098,2023-07-18,"020502030102 Upper Kettle Creek"
"4843","Straight.Germania","Sculpin spp.",84,6.4,0.806179973983887,1.92427928606188,2023-07-18,"020502030102 Upper Kettle Creek"
"4844","Straight.Germania","Sculpin spp.",88,7.1,0.851258348719075,1.94448267215017,2023-07-18,"020502030102 Upper Kettle Creek"
"4845","Straight.Germania","Sculpin spp.",54,1.7,0.230448921378274,1.73239375982297,2023-07-18,"020502030102 Upper Kettle Creek"
"4846","Straight.Germania","Sculpin spp.",58,1.8,0.255272505103306,1.76342799356294,2023-07-18,"020502030102 Upper Kettle Creek"
"4847","Straight.Germania","Sculpin spp.",65,2.9,0.462397997898956,1.81291335664286,2023-07-18,"020502030102 Upper Kettle Creek"
"4848","Straight.Germania","Sculpin spp.",55,1.7,0.230448921378274,1.74036268949424,2023-07-18,"020502030102 Upper Kettle Creek"
"4849","Straight.Germania","Sculpin spp.",98,11,1.04139268515823,1.99122607569249,2023-07-18,"020502030102 Upper Kettle Creek"
"4850","Straight.Germania","Sculpin spp.",67,3.2,0.505149978319906,1.82607480270083,2023-07-18,"020502030102 Upper Kettle Creek"
"4851","Straight.Germania","Sculpin spp.",87,7.6,0.880813592280791,1.93951925261862,2023-07-18,"020502030102 Upper Kettle Creek"
"4852","Straight.Germania","Sculpin spp.",52,1.5,0.176091259055681,1.7160033436348,2023-07-18,"020502030102 Upper Kettle Creek"
"4853","Straight.Germania","Sculpin spp.",87,7.8,0.89209460269048,1.93951925261862,2023-07-18,"020502030102 Upper Kettle Creek"
"4854","Straight.Germania","Sculpin spp.",63,2.8,0.447158031342219,1.79934054945358,2023-07-18,"020502030102 Upper Kettle Creek"
"4855","Straight.Germania","Sculpin spp.",76,5,0.698970004336019,1.88081359228079,2023-07-18,"020502030102 Upper Kettle Creek"
"4856","Straight.Germania","Sculpin spp.",52,1.7,0.230448921378274,1.7160033436348,2023-07-18,"020502030102 Upper Kettle Creek"
"4857","Straight.Germania","Sculpin spp.",71,4.2,0.6232492903979,1.85125834871908,2023-07-18,"020502030102 Upper Kettle Creek"
"4858","Straight.Germania","Sculpin spp.",88,7.7,0.886490725172482,1.94448267215017,2023-07-18,"020502030102 Upper Kettle Creek"
"4859","Straight.Germania","Sculpin spp.",66,2.8,0.447158031342219,1.81954393554187,2023-07-18,"020502030102 Upper Kettle Creek"
"4860","Straight.Germania","Sculpin spp.",60,1.9,0.278753600952829,1.77815125038364,2023-07-18,"020502030102 Upper Kettle Creek"
"4861","Straight.Germania","Sculpin spp.",80,6.5,0.812913356642856,1.90308998699194,2023-07-18,"020502030102 Upper Kettle Creek"
"4862","Straight.Germania","Sculpin spp.",65,3.1,0.491361693834273,1.81291335664286,2023-07-18,"020502030102 Upper Kettle Creek"
"4863","Swamp.Hoagland","Longnose Dace",85,5.29,0.723455672035186,1.92941892571429,2024-06-27,"020502060501 Porter Creek-Hoagland Branch"
"4864","Swamp.Hoagland","Sculpin spp.",70,3.92,0.593286067020457,1.84509804001426,2024-06-27,"020502060501 Porter Creek-Hoagland Branch"
"4865","Swamp.Hoagland","Longnose Dace",124,18.04,1.25623653320592,2.09342168516224,2024-06-27,"020502060501 Porter Creek-Hoagland Branch"
"4866","Swamp.Hoagland","Longnose Dace",76,3.75,0.574031267727719,1.88081359228079,2024-06-27,"020502060501 Porter Creek-Hoagland Branch"
"4867","Swamp.Hoagland","Sculpin spp.",62,2.64,0.421603926869831,1.79239168949825,2024-06-27,"020502060501 Porter Creek-Hoagland Branch"
"4868","Swamp.Hoagland","Sculpin spp.",70,3.58,0.553883026643874,1.84509804001426,2024-06-27,"020502060501 Porter Creek-Hoagland Branch"
"4869","Swamp.Hoagland","Sculpin spp.",74,3.72,0.570542939881898,1.86923171973098,2024-06-27,"020502060501 Porter Creek-Hoagland Branch"
"4870","Swamp.Hoagland","Sculpin spp.",66,3.05,0.484299839346786,1.81954393554187,2024-06-27,"020502060501 Porter Creek-Hoagland Branch"
"4871","Swamp.Hoagland","Longnose Dace",118,13.14,1.11859536522376,2.07188200730613,2024-06-27,"020502060501 Porter Creek-Hoagland Branch"
"4872","Swamp.Hoagland","Longnose Dace",94,8.21,0.914343157119441,1.9731278535997,2024-06-27,"020502060501 Porter Creek-Hoagland Branch"
"4873","Swamp.Hoagland","Longnose Dace",90,5.98,0.776701183988411,1.95424250943932,2024-06-27,"020502060501 Porter Creek-Hoagland Branch"
"4874","Swamp.Hoagland","Sculpin spp.",54,1.74,0.2405492482826,1.73239375982297,2024-06-27,"020502060501 Porter Creek-Hoagland Branch"
"4875","Swamp.Hoagland","Longnose Dace",75,3.73,0.571708831808688,1.8750612633917,2024-06-27,"020502060501 Porter Creek-Hoagland Branch"
"4876","Swamp.Hoagland","Longnose Dace",96,8.62,0.935507265824713,1.98227123303957,2024-06-27,"020502060501 Porter Creek-Hoagland Branch"
"4877","Swamp.Hoagland","Longnose Dace",90,7.35,0.866287339084195,1.95424250943932,2024-06-27,"020502060501 Porter Creek-Hoagland Branch"
"4878","Swamp.Hoagland","Longnose Dace",77,3.49,0.54282542695918,1.88649072517248,2024-06-27,"020502060501 Porter Creek-Hoagland Branch"
"4879","Swamp.Hoagland","Longnose Dace",76,3.65,0.562292864456475,1.88081359228079,2024-06-27,"020502060501 Porter Creek-Hoagland Branch"
"4880","Swamp.Hoagland","Longnose Dace",92,6.44,0.808885867359812,1.96378782734556,2024-06-27,"020502060501 Porter Creek-Hoagland Branch"
"4881","Swamp.Hoagland","Longnose Dace",80,4.48,0.651278013998144,1.90308998699194,2024-06-27,"020502060501 Porter Creek-Hoagland Branch"
"4882","Swamp.Hoagland","Longnose Dace",115,13.72,1.13735411137073,2.06069784035361,2024-06-27,"020502060501 Porter Creek-Hoagland Branch"
"4883","Swamp.Hoagland","Sculpin spp.",69,3.41,0.532754378992498,1.83884909073726,2024-06-27,"020502060501 Porter Creek-Hoagland Branch"
"4884","Swamp.Hoagland","Sculpin spp.",72,3.26,0.513217600067939,1.85733249643127,2024-06-27,"020502060501 Porter Creek-Hoagland Branch"
"4885","Swamp.Hoagland","Longnose Dace",103,10.08,1.00346053210951,2.01283722470517,2024-06-27,"020502060501 Porter Creek-Hoagland Branch"
"4886","Swamp.Hoagland","Longnose Dace",87,5.84,0.766412847112399,1.93951925261862,2024-06-27,"020502060501 Porter Creek-Hoagland Branch"
"4887","Swamp.Hoagland","Sculpin spp.",88,5.33,0.726727209026572,1.94448267215017,2024-06-27,"020502060501 Porter Creek-Hoagland Branch"
"4888","Swamp.Hoagland","Longnose Dace",70,2.87,0.457881896733992,1.84509804001426,2024-06-27,"020502060501 Porter Creek-Hoagland Branch"
"4889","Swamp.Hoagland","Sculpin spp.",91,7.17,0.8555191556678,1.95904139232109,2024-06-27,"020502060501 Porter Creek-Hoagland Branch"
"4890","Swamp.Hoagland","Sculpin spp.",82,5.03,0.701567985055927,1.91381385238372,2024-06-27,"020502060501 Porter Creek-Hoagland Branch"
"4891","Swamp.Hoagland","Sculpin spp.",88,7.47,0.873320601815399,1.94448267215017,2024-06-27,"020502060501 Porter Creek-Hoagland Branch"
"4892","Swamp.Hoagland","Sculpin spp.",71,3.97,0.598790506763115,1.85125834871908,2024-06-27,"020502060501 Porter Creek-Hoagland Branch"
"4893","Swamp.Hoagland","Sculpin spp.",71,3.92,0.593286067020457,1.85125834871908,2024-06-27,"020502060501 Porter Creek-Hoagland Branch"
"4894","Swamp.Hoagland","Sculpin spp.",60,2.58,0.41161970596323,1.77815125038364,2024-06-27,"020502060501 Porter Creek-Hoagland Branch"
"4895","Swamp.Hoagland","Sculpin spp.",64,2.75,0.439332693830263,1.80617997398389,2024-06-27,"020502060501 Porter Creek-Hoagland Branch"
"4896","Swamp.Hoagland","Longnose Dace",83,4.94,0.693726948923647,1.91907809237607,2024-06-27,"020502060501 Porter Creek-Hoagland Branch"
"4897","Swamp.Hoagland","Longnose Dace",113,12.27,1.088844562727,2.05307844348342,2024-06-27,"020502060501 Porter Creek-Hoagland Branch"
"4898","Swamp.Hoagland","Longnose Dace",82,4.66,0.66838591669,1.91381385238372,2024-06-27,"020502060501 Porter Creek-Hoagland Branch"
"4899","Swamp.Hoagland","Sculpin spp.",88,7.41,0.869818207979328,1.94448267215017,2024-06-27,"020502060501 Porter Creek-Hoagland Branch"
"4900","Swamp.Hoagland","Sculpin spp.",62,2.89,0.460897842756548,1.79239168949825,2024-06-27,"020502060501 Porter Creek-Hoagland Branch"
"4901","Swamp.Hoagland","Sculpin spp.",71,3.91,0.592176757395867,1.85125834871908,2024-06-27,"020502060501 Porter Creek-Hoagland Branch"
"4902","Swamp.Hoagland","Longnose Dace",110,12.67,1.10277661488344,2.04139268515822,2024-06-27,"020502060501 Porter Creek-Hoagland Branch"
"4903","Swamp.Hoagland","Longnose Dace",96,8.09,0.907948521612272,1.98227123303957,2024-06-27,"020502060501 Porter Creek-Hoagland Branch"
"4904","Swamp.Hoagland","Longnose Dace",111,13.35,1.12548126570059,2.04532297878666,2024-06-27,"020502060501 Porter Creek-Hoagland Branch"
"4905","Swamp.Hoagland","Sculpin spp.",73,4.11,0.613841821876069,1.86332286012046,2024-06-27,"020502060501 Porter Creek-Hoagland Branch"
"4906","Swamp.Hoagland","Sculpin spp.",75,5.25,0.720159303405957,1.8750612633917,2024-06-27,"020502060501 Porter Creek-Hoagland Branch"
"4907","Swamp.Hoagland","Sculpin spp.",92,10.13,1.00560944536028,1.96378782734556,2024-06-27,"020502060501 Porter Creek-Hoagland Branch"
"4908","Swamp.Hoagland","Sculpin spp.",81,7.02,0.846337112129805,1.90848501887865,2024-06-27,"020502060501 Porter Creek-Hoagland Branch"
"4909","Swamp.Hoagland","Longnose Dace",86,5.56,0.745074791582057,1.93449845124357,2024-06-27,"020502060501 Porter Creek-Hoagland Branch"
"4910","Swamp.Hoagland","Sculpin spp.",72,4.25,0.628388930050311,1.85733249643127,2024-06-27,"020502060501 Porter Creek-Hoagland Branch"
"4911","Swamp.Hoagland","Sculpin spp.",71,3.8,0.57978359661681,1.85125834871908,2024-06-27,"020502060501 Porter Creek-Hoagland Branch"
"4912","Swamp.Hoagland","Longnose Dace",86,5.24,0.719331286983727,1.93449845124357,2024-06-27,"020502060501 Porter Creek-Hoagland Branch"
"4913","Swamp.Hoagland","Longnose Dace",86,5.33,0.726727209026572,1.93449845124357,2024-06-27,"020502060501 Porter Creek-Hoagland Branch"
"4914","Swamp.Hoagland","Longnose Dace",101,10.07,1.00302947055362,2.00432137378264,2024-06-27,"020502060501 Porter Creek-Hoagland Branch"
"4915","Swamp.Hoagland","Longnose Dace",73,3.31,0.519827993775719,1.86332286012046,2024-06-27,"020502060501 Porter Creek-Hoagland Branch"
"4916","Swamp.Hoagland","Sculpin spp.",89,7.13,0.853089529851866,1.94939000664491,2024-06-27,"020502060501 Porter Creek-Hoagland Branch"
"4917","Swamp.Hoagland","Longnose Dace",78,3.74,0.57287160220048,1.89209460269048,2024-06-27,"020502060501 Porter Creek-Hoagland Branch"
"4918","Swamp.Hoagland","Sculpin spp.",77,5.38,0.730782275666389,1.88649072517248,2024-06-27,"020502060501 Porter Creek-Hoagland Branch"
"4919","Swamp.Hoagland","Sculpin spp.",86,6.31,0.800029359244134,1.93449845124357,2024-06-27,"020502060501 Porter Creek-Hoagland Branch"
"4920","Swamp.Hoagland","Longnose Dace",79,4.92,0.69196510276736,1.89762709129044,2024-06-27,"020502060501 Porter Creek-Hoagland Branch"
"4921","Swamp.Hoagland","Sculpin spp.",81,6.34,0.802089257881733,1.90848501887865,2024-06-27,"020502060501 Porter Creek-Hoagland Branch"
"4922","Swamp.Hoagland","Sculpin spp.",55,1.91,0.281033367247728,1.74036268949424,2024-06-27,"020502060501 Porter Creek-Hoagland Branch"
"4924","TC0-BU","White Sucker",73,4.6,0.662757831681574,1.86332286012046,2023-06-06,"020502061207 Turtle Creek-West Branch Susquehanna River"
"4925","TC0-BU","Blacknose Dace",63,2.4,0.380211241711606,1.79934054945358,2023-06-06,"020502061207 Turtle Creek-West Branch Susquehanna River"
"4926","TC0-BU","Common Shiner",99,8,0.903089986991944,1.99563519459755,2023-06-06,"020502061207 Turtle Creek-West Branch Susquehanna River"
"4927","TC0-BU","Common Shiner",53,1.2,0.0791812460476248,1.72427586960079,2023-06-06,"020502061207 Turtle Creek-West Branch Susquehanna River"
"4928","TC0-BU","Blacknose Dace",72,4,0.602059991327962,1.85733249643127,2023-06-06,"020502061207 Turtle Creek-West Branch Susquehanna River"
"4929","TC0-BU","White Sucker",78,4.7,0.672097857935718,1.89209460269048,2023-06-06,"020502061207 Turtle Creek-West Branch Susquehanna River"
"4930","TC0-BU","Banded Killifish",74,4.2,0.6232492903979,1.86923171973098,2023-06-06,"020502061207 Turtle Creek-West Branch Susquehanna River"
"4931","TC0-BU","Blacknose Dace",67,3.4,0.531478917042255,1.82607480270083,2023-06-06,"020502061207 Turtle Creek-West Branch Susquehanna River"
"4932","TC0-BU","Blacknose Dace",51,1.6,0.204119982655925,1.70757017609794,2023-06-06,"020502061207 Turtle Creek-West Branch Susquehanna River"
"4933","TC0-BU","Blacknose Dace",44,0.7,-0.154901959985743,1.64345267648619,2023-06-06,"020502061207 Turtle Creek-West Branch Susquehanna River"
"4934","TC0-BU","Blacknose Dace",61,2.1,0.322219294733919,1.78532983501077,2023-06-06,"020502061207 Turtle Creek-West Branch Susquehanna River"
"4935","TC0-BU","White Sucker",77,4.1,0.612783856719735,1.88649072517248,2023-06-06,"020502061207 Turtle Creek-West Branch Susquehanna River"
"4936","TC0-BU","White Sucker",119,17.2,1.23552844690755,2.07554696139253,2023-06-06,"020502061207 Turtle Creek-West Branch Susquehanna River"
"4937","TC0-BU","White Sucker",110,13.3,1.12385164096709,2.04139268515822,2023-06-06,"020502061207 Turtle Creek-West Branch Susquehanna River"
"4938","TC0-BU","White Sucker",82,6.3,0.799340549453582,1.91381385238372,2023-06-06,"020502061207 Turtle Creek-West Branch Susquehanna River"
"4939","TC0-BU","Margined Madtom",47,1,0,1.67209785793572,2023-06-06,"020502061207 Turtle Creek-West Branch Susquehanna River"
"4940","TC0-BU","Tessellated Darter",54,1.5,0.176091259055681,1.73239375982297,2023-06-06,"020502061207 Turtle Creek-West Branch Susquehanna River"
"4941","TC0-BU","Tessellated Darter",64,2.4,0.380211241711606,1.80617997398389,2023-06-06,"020502061207 Turtle Creek-West Branch Susquehanna River"
"4942","TC0-BU","Tessellated Darter",57,1.4,0.146128035678238,1.75587485567249,2023-06-06,"020502061207 Turtle Creek-West Branch Susquehanna River"
"4943","TC0-BU","Tessellated Darter",50,1.3,0.113943352306837,1.69897000433602,2023-06-06,"020502061207 Turtle Creek-West Branch Susquehanna River"
"4944","TC0-BU","Banded Killifish",67,3.4,0.531478917042255,1.82607480270083,2023-06-06,"020502061207 Turtle Creek-West Branch Susquehanna River"
"4945","TC0-BU","Banded Killifish",43,0.7,-0.154901959985743,1.63346845557959,2023-06-06,"020502061207 Turtle Creek-West Branch Susquehanna River"
"4946","TC0-BU","Banded Killifish",74,3.2,0.505149978319906,1.86923171973098,2023-06-06,"020502061207 Turtle Creek-West Branch Susquehanna River"
"4947","TC0-BU","Tessellated Darter",56,1.8,0.255272505103306,1.7481880270062,2023-06-06,"020502061207 Turtle Creek-West Branch Susquehanna River"
"4948","TC0-BU","Tessellated Darter",64,2.2,0.342422680822206,1.80617997398389,2023-06-06,"020502061207 Turtle Creek-West Branch Susquehanna River"
"4949","TC0-BU","Tessellated Darter",52,1.4,0.146128035678238,1.7160033436348,2023-06-06,"020502061207 Turtle Creek-West Branch Susquehanna River"
"4950","TC0-BU","Tessellated Darter",58,1.8,0.255272505103306,1.76342799356294,2023-06-06,"020502061207 Turtle Creek-West Branch Susquehanna River"
"4951","TC0-BU","Tessellated Darter",30,0.4,-0.397940008672038,1.47712125471966,2023-06-06,"020502061207 Turtle Creek-West Branch Susquehanna River"
"4952","TC0-BU","Tessellated Darter",47,1.1,0.0413926851582251,1.67209785793572,2023-06-06,"020502061207 Turtle Creek-West Branch Susquehanna River"
"4953","TC0-BU","Tessellated Darter",61,2.1,0.322219294733919,1.78532983501077,2023-06-06,"020502061207 Turtle Creek-West Branch Susquehanna River"
"4954","TC0-BU","Tessellated Darter",53,1.3,0.113943352306837,1.72427586960079,2023-06-06,"020502061207 Turtle Creek-West Branch Susquehanna River"
"4955","TC0-BU","Tessellated Darter",53,1.2,0.0791812460476248,1.72427586960079,2023-06-06,"020502061207 Turtle Creek-West Branch Susquehanna River"
"4956","TC0-BU","Tessellated Darter",57,1.8,0.255272505103306,1.75587485567249,2023-06-06,"020502061207 Turtle Creek-West Branch Susquehanna River"
"4957","TC0-BU","Tessellated Darter",52,1.4,0.146128035678238,1.7160033436348,2023-06-06,"020502061207 Turtle Creek-West Branch Susquehanna River"
"4958","TC0-BU","Tessellated Darter",45,1,0,1.65321251377534,2023-06-06,"020502061207 Turtle Creek-West Branch Susquehanna River"
"4959","TC0-BU","Tessellated Darter",50,1.3,0.113943352306837,1.69897000433602,2023-06-06,"020502061207 Turtle Creek-West Branch Susquehanna River"
"4960","TC0-BU","Tessellated Darter",57,1.9,0.278753600952829,1.75587485567249,2023-06-06,"020502061207 Turtle Creek-West Branch Susquehanna River"
"4961","TC0-BU","Tessellated Darter",45,0.9,-0.0457574905606751,1.65321251377534,2023-06-06,"020502061207 Turtle Creek-West Branch Susquehanna River"
"4962","TC0-BU","Tessellated Darter",57,1.6,0.204119982655925,1.75587485567249,2023-06-06,"020502061207 Turtle Creek-West Branch Susquehanna River"
"4963","TC0-BU","Banded Killifish",59,2.1,0.322219294733919,1.77085201164214,2023-06-06,"020502061207 Turtle Creek-West Branch Susquehanna River"
"4964","TC0-BU","Banded Killifish",52,1,0,1.7160033436348,2023-06-06,"020502061207 Turtle Creek-West Branch Susquehanna River"
"4965","TC0-BU","Banded Killifish",60,2.2,0.342422680822206,1.77815125038364,2023-06-06,"020502061207 Turtle Creek-West Branch Susquehanna River"
"4966","TC0-BU","Banded Killifish",49,1.2,0.0791812460476248,1.69019608002851,2023-06-06,"020502061207 Turtle Creek-West Branch Susquehanna River"
"4967","TC0-BU","Banded Killifish",57,1.9,0.278753600952829,1.75587485567249,2023-06-06,"020502061207 Turtle Creek-West Branch Susquehanna River"
"4968","TC0-BU","Banded Killifish",58,1.8,0.255272505103306,1.76342799356294,2023-06-06,"020502061207 Turtle Creek-West Branch Susquehanna River"
"4969","TC0-BU","Banded Killifish",65,2.5,0.397940008672038,1.81291335664286,2023-06-06,"020502061207 Turtle Creek-West Branch Susquehanna River"
"4970","TC0-BU","Banded Killifish",52,1.2,0.0791812460476248,1.7160033436348,2023-06-06,"020502061207 Turtle Creek-West Branch Susquehanna River"
"4971","TC0-BU","Common Shiner",68,2.5,0.397940008672038,1.83250891270624,2023-06-06,"020502061207 Turtle Creek-West Branch Susquehanna River"
"4972","TC0-BU","Common Shiner",60,1.7,0.230448921378274,1.77815125038364,2023-06-06,"020502061207 Turtle Creek-West Branch Susquehanna River"
"4973","TC0-BU","Common Shiner",55,1.3,0.113943352306837,1.74036268949424,2023-06-06,"020502061207 Turtle Creek-West Branch Susquehanna River"
"4974","TC0-BU","Common Shiner",56,1.6,0.204119982655925,1.7481880270062,2023-06-06,"020502061207 Turtle Creek-West Branch Susquehanna River"
"4975","TC0-BU","Common Shiner",91,6.7,0.826074802700826,1.95904139232109,2023-06-06,"020502061207 Turtle Creek-West Branch Susquehanna River"
"4976","TC0-BU","Common Shiner",64,2.5,0.397940008672038,1.80617997398389,2023-06-06,"020502061207 Turtle Creek-West Branch Susquehanna River"
"4977","TC0-BU","Common Shiner",62,2.9,0.462397997898956,1.79239168949825,2023-06-06,"020502061207 Turtle Creek-West Branch Susquehanna River"
"4978","TC0-BU","Common Shiner",54,1.3,0.113943352306837,1.73239375982297,2023-06-06,"020502061207 Turtle Creek-West Branch Susquehanna River"
"4979","TC0-BU","Common Shiner",81,5.1,0.707570176097936,1.90848501887865,2023-06-06,"020502061207 Turtle Creek-West Branch Susquehanna River"
"4980","TC0-BU","Common Shiner",105,11.3,1.05307844348342,2.02118929906994,2023-06-06,"020502061207 Turtle Creek-West Branch Susquehanna River"
"4981","TC0-BU","Common Shiner",50,1.5,0.176091259055681,1.69897000433602,2023-06-06,"020502061207 Turtle Creek-West Branch Susquehanna River"
"4982","TC0-BU","Common Shiner",99,8.9,0.949390006644913,1.99563519459755,2023-06-06,"020502061207 Turtle Creek-West Branch Susquehanna River"
"4983","TC0-BU","Common Shiner",45,0.9,-0.0457574905606751,1.65321251377534,2023-06-06,"020502061207 Turtle Creek-West Branch Susquehanna River"
"4984","TC0-BU","Tessellated Darter",53,1.3,0.113943352306837,1.72427586960079,2023-06-06,"020502061207 Turtle Creek-West Branch Susquehanna River"
"4985","TC0-BU","Tessellated Darter",42,0.7,-0.154901959985743,1.6232492903979,2023-06-06,"020502061207 Turtle Creek-West Branch Susquehanna River"
"4986","TC0-BU","Tessellated Darter",60,1.8,0.255272505103306,1.77815125038364,2023-06-06,"020502061207 Turtle Creek-West Branch Susquehanna River"
"4987","TC0-BU","Common Shiner",53,1.3,0.113943352306837,1.72427586960079,2023-06-06,"020502061207 Turtle Creek-West Branch Susquehanna River"
"4988","TC0-BU","Common Shiner",80,5.4,0.732393759822969,1.90308998699194,2023-06-06,"020502061207 Turtle Creek-West Branch Susquehanna River"
"4989","TC0-BU","Common Shiner",35,0.4,-0.397940008672038,1.54406804435028,2023-06-06,"020502061207 Turtle Creek-West Branch Susquehanna River"
"4990","TC0-BU","Common Shiner",99,8.9,0.949390006644913,1.99563519459755,2023-06-06,"020502061207 Turtle Creek-West Branch Susquehanna River"
"4991","TC0-BU","Common Shiner",85,6.6,0.819543935541869,1.92941892571429,2023-06-06,"020502061207 Turtle Creek-West Branch Susquehanna River"
"4992","TC0-BU","Common Shiner",35,0.5,-0.301029995663981,1.54406804435028,2023-06-06,"020502061207 Turtle Creek-West Branch Susquehanna River"
"4993","TC0-BU","Common Shiner",87,7,0.845098040014257,1.93951925261862,2023-06-06,"020502061207 Turtle Creek-West Branch Susquehanna River"
"4994","TC0-BU","Common Shiner",61,2,0.301029995663981,1.78532983501077,2023-06-06,"020502061207 Turtle Creek-West Branch Susquehanna River"
"4995","TC0-BU","Common Shiner",40,0.6,-0.221848749616356,1.60205999132796,2023-06-06,"020502061207 Turtle Creek-West Branch Susquehanna River"
"4996","TC0-BU","Common Shiner",35,0.3,-0.522878745280338,1.54406804435028,2023-06-06,"020502061207 Turtle Creek-West Branch Susquehanna River"
"4997","TC0-BU","Common Shiner",55,1.5,0.176091259055681,1.74036268949424,2023-06-06,"020502061207 Turtle Creek-West Branch Susquehanna River"
"4998","TC0-BU","Common Shiner",40,0.6,-0.221848749616356,1.60205999132796,2023-06-06,"020502061207 Turtle Creek-West Branch Susquehanna River"
"4999","TC0-BU","Banded Killifish",70,4.2,0.6232492903979,1.84509804001426,2023-06-06,"020502061207 Turtle Creek-West Branch Susquehanna River"
"5000","TC0-BU","Banded Killifish",71,3.7,0.568201724066995,1.85125834871908,2023-06-06,"020502061207 Turtle Creek-West Branch Susquehanna River"
"5001","TC0-BU","Banded Killifish",68,2.9,0.462397997898956,1.83250891270624,2023-06-06,"020502061207 Turtle Creek-West Branch Susquehanna River"
"5002","TC0-BU","Banded Killifish",69,3.4,0.531478917042255,1.83884909073726,2023-06-06,"020502061207 Turtle Creek-West Branch Susquehanna River"
"5003","TC0-BU","Blacknose Dace",65,2.4,0.380211241711606,1.81291335664286,2023-06-06,"020502061207 Turtle Creek-West Branch Susquehanna River"
"5004","TC0-BU","Blacknose Dace",69,2.1,0.322219294733919,1.83884909073726,2023-06-06,"020502061207 Turtle Creek-West Branch Susquehanna River"
"5005","TC0-BU","Blacknose Dace",67,2.6,0.414973347970818,1.82607480270083,2023-06-06,"020502061207 Turtle Creek-West Branch Susquehanna River"
"5006","TC0-BU","Blacknose Dace",64,2.6,0.414973347970818,1.80617997398389,2023-06-06,"020502061207 Turtle Creek-West Branch Susquehanna River"
"5007","TC0-BU","Blacknose Dace",69,3.3,0.518513939877887,1.83884909073726,2023-06-06,"020502061207 Turtle Creek-West Branch Susquehanna River"
"5008","TC0-BU","Blacknose Dace",59,2.1,0.322219294733919,1.77085201164214,2023-06-06,"020502061207 Turtle Creek-West Branch Susquehanna River"
"5009","TC0-BU","Largemouth Bass",89,6.9,0.838849090737255,1.94939000664491,2019-06-04,"020502061207 Turtle Creek-West Branch Susquehanna River"
"5010","TC0-BU","Blacknose Dace",60,2,0.301029995663981,1.77815125038364,2023-06-06,"020502061207 Turtle Creek-West Branch Susquehanna River"
"5011","TC0-BU","White Sucker",100,9.8,0.991226075692495,2,2023-06-06,"020502061207 Turtle Creek-West Branch Susquehanna River"
"5012","TC0-BU","White Sucker",113,15,1.17609125905568,2.05307844348342,2023-06-06,"020502061207 Turtle Creek-West Branch Susquehanna River"
"5013","TC0-BU","Banded Killifish",39,0.6,-0.221848749616356,1.5910646070265,2023-06-06,"020502061207 Turtle Creek-West Branch Susquehanna River"
"5014","TC0-BU","Cutlip Minnow",44,1,0,1.64345267648619,2023-06-06,"020502061207 Turtle Creek-West Branch Susquehanna River"
"5015","TC0-BU","Cutlip Minnow",44,0.9,-0.0457574905606751,1.64345267648619,2023-06-06,"020502061207 Turtle Creek-West Branch Susquehanna River"
"5016","TC0-BU","Cutlip Minnow",40,0.7,-0.154901959985743,1.60205999132796,2023-06-06,"020502061207 Turtle Creek-West Branch Susquehanna River"
"5017","TC0-BU","Cutlip Minnow",38,0.5,-0.301029995663981,1.57978359661681,2023-06-06,"020502061207 Turtle Creek-West Branch Susquehanna River"
"5018","TC0-BU","Cutlip Minnow",40,1,0,1.60205999132796,2023-06-06,"020502061207 Turtle Creek-West Branch Susquehanna River"
"5019","TC0-BU","Cutlip Minnow",52,1.5,0.176091259055681,1.7160033436348,2023-06-06,"020502061207 Turtle Creek-West Branch Susquehanna River"
"5020","TC0-BU","Cutlip Minnow",41,0.6,-0.221848749616356,1.61278385671974,2023-06-06,"020502061207 Turtle Creek-West Branch Susquehanna River"
"5021","TC0-BU","Cutlip Minnow",40,0.6,-0.221848749616356,1.60205999132796,2023-06-06,"020502061207 Turtle Creek-West Branch Susquehanna River"
"5022","TC0-BU","Cutlip Minnow",42,0.7,-0.154901959985743,1.6232492903979,2023-06-06,"020502061207 Turtle Creek-West Branch Susquehanna River"
"5023","TC0-BU","Cutlip Minnow",86,8.5,0.929418925714293,1.93449845124357,2023-06-06,"020502061207 Turtle Creek-West Branch Susquehanna River"
"5024","TC0-BU","Cutlip Minnow",37,0.5,-0.301029995663981,1.56820172406699,2023-06-06,"020502061207 Turtle Creek-West Branch Susquehanna River"
"5025","TC0-BU","Cutlip Minnow",42,0.8,-0.0969100130080564,1.6232492903979,2023-06-06,"020502061207 Turtle Creek-West Branch Susquehanna River"
"5026","TC0-BU","White Sucker",101,10.4,1.01703333929878,2.00432137378264,2023-06-06,"020502061207 Turtle Creek-West Branch Susquehanna River"
"5027","TC0-BU","Cutlip Minnow",58,2.2,0.342422680822206,1.76342799356294,2023-06-06,"020502061207 Turtle Creek-West Branch Susquehanna River"
"5028","TC0-BU","Cutlip Minnow",68,3.7,0.568201724066995,1.83250891270624,2023-06-06,"020502061207 Turtle Creek-West Branch Susquehanna River"
"5029","TC0-BU","Cutlip Minnow",55,1.9,0.278753600952829,1.74036268949424,2023-06-06,"020502061207 Turtle Creek-West Branch Susquehanna River"
"5030","TC0-BU","Cutlip Minnow",49,1.3,0.113943352306837,1.69019608002851,2023-06-06,"020502061207 Turtle Creek-West Branch Susquehanna River"
"5031","TC0-BU","Cutlip Minnow",61,2.3,0.361727836017593,1.78532983501077,2023-06-06,"020502061207 Turtle Creek-West Branch Susquehanna River"
"5032","TC0-BU","Creek Chub",104,13.3,1.12385164096709,2.01703333929878,2023-06-06,"020502061207 Turtle Creek-West Branch Susquehanna River"
"5033","TC0-BU","Creek Chub",113,15,1.17609125905568,2.05307844348342,2023-06-06,"020502061207 Turtle Creek-West Branch Susquehanna River"
"5034","TC0-BU","Creek Chub",97,9.1,0.959041392321094,1.98677173426624,2023-06-06,"020502061207 Turtle Creek-West Branch Susquehanna River"
"5035","TC0-BU","Creek Chub",129,24.2,1.38381536598043,2.11058971029925,2023-06-06,"020502061207 Turtle Creek-West Branch Susquehanna River"
"5036","TC0-BU","Creek Chub",86,7.4,0.869231719730976,1.93449845124357,2023-06-06,"020502061207 Turtle Creek-West Branch Susquehanna River"
"5037","TC0-BU","Creek Chub",89,7.6,0.880813592280791,1.94939000664491,2023-06-06,"020502061207 Turtle Creek-West Branch Susquehanna River"
"5038","TC0-BU","Creek Chub",108,13,1.11394335230684,2.03342375548695,2023-06-06,"020502061207 Turtle Creek-West Branch Susquehanna River"
"5039","TC0-BU","Creek Chub",98,10.7,1.02938377768521,1.99122607569249,2023-06-06,"020502061207 Turtle Creek-West Branch Susquehanna River"
"5040","TC0-BU","Creek Chub",102,11.8,1.07188200730613,2.00860017176192,2023-06-06,"020502061207 Turtle Creek-West Branch Susquehanna River"
"5041","TC0-BU","Cutlip Minnow",62,2.7,0.431363764158987,1.79239168949825,2023-06-06,"020502061207 Turtle Creek-West Branch Susquehanna River"
"5042","TC0-BU","Cutlip Minnow",72,4.3,0.633468455579587,1.85733249643127,2023-06-06,"020502061207 Turtle Creek-West Branch Susquehanna River"
"5043","TC0-BU","Cutlip Minnow",100,11.1,1.04532297878666,2,2023-06-06,"020502061207 Turtle Creek-West Branch Susquehanna River"
"5044","TC0-BU","Creek Chub",139,30.7,1.48713837547719,2.14301480025409,2023-06-06,"020502061207 Turtle Creek-West Branch Susquehanna River"
"5045","TC0-BU","Longnose Dace",48,1,0,1.68124123737559,2023-06-06,"020502061207 Turtle Creek-West Branch Susquehanna River"
"5046","TC0-BU","Longnose Dace",61,2.4,0.380211241711606,1.78532983501077,2023-06-06,"020502061207 Turtle Creek-West Branch Susquehanna River"
"5047","TC0-BU","Longnose Dace",55,1.5,0.176091259055681,1.74036268949424,2023-06-06,"020502061207 Turtle Creek-West Branch Susquehanna River"
"5048","TC0-BU","Longnose Dace",78,4.8,0.681241237375587,1.89209460269048,2023-06-06,"020502061207 Turtle Creek-West Branch Susquehanna River"
"5049","TC0-BU","Longnose Dace",66,2.5,0.397940008672038,1.81954393554187,2023-06-06,"020502061207 Turtle Creek-West Branch Susquehanna River"
"5050","TC0-BU","Longnose Dace",59,1.8,0.255272505103306,1.77085201164214,2023-06-06,"020502061207 Turtle Creek-West Branch Susquehanna River"
"5051","TC0-BU","Longnose Dace",48,1.1,0.0413926851582251,1.68124123737559,2023-06-06,"020502061207 Turtle Creek-West Branch Susquehanna River"
"5052","TC0-BU","Longnose Dace",49,1.1,0.0413926851582251,1.69019608002851,2023-06-06,"020502061207 Turtle Creek-West Branch Susquehanna River"
"5053","TC0-BU","Cutlip Minnow",61,2.6,0.414973347970818,1.78532983501077,2023-06-06,"020502061207 Turtle Creek-West Branch Susquehanna River"
"5054","TC0-BU","Creek Chub",78,5.5,0.740362689494244,1.89209460269048,2023-06-06,"020502061207 Turtle Creek-West Branch Susquehanna River"
"5055","TC0-BU","Creek Chub",66,3.7,0.568201724066995,1.81954393554187,2023-06-06,"020502061207 Turtle Creek-West Branch Susquehanna River"
"5056","TC0-BU","Creek Chub",51,1.5,0.176091259055681,1.70757017609794,2023-06-06,"020502061207 Turtle Creek-West Branch Susquehanna River"
"5057","TC0-BU","Creek Chub",64,2.7,0.431363764158987,1.80617997398389,2023-06-06,"020502061207 Turtle Creek-West Branch Susquehanna River"
"5058","TC0-BU","Creek Chub",60,2.4,0.380211241711606,1.77815125038364,2023-06-06,"020502061207 Turtle Creek-West Branch Susquehanna River"
"5059","TC0-BU","Creek Chub",50,1.2,0.0791812460476248,1.69897000433602,2023-06-06,"020502061207 Turtle Creek-West Branch Susquehanna River"
"5060","TC0-BU","Creek Chub",52,1.9,0.278753600952829,1.7160033436348,2023-06-06,"020502061207 Turtle Creek-West Branch Susquehanna River"
"5061","TC0-BU","Creek Chub",94,8,0.903089986991944,1.9731278535997,2023-06-06,"020502061207 Turtle Creek-West Branch Susquehanna River"
"5062","TC0-BU","Creek Chub",61,2.5,0.397940008672038,1.78532983501077,2023-06-06,"020502061207 Turtle Creek-West Branch Susquehanna River"
"5063","TC0-BU","Creek Chub",87,6.7,0.826074802700826,1.93951925261862,2023-06-06,"020502061207 Turtle Creek-West Branch Susquehanna River"
"5064","TC0-BU","Creek Chub",114,16.4,1.2148438480477,2.05690485133647,2023-06-06,"020502061207 Turtle Creek-West Branch Susquehanna River"
"5065","TC0-BU","Creek Chub",92,8.2,0.913813852383717,1.96378782734556,2023-06-06,"020502061207 Turtle Creek-West Branch Susquehanna River"
"5066","TC0-BU","Creek Chub",66,3.4,0.531478917042255,1.81954393554187,2023-06-06,"020502061207 Turtle Creek-West Branch Susquehanna River"
"5067","TC0-BU","White Sucker",100,10.7,1.02938377768521,2,2023-06-06,"020502061207 Turtle Creek-West Branch Susquehanna River"
"5068","TC0-BU","Creek Chub",61,2.4,0.380211241711606,1.78532983501077,2023-06-06,"020502061207 Turtle Creek-West Branch Susquehanna River"
"5069","TC0-BU","Creek Chub",58,2,0.301029995663981,1.76342799356294,2023-06-06,"020502061207 Turtle Creek-West Branch Susquehanna River"
"5070","TC0-BU","Creek Chub",44,0.8,-0.0969100130080564,1.64345267648619,2023-06-06,"020502061207 Turtle Creek-West Branch Susquehanna River"
"5071","TC0-BU","Creek Chub",46,1.1,0.0413926851582251,1.66275783168157,2023-06-06,"020502061207 Turtle Creek-West Branch Susquehanna River"
"5072","TC0-BU","Bluntnose Minnow",55,1.6,0.204119982655925,1.74036268949424,2023-06-06,"020502061207 Turtle Creek-West Branch Susquehanna River"
"5073","TC0-BU","Bluntnose Minnow",61,2,0.301029995663981,1.78532983501077,2023-06-06,"020502061207 Turtle Creek-West Branch Susquehanna River"
"5074","TC0-BU","Bluntnose Minnow",68,2.9,0.462397997898956,1.83250891270624,2023-06-06,"020502061207 Turtle Creek-West Branch Susquehanna River"
"5075","TC0-BU","Bluntnose Minnow",60,1.9,0.278753600952829,1.77815125038364,2023-06-06,"020502061207 Turtle Creek-West Branch Susquehanna River"
"5076","TC0-BU","Bluntnose Minnow",72,3.6,0.556302500767287,1.85733249643127,2023-06-06,"020502061207 Turtle Creek-West Branch Susquehanna River"
"5077","TC0-BU","Blacknose Dace",64,2.5,0.397940008672038,1.80617997398389,2023-06-06,"020502061207 Turtle Creek-West Branch Susquehanna River"
"5078","TC0-BU","Blacknose Dace",53,1.3,0.113943352306837,1.72427586960079,2023-06-06,"020502061207 Turtle Creek-West Branch Susquehanna River"
"5079","TC0-BU","Blacknose Dace",52,1.2,0.0791812460476248,1.7160033436348,2023-06-06,"020502061207 Turtle Creek-West Branch Susquehanna River"
"5080","TC0-BU","Blacknose Dace",63,2.6,0.414973347970818,1.79934054945358,2023-06-06,"020502061207 Turtle Creek-West Branch Susquehanna River"
"5081","TC0-BU","Blacknose Dace",68,2.9,0.462397997898956,1.83250891270624,2023-06-06,"020502061207 Turtle Creek-West Branch Susquehanna River"
"5082","TC0-BU","Blacknose Dace",53,1.2,0.0791812460476248,1.72427586960079,2023-06-06,"020502061207 Turtle Creek-West Branch Susquehanna River"
"5083","TC0-BU","Blacknose Dace",42,0.7,-0.154901959985743,1.6232492903979,2023-06-06,"020502061207 Turtle Creek-West Branch Susquehanna River"
"5084","TC0-BU","Blacknose Dace",65,2.8,0.447158031342219,1.81291335664286,2023-06-06,"020502061207 Turtle Creek-West Branch Susquehanna River"
"5085","TC0-BU","Blacknose Dace",68,3,0.477121254719662,1.83250891270624,2023-06-06,"020502061207 Turtle Creek-West Branch Susquehanna River"
"5086","TC0-BU","Blacknose Dace",62,2.3,0.361727836017593,1.79239168949825,2023-06-06,"020502061207 Turtle Creek-West Branch Susquehanna River"
"5087","TC0-BU","Blacknose Dace",69,2.5,0.397940008672038,1.83884909073726,2023-06-06,"020502061207 Turtle Creek-West Branch Susquehanna River"
"5088","TC0-BU","Blacknose Dace",53,1.5,0.176091259055681,1.72427586960079,2023-06-06,"020502061207 Turtle Creek-West Branch Susquehanna River"
"5089","TC0-BU","Blacknose Dace",62,2.5,0.397940008672038,1.79239168949825,2023-06-06,"020502061207 Turtle Creek-West Branch Susquehanna River"
"5090","TC0-BU","Blacknose Dace",72,3.1,0.491361693834273,1.85733249643127,2023-06-06,"020502061207 Turtle Creek-West Branch Susquehanna River"
"5091","TC0-BU","Blacknose Dace",44,0.9,-0.0457574905606751,1.64345267648619,2023-06-06,"020502061207 Turtle Creek-West Branch Susquehanna River"
"5092","TC0-BU","Blacknose Dace",42,0.7,-0.154901959985743,1.6232492903979,2023-06-06,"020502061207 Turtle Creek-West Branch Susquehanna River"
"5093","TC0-BU","Blacknose Dace",54,1.5,0.176091259055681,1.73239375982297,2023-06-06,"020502061207 Turtle Creek-West Branch Susquehanna River"
"5094","TC0-BU","Cutlip Minnow",42,0.6,-0.221848749616356,1.6232492903979,2023-06-06,"020502061207 Turtle Creek-West Branch Susquehanna River"
"5095","TC0-BU","Cutlip Minnow",41,0.7,-0.154901959985743,1.61278385671974,2023-06-06,"020502061207 Turtle Creek-West Branch Susquehanna River"
"5096","TC0-BU","Cutlip Minnow",56,1.9,0.278753600952829,1.7481880270062,2023-06-06,"020502061207 Turtle Creek-West Branch Susquehanna River"
"5097","TC0-BU","Cutlip Minnow",72,5.1,0.707570176097936,1.85733249643127,2023-06-06,"020502061207 Turtle Creek-West Branch Susquehanna River"
"5098","TC0-BU","Cutlip Minnow",42,0.8,-0.0969100130080564,1.6232492903979,2023-06-06,"020502061207 Turtle Creek-West Branch Susquehanna River"
"5099","TC0-BU","Cutlip Minnow",76,5.5,0.740362689494244,1.88081359228079,2023-06-06,"020502061207 Turtle Creek-West Branch Susquehanna River"
"5100","TC0-BU","Cutlip Minnow",42,0.8,-0.0969100130080564,1.6232492903979,2023-06-06,"020502061207 Turtle Creek-West Branch Susquehanna River"
"5101","TC0-BU","Cutlip Minnow",66,3.5,0.544068044350276,1.81954393554187,2023-06-06,"020502061207 Turtle Creek-West Branch Susquehanna River"
"5102","TC0-BU","Cutlip Minnow",42,0.7,-0.154901959985743,1.6232492903979,2023-06-06,"020502061207 Turtle Creek-West Branch Susquehanna River"
"5103","TC0-BU","Bluntnose Minnow",37,0.6,-0.221848749616356,1.56820172406699,2023-06-06,"020502061207 Turtle Creek-West Branch Susquehanna River"
"5104","TC0-BU","Bluntnose Minnow",38,0.4,-0.397940008672038,1.57978359661681,2023-06-06,"020502061207 Turtle Creek-West Branch Susquehanna River"
"5105","TC0-BU","Bluntnose Minnow",45,0.9,-0.0457574905606751,1.65321251377534,2023-06-06,"020502061207 Turtle Creek-West Branch Susquehanna River"
"5106","TC0-BU","Bluntnose Minnow",50,1.2,0.0791812460476248,1.69897000433602,2023-06-06,"020502061207 Turtle Creek-West Branch Susquehanna River"
"5107","TC0-BU","Creek Chub",54,1.3,0.113943352306837,1.73239375982297,2023-06-06,"020502061207 Turtle Creek-West Branch Susquehanna River"
"5108","TC0-BU","Creek Chub",69,3.5,0.544068044350276,1.83884909073726,2023-06-06,"020502061207 Turtle Creek-West Branch Susquehanna River"
"5109","TC0-BU","Creek Chub",82,6.4,0.806179973983887,1.91381385238372,2023-06-06,"020502061207 Turtle Creek-West Branch Susquehanna River"
"5110","TC0-BU","Bluntnose Minnow",72,3.8,0.57978359661681,1.85733249643127,2023-06-06,"020502061207 Turtle Creek-West Branch Susquehanna River"
"5111","TC0-BU","Bluntnose Minnow",66,2.8,0.447158031342219,1.81954393554187,2023-06-06,"020502061207 Turtle Creek-West Branch Susquehanna River"
"5112","TC0-BU","White Sucker",106,12.3,1.0899051114394,2.02530586526477,2023-06-06,"020502061207 Turtle Creek-West Branch Susquehanna River"
"5113","TC0-BU","White Sucker",114,15.5,1.19033169817029,2.05690485133647,2023-06-06,"020502061207 Turtle Creek-West Branch Susquehanna River"
"5114","TC0-BU","White Sucker",106,11.8,1.07188200730613,2.02530586526477,2023-06-06,"020502061207 Turtle Creek-West Branch Susquehanna River"
"5115","TC0-BU","White Sucker",94,10.2,1.00860017176192,1.9731278535997,2023-06-06,"020502061207 Turtle Creek-West Branch Susquehanna River"
"5116","TC0-BU","White Sucker",103,12.8,1.10720996964787,2.01283722470517,2023-06-06,"020502061207 Turtle Creek-West Branch Susquehanna River"
"5117","TC0-BU","White Sucker",74,4.1,0.612783856719735,1.86923171973098,2023-06-06,"020502061207 Turtle Creek-West Branch Susquehanna River"
"5118","TC0-BU","White Sucker",86,7.3,0.863322860120456,1.93449845124357,2023-06-06,"020502061207 Turtle Creek-West Branch Susquehanna River"
"5119","TC0-BU","White Sucker",76,4.3,0.633468455579587,1.88081359228079,2023-06-06,"020502061207 Turtle Creek-West Branch Susquehanna River"
"5120","TC0-BU","White Sucker",112,14.4,1.15836249209525,2.04921802267018,2023-06-06,"020502061207 Turtle Creek-West Branch Susquehanna River"
"5121","TC0-BU","White Sucker",108,13.3,1.12385164096709,2.03342375548695,2023-06-06,"020502061207 Turtle Creek-West Branch Susquehanna River"
"5122","TC0-BU","White Sucker",93,8.7,0.939519252618618,1.96848294855394,2023-06-06,"020502061207 Turtle Creek-West Branch Susquehanna River"
"5123","TC0-BU","White Sucker",97,9.5,0.977723605288848,1.98677173426624,2023-06-06,"020502061207 Turtle Creek-West Branch Susquehanna River"
"5124","TC0-BU","White Sucker",122,18.3,1.26245108973043,2.08635983067475,2023-06-06,"020502061207 Turtle Creek-West Branch Susquehanna River"
"5125","TC0-BU","White Sucker",89,6.4,0.806179973983887,1.94939000664491,2023-06-06,"020502061207 Turtle Creek-West Branch Susquehanna River"
"5126","TC0-BU","White Sucker",156,187.7,2.27346427262135,2.19312459835446,2023-06-06,"020502061207 Turtle Creek-West Branch Susquehanna River"
"5127","TC0-BU","White Sucker",110,14.8,1.17026171539496,2.04139268515822,2023-06-06,"020502061207 Turtle Creek-West Branch Susquehanna River"
"5128","TC0-BU","White Sucker",99,10.1,1.00432137378264,1.99563519459755,2023-06-06,"020502061207 Turtle Creek-West Branch Susquehanna River"
"5129","TC0-BU","White Sucker",104,11.7,1.06818586174616,2.01703333929878,2023-06-06,"020502061207 Turtle Creek-West Branch Susquehanna River"
"5130","TC0-BU","White Sucker",73,4.3,0.633468455579587,1.86332286012046,2023-06-06,"020502061207 Turtle Creek-West Branch Susquehanna River"
"5131","TC0-BU","White Sucker",93,9.4,0.973127853599699,1.96848294855394,2023-06-06,"020502061207 Turtle Creek-West Branch Susquehanna River"
"5132","TC0-BU","Common Shiner",104,10.6,1.02530586526477,2.01703333929878,2023-06-06,"020502061207 Turtle Creek-West Branch Susquehanna River"
"5133","TC0-BU","Common Shiner",67,2.6,0.414973347970818,1.82607480270083,2023-06-06,"020502061207 Turtle Creek-West Branch Susquehanna River"
"5134","TC0-BU","Longnose Dace",52,1.2,0.0791812460476248,1.7160033436348,2023-06-06,"020502061207 Turtle Creek-West Branch Susquehanna River"
"5135","TC0-BU","Banded Killifish",62,2.2,0.342422680822206,1.79239168949825,2023-06-06,"020502061207 Turtle Creek-West Branch Susquehanna River"
"5136","TC0-BU","Banded Killifish",37,0.8,-0.0969100130080564,1.56820172406699,2023-06-06,"020502061207 Turtle Creek-West Branch Susquehanna River"
"5137","TC0-BU","Banded Killifish",45,0.8,-0.0969100130080564,1.65321251377534,2023-06-06,"020502061207 Turtle Creek-West Branch Susquehanna River"
"5138","TC0-BU","Banded Killifish",49,0.9,-0.0457574905606751,1.69019608002851,2023-06-06,"020502061207 Turtle Creek-West Branch Susquehanna River"
"5139","TC0-BU","Banded Killifish",56,1.5,0.176091259055681,1.7481880270062,2023-06-06,"020502061207 Turtle Creek-West Branch Susquehanna River"
"5140","TC0-BU","Banded Killifish",57,1.8,0.255272505103306,1.75587485567249,2023-06-06,"020502061207 Turtle Creek-West Branch Susquehanna River"
"5141","TC0-BU","Banded Killifish",58,1.8,0.255272505103306,1.76342799356294,2023-06-06,"020502061207 Turtle Creek-West Branch Susquehanna River"
"5142","TC0-BU","Banded Killifish",50,1,0,1.69897000433602,2023-06-06,"020502061207 Turtle Creek-West Branch Susquehanna River"
"5143","TC0-BU","Banded Killifish",62,2.2,0.342422680822206,1.79239168949825,2023-06-06,"020502061207 Turtle Creek-West Branch Susquehanna River"
"5144","TC0-BU","Banded Killifish",56,1.6,0.204119982655925,1.7481880270062,2023-06-06,"020502061207 Turtle Creek-West Branch Susquehanna River"
"5145","TC0-BU","Banded Killifish",53,1.4,0.146128035678238,1.72427586960079,2023-06-06,"020502061207 Turtle Creek-West Branch Susquehanna River"
"5146","TC0-BU","Banded Killifish",61,2.2,0.342422680822206,1.78532983501077,2023-06-06,"020502061207 Turtle Creek-West Branch Susquehanna River"
"5147","TC0-BU","Bluntnose Minnow",46,0.9,-0.0457574905606751,1.66275783168157,2023-06-06,"020502061207 Turtle Creek-West Branch Susquehanna River"
"5148","TC0-BU","Bluntnose Minnow",66,2.9,0.462397997898956,1.81954393554187,2023-06-06,"020502061207 Turtle Creek-West Branch Susquehanna River"
"5149","TC0-BU","Bluntnose Minnow",77,4.1,0.612783856719735,1.88649072517248,2023-06-06,"020502061207 Turtle Creek-West Branch Susquehanna River"
"5150","TC0-BU","Banded Killifish",57,1.6,0.204119982655925,1.75587485567249,2023-06-06,"020502061207 Turtle Creek-West Branch Susquehanna River"
"5151","TC0-BU","Central Stoneroller",72,3.3,0.518513939877887,1.85733249643127,2023-06-06,"020502061207 Turtle Creek-West Branch Susquehanna River"
"5152","TC0-BU","Central Stoneroller",75,3.9,0.591064607026499,1.8750612633917,2023-06-06,"020502061207 Turtle Creek-West Branch Susquehanna River"
"5153","TC0-BU","Central Stoneroller",55,1.5,0.176091259055681,1.74036268949424,2023-06-06,"020502061207 Turtle Creek-West Branch Susquehanna River"
"5154","TC0-BU","Largemouth Bass",107,13.2,1.12057393120585,2.02938377768521,2023-06-06,"020502061207 Turtle Creek-West Branch Susquehanna River"
"5155","TC0-BU","Green Sunfish",89,12.3,1.0899051114394,1.94939000664491,2023-06-06,"020502061207 Turtle Creek-West Branch Susquehanna River"
"5156","TC0-BU","Green Sunfish",127,43.4,1.63748972951251,2.10380372095596,2023-06-06,"020502061207 Turtle Creek-West Branch Susquehanna River"
"5157","TC0-BU","Green Sunfish",91,15.5,1.19033169817029,1.95904139232109,2023-06-06,"020502061207 Turtle Creek-West Branch Susquehanna River"
"5158","TC0-BU","Green Sunfish",114,33.3,1.52244423350632,2.05690485133647,2023-06-06,"020502061207 Turtle Creek-West Branch Susquehanna River"
"5159","TC0-BU","Green Sunfish",100,18.3,1.26245108973043,2,2023-06-06,"020502061207 Turtle Creek-West Branch Susquehanna River"
"5160","TC0-BU","Green Sunfish",107,19.6,1.29225607135648,2.02938377768521,2023-06-06,"020502061207 Turtle Creek-West Branch Susquehanna River"
"5161","TC0-BU","Green Sunfish",86,11.2,1.04921802267018,1.93449845124357,2023-06-06,"020502061207 Turtle Creek-West Branch Susquehanna River"
"5162","TC0-BU","Green Sunfish",92,14.7,1.16731733474818,1.96378782734556,2023-06-06,"020502061207 Turtle Creek-West Branch Susquehanna River"
"5163","TC0-BU","Green Sunfish",77,8.3,0.919078092376074,1.88649072517248,2023-06-06,"020502061207 Turtle Creek-West Branch Susquehanna River"
"5164","TC0-BU","Green Sunfish",97,17.9,1.25285303097989,1.98677173426624,2023-06-06,"020502061207 Turtle Creek-West Branch Susquehanna River"
"5165","TC0-BU","Green Sunfish",72,6.8,0.832508912706236,1.85733249643127,2023-06-06,"020502061207 Turtle Creek-West Branch Susquehanna River"
"5166","TC0-BU","Tessellated Darter",42,0.7,-0.154901959985743,1.6232492903979,2023-06-06,"020502061207 Turtle Creek-West Branch Susquehanna River"
"5167","TC0-BU","Tessellated Darter",51,1.2,0.0791812460476248,1.70757017609794,2023-06-06,"020502061207 Turtle Creek-West Branch Susquehanna River"
"5168","TC0-BU","Tessellated Darter",60,1.9,0.278753600952829,1.77815125038364,2023-06-06,"020502061207 Turtle Creek-West Branch Susquehanna River"
"5169","TC0-BU","Tessellated Darter",52,1.6,0.204119982655925,1.7160033436348,2023-06-06,"020502061207 Turtle Creek-West Branch Susquehanna River"
"5170","TC0-BU","Tessellated Darter",53,1.3,0.113943352306837,1.72427586960079,2023-06-06,"020502061207 Turtle Creek-West Branch Susquehanna River"
"5171","TC0-BU","Tessellated Darter",51,1.2,0.0791812460476248,1.70757017609794,2023-06-06,"020502061207 Turtle Creek-West Branch Susquehanna River"
"5172","TC0-BU","Longnose Dace",49,0.9,-0.0457574905606751,1.69019608002851,2023-06-06,"020502061207 Turtle Creek-West Branch Susquehanna River"
"5173","TC0-BU","Longnose Dace",52,1.2,0.0791812460476248,1.7160033436348,2023-06-06,"020502061207 Turtle Creek-West Branch Susquehanna River"
"5174","TC0-BU","Longnose Dace",59,1.6,0.204119982655925,1.77085201164214,2023-06-06,"020502061207 Turtle Creek-West Branch Susquehanna River"
"5175","TC0-BU","Longnose Dace",54,1.5,0.176091259055681,1.73239375982297,2023-06-06,"020502061207 Turtle Creek-West Branch Susquehanna River"
"5176","TC0-BU","Longnose Dace",54,1.2,0.0791812460476248,1.73239375982297,2023-06-06,"020502061207 Turtle Creek-West Branch Susquehanna River"
"5177","TC0-BU","Longnose Dace",49,0.9,-0.0457574905606751,1.69019608002851,2023-06-06,"020502061207 Turtle Creek-West Branch Susquehanna River"
"5178","TC0-BU","Longnose Dace",54,1.4,0.146128035678238,1.73239375982297,2023-06-06,"020502061207 Turtle Creek-West Branch Susquehanna River"
"5179","TC0-CB-U","Largemouth Bass",115,19.5,1.29003461136252,2.06069784035361,2016-06-10,"020502061207 Turtle Creek-West Branch Susquehanna River"
"5180","TC0-CB-U","Largemouth Bass",87,8,0.903089986991944,1.93951925261862,2016-06-10,"020502061207 Turtle Creek-West Branch Susquehanna River"
"5181","TC0-CB-U","Banded Killifish",57,1.6,0.204119982655925,1.75587485567249,2023-06-07,"020502061207 Turtle Creek-West Branch Susquehanna River"
"5182","TC0-CB-U","Banded Killifish",73,9.3,0.968482948553935,1.86332286012046,2023-06-07,"020502061207 Turtle Creek-West Branch Susquehanna River"
"5183","TC0-CB-U","Banded Killifish",80,5.9,0.770852011642144,1.90308998699194,2023-06-07,"020502061207 Turtle Creek-West Branch Susquehanna River"
"5184","TC0-CB-U","Banded Killifish",57,1.9,0.278753600952829,1.75587485567249,2023-06-07,"020502061207 Turtle Creek-West Branch Susquehanna River"
"5185","TC0-CB-U","Banded Killifish",63,2.3,0.361727836017593,1.79934054945358,2023-06-07,"020502061207 Turtle Creek-West Branch Susquehanna River"
"5186","TC0-CB-U","Banded Killifish",59,2.5,0.397940008672038,1.77085201164214,2023-06-07,"020502061207 Turtle Creek-West Branch Susquehanna River"
"5187","TC0-CB-U","Banded Killifish",71,3.8,0.57978359661681,1.85125834871908,2023-06-07,"020502061207 Turtle Creek-West Branch Susquehanna River"
"5188","TC0-CB-U","Banded Killifish",44,1,0,1.64345267648619,2023-06-07,"020502061207 Turtle Creek-West Branch Susquehanna River"
"5189","TC0-CB-U","Banded Killifish",53,1.6,0.204119982655925,1.72427586960079,2023-06-07,"020502061207 Turtle Creek-West Branch Susquehanna River"
"5190","TC0-CB-U","Banded Killifish",75,4.3,0.633468455579587,1.8750612633917,2023-06-07,"020502061207 Turtle Creek-West Branch Susquehanna River"
"5191","TC0-CB-U","Banded Killifish",48,0.5,-0.301029995663981,1.68124123737559,2023-06-07,"020502061207 Turtle Creek-West Branch Susquehanna River"
"5192","TC0-CB-U","Banded Killifish",51,1.2,0.0791812460476248,1.70757017609794,2023-06-07,"020502061207 Turtle Creek-West Branch Susquehanna River"
"5193","TC0-CB-U","Banded Killifish",79,5.2,0.716003343634799,1.89762709129044,2023-06-07,"020502061207 Turtle Creek-West Branch Susquehanna River"
"5194","TC0-CB-U","Banded Killifish",80,5.4,0.732393759822969,1.90308998699194,2023-06-07,"020502061207 Turtle Creek-West Branch Susquehanna River"
"5195","TC0-CB-U","Fallfish",83,5.2,0.716003343634799,1.91907809237607,2023-06-07,"020502061207 Turtle Creek-West Branch Susquehanna River"
"5196","TC0-CB-U","Fallfish",85,5.5,0.740362689494244,1.92941892571429,2023-06-07,"020502061207 Turtle Creek-West Branch Susquehanna River"
"5197","TC0-CB-U","Fallfish",93,7.3,0.863322860120456,1.96848294855394,2023-06-07,"020502061207 Turtle Creek-West Branch Susquehanna River"
"5198","TC0-CB-U","Fallfish",86,5.4,0.732393759822969,1.93449845124357,2023-06-07,"020502061207 Turtle Creek-West Branch Susquehanna River"
"5199","TC0-CB-U","Fallfish",93,7,0.845098040014257,1.96848294855394,2023-06-07,"020502061207 Turtle Creek-West Branch Susquehanna River"
"5200","TC0-CB-U","Fallfish",88,6.1,0.785329835010767,1.94448267215017,2023-06-07,"020502061207 Turtle Creek-West Branch Susquehanna River"
"5201","TC0-CB-U","Fallfish",75,3.7,0.568201724066995,1.8750612633917,2023-06-07,"020502061207 Turtle Creek-West Branch Susquehanna River"
"5202","TC0-CB-U","Common Shiner",60,2.1,0.322219294733919,1.77815125038364,2023-06-07,"020502061207 Turtle Creek-West Branch Susquehanna River"
"5203","TC0-CB-U","Common Shiner",78,4.2,0.6232492903979,1.89209460269048,2023-06-07,"020502061207 Turtle Creek-West Branch Susquehanna River"
"5204","TC0-CB-U","Common Shiner",61,1.8,0.255272505103306,1.78532983501077,2023-06-07,"020502061207 Turtle Creek-West Branch Susquehanna River"
"5205","TC0-CB-U","Common Shiner",69,3,0.477121254719662,1.83884909073726,2023-06-07,"020502061207 Turtle Creek-West Branch Susquehanna River"
"5206","TC0-CB-U","Common Shiner",68,2.6,0.414973347970818,1.83250891270624,2023-06-07,"020502061207 Turtle Creek-West Branch Susquehanna River"
"5207","TC0-CB-U","Common Shiner",73,4.1,0.612783856719735,1.86332286012046,2023-06-07,"020502061207 Turtle Creek-West Branch Susquehanna River"
"5208","TC0-CB-U","Common Shiner",70,3.4,0.531478917042255,1.84509804001426,2023-06-07,"020502061207 Turtle Creek-West Branch Susquehanna River"
"5209","TC0-CB-U","Blacknose Dace",66,3.5,0.544068044350276,1.81954393554187,2023-06-07,"020502061207 Turtle Creek-West Branch Susquehanna River"
"5210","TC0-CB-U","Blacknose Dace",54,1.5,0.176091259055681,1.73239375982297,2023-06-07,"020502061207 Turtle Creek-West Branch Susquehanna River"
"5211","TC0-CB-U","Blacknose Dace",50,1.1,0.0413926851582251,1.69897000433602,2023-06-07,"020502061207 Turtle Creek-West Branch Susquehanna River"
"5212","TC0-CB-U","Blacknose Dace",48,1.1,0.0413926851582251,1.68124123737559,2023-06-07,"020502061207 Turtle Creek-West Branch Susquehanna River"
"5213","TC0-CB-U","Blacknose Dace",44,0.8,-0.0969100130080564,1.64345267648619,2023-06-07,"020502061207 Turtle Creek-West Branch Susquehanna River"
"5214","TC0-CB-U","Blacknose Dace",56,1.7,0.230448921378274,1.7481880270062,2023-06-07,"020502061207 Turtle Creek-West Branch Susquehanna River"
"5215","TC0-CB-U","Blacknose Dace",50,1.3,0.113943352306837,1.69897000433602,2023-06-07,"020502061207 Turtle Creek-West Branch Susquehanna River"
"5216","TC0-CB-U","White Sucker",95,7.4,0.869231719730976,1.97772360528885,2023-06-07,"020502061207 Turtle Creek-West Branch Susquehanna River"
"5217","TC0-CB-U","Cutlip Minnow",116,18,1.25527250510331,2.06445798922692,2023-06-07,"020502061207 Turtle Creek-West Branch Susquehanna River"
"5218","TC0-CB-U","Cutlip Minnow",99,13.1,1.11727129565576,1.99563519459755,2023-06-07,"020502061207 Turtle Creek-West Branch Susquehanna River"
"5219","TC0-CB-U","Blacknose Dace",64,1,0,1.80617997398389,2023-06-07,"020502061207 Turtle Creek-West Branch Susquehanna River"
"5220","TC0-CB-U","Blacknose Dace",66,2.5,0.397940008672038,1.81954393554187,2023-06-07,"020502061207 Turtle Creek-West Branch Susquehanna River"
"5221","TC0-CB-U","Blacknose Dace",55,1.7,0.230448921378274,1.74036268949424,2023-06-07,"020502061207 Turtle Creek-West Branch Susquehanna River"
"5222","TC0-CB-U","Blacknose Dace",72,4,0.602059991327962,1.85733249643127,2023-06-07,"020502061207 Turtle Creek-West Branch Susquehanna River"
"5223","TC0-CB-U","Blacknose Dace",75,4.5,0.653212513775344,1.8750612633917,2023-06-07,"020502061207 Turtle Creek-West Branch Susquehanna River"
"5224","TC0-CB-U","Blacknose Dace",53,1.5,0.176091259055681,1.72427586960079,2023-06-07,"020502061207 Turtle Creek-West Branch Susquehanna River"
"5225","TC0-CB-U","Blacknose Dace",71,3.3,0.518513939877887,1.85125834871908,2023-06-07,"020502061207 Turtle Creek-West Branch Susquehanna River"
"5226","TC0-CB-U","Blacknose Dace",52,1.3,0.113943352306837,1.7160033436348,2023-06-07,"020502061207 Turtle Creek-West Branch Susquehanna River"
"5227","TC0-CB-U","Blacknose Dace",49,1.3,0.113943352306837,1.69019608002851,2023-06-07,"020502061207 Turtle Creek-West Branch Susquehanna River"
"5228","TC0-CB-U","Blacknose Dace",56,1.5,0.176091259055681,1.7481880270062,2023-06-07,"020502061207 Turtle Creek-West Branch Susquehanna River"
"5229","TC0-CB-U","Blacknose Dace",55,1.4,0.146128035678238,1.74036268949424,2023-06-07,"020502061207 Turtle Creek-West Branch Susquehanna River"
"5230","TC0-CB-U","Blacknose Dace",55,1.2,0.0791812460476248,1.74036268949424,2023-06-07,"020502061207 Turtle Creek-West Branch Susquehanna River"
"5231","TC0-CB-U","Blacknose Dace",55,1.2,0.0791812460476248,1.74036268949424,2023-06-07,"020502061207 Turtle Creek-West Branch Susquehanna River"
"5232","TC0-CB-U","Blacknose Dace",58,2,0.301029995663981,1.76342799356294,2023-06-07,"020502061207 Turtle Creek-West Branch Susquehanna River"
"5233","TC0-CB-U","Blacknose Dace",60,2,0.301029995663981,1.77815125038364,2023-06-07,"020502061207 Turtle Creek-West Branch Susquehanna River"
"5234","TC0-CB-U","Longnose Dace",55,1.5,0.176091259055681,1.74036268949424,2023-06-07,"020502061207 Turtle Creek-West Branch Susquehanna River"
"5235","TC0-CB-U","Longnose Dace",62,2.4,0.380211241711606,1.79239168949825,2023-06-07,"020502061207 Turtle Creek-West Branch Susquehanna River"
"5236","TC0-CB-U","Longnose Dace",55,1.8,0.255272505103306,1.74036268949424,2023-06-07,"020502061207 Turtle Creek-West Branch Susquehanna River"
"5237","TC0-CB-U","Longnose Dace",56,1.9,0.278753600952829,1.7481880270062,2023-06-07,"020502061207 Turtle Creek-West Branch Susquehanna River"
"5238","TC0-CB-U","Longnose Dace",59,1.8,0.255272505103306,1.77085201164214,2023-06-07,"020502061207 Turtle Creek-West Branch Susquehanna River"
"5239","TC0-CB-U","Longnose Dace",52,1.4,0.146128035678238,1.7160033436348,2023-06-07,"020502061207 Turtle Creek-West Branch Susquehanna River"
"5240","TC0-CB-U","Longnose Dace",67,2.7,0.431363764158987,1.82607480270083,2023-06-07,"020502061207 Turtle Creek-West Branch Susquehanna River"
"5241","TC0-CB-U","Central Stoneroller",64,2.5,0.397940008672038,1.80617997398389,2023-06-07,"020502061207 Turtle Creek-West Branch Susquehanna River"
"5242","TC0-CB-U","Central Stoneroller",79,4.7,0.672097857935718,1.89762709129044,2023-06-07,"020502061207 Turtle Creek-West Branch Susquehanna River"
"5243","TC0-CB-U","Central Stoneroller",80,4.4,0.643452676486187,1.90308998699194,2023-06-07,"020502061207 Turtle Creek-West Branch Susquehanna River"
"5244","TC0-CB-U","Blacknose Dace",55,1.6,0.204119982655925,1.74036268949424,2023-06-07,"020502061207 Turtle Creek-West Branch Susquehanna River"
"5245","TC0-CB-U","Blacknose Dace",53,1.5,0.176091259055681,1.72427586960079,2023-06-07,"020502061207 Turtle Creek-West Branch Susquehanna River"
"5246","TC0-CB-U","Blacknose Dace",72,3.8,0.57978359661681,1.85733249643127,2023-06-07,"020502061207 Turtle Creek-West Branch Susquehanna River"
"5247","TC0-CB-U","Blacknose Dace",65,2.6,0.414973347970818,1.81291335664286,2023-06-07,"020502061207 Turtle Creek-West Branch Susquehanna River"
"5248","TC0-CB-U","Blacknose Dace",45,1,0,1.65321251377534,2023-06-07,"020502061207 Turtle Creek-West Branch Susquehanna River"
"5249","TC0-CB-U","Longnose Dace",52,1.5,0.176091259055681,1.7160033436348,2023-06-07,"020502061207 Turtle Creek-West Branch Susquehanna River"
"5250","TC0-CB-U","Longnose Dace",57,1.9,0.278753600952829,1.75587485567249,2023-06-07,"020502061207 Turtle Creek-West Branch Susquehanna River"
"5251","TC0-CB-U","Longnose Dace",60,1.9,0.278753600952829,1.77815125038364,2023-06-07,"020502061207 Turtle Creek-West Branch Susquehanna River"
"5252","TC0-CB-U","Longnose Dace",76,5.4,0.732393759822969,1.88081359228079,2023-06-07,"020502061207 Turtle Creek-West Branch Susquehanna River"
"5253","TC0-CB-U","Green Sunfish",115,31.8,1.50242711998443,2.06069784035361,2023-06-07,"020502061207 Turtle Creek-West Branch Susquehanna River"
"5254","TC0-CB-U","Banded Killifish",58,1.8,0.255272505103306,1.76342799356294,2023-06-07,"020502061207 Turtle Creek-West Branch Susquehanna River"
"5255","TC0-CB-U","Banded Killifish",66,2.8,0.447158031342219,1.81954393554187,2023-06-07,"020502061207 Turtle Creek-West Branch Susquehanna River"
"5256","TC0-CB-U","Blacknose Dace",43,0.8,-0.0969100130080564,1.63346845557959,2023-06-07,"020502061207 Turtle Creek-West Branch Susquehanna River"
"5257","TC0-CB-U","Blacknose Dace",52,1.3,0.113943352306837,1.7160033436348,2023-06-07,"020502061207 Turtle Creek-West Branch Susquehanna River"
"5258","TC0-CB-U","Blacknose Dace",47,1,0,1.67209785793572,2023-06-07,"020502061207 Turtle Creek-West Branch Susquehanna River"
"5259","TC0-CB-U","Banded Killifish",47,3.3,0.518513939877887,1.67209785793572,2023-06-07,"020502061207 Turtle Creek-West Branch Susquehanna River"
"5260","TC0-CB-U","Banded Killifish",53,1.7,0.230448921378274,1.72427586960079,2023-06-07,"020502061207 Turtle Creek-West Branch Susquehanna River"
"5261","TC0-CB-U","Banded Killifish",68,3.2,0.505149978319906,1.83250891270624,2023-06-07,"020502061207 Turtle Creek-West Branch Susquehanna River"
"5262","TC0-CB-U","Bluntnose Minnow",68,3,0.477121254719662,1.83250891270624,2023-06-07,"020502061207 Turtle Creek-West Branch Susquehanna River"
"5263","TC0-CB-U","Bluntnose Minnow",59,2.1,0.322219294733919,1.77085201164214,2023-06-07,"020502061207 Turtle Creek-West Branch Susquehanna River"
"5264","TC0-CB-U","Bluntnose Minnow",61,2.2,0.342422680822206,1.78532983501077,2023-06-07,"020502061207 Turtle Creek-West Branch Susquehanna River"
"5265","TC0-CB-U","Bluntnose Minnow",66,3.2,0.505149978319906,1.81954393554187,2023-06-07,"020502061207 Turtle Creek-West Branch Susquehanna River"
"5266","TC0-CB-U","Bluntnose Minnow",69,3.1,0.491361693834273,1.83884909073726,2023-06-07,"020502061207 Turtle Creek-West Branch Susquehanna River"
"5267","TC0-CB-U","Bluntnose Minnow",37,0.4,-0.397940008672038,1.56820172406699,2023-06-07,"020502061207 Turtle Creek-West Branch Susquehanna River"
"5268","TC0-CB-U","Bluntnose Minnow",68,2.9,0.462397997898956,1.83250891270624,2023-06-07,"020502061207 Turtle Creek-West Branch Susquehanna River"
"5269","TC0-CB-U","Bluntnose Minnow",52,1.2,0.0791812460476248,1.7160033436348,2023-06-07,"020502061207 Turtle Creek-West Branch Susquehanna River"
"5270","TC0-CB-U","Bluntnose Minnow",68,3.2,0.505149978319906,1.83250891270624,2023-06-07,"020502061207 Turtle Creek-West Branch Susquehanna River"
"5271","TC0-CB-U","Bluntnose Minnow",60,2.4,0.380211241711606,1.77815125038364,2023-06-07,"020502061207 Turtle Creek-West Branch Susquehanna River"
"5272","TC0-CB-U","Bluntnose Minnow",66,2.8,0.447158031342219,1.81954393554187,2023-06-07,"020502061207 Turtle Creek-West Branch Susquehanna River"
"5273","TC0-CB-U","Bluntnose Minnow",43,0.9,-0.0457574905606751,1.63346845557959,2023-06-07,"020502061207 Turtle Creek-West Branch Susquehanna River"
"5274","TC0-CB-U","Bluntnose Minnow",59,2.3,0.361727836017593,1.77085201164214,2023-06-07,"020502061207 Turtle Creek-West Branch Susquehanna River"
"5275","TC0-CB-U","Bluntnose Minnow",84,6,0.778151250383644,1.92427928606188,2023-06-07,"020502061207 Turtle Creek-West Branch Susquehanna River"
"5276","TC0-CB-U","Common Shiner",68,2.2,0.342422680822206,1.83250891270624,2023-06-07,"020502061207 Turtle Creek-West Branch Susquehanna River"
"5277","TC0-CB-U","Common Shiner",78,3.4,0.531478917042255,1.89209460269048,2023-06-07,"020502061207 Turtle Creek-West Branch Susquehanna River"
"5278","TC0-CB-U","Common Shiner",70,3.6,0.556302500767287,1.84509804001426,2023-06-07,"020502061207 Turtle Creek-West Branch Susquehanna River"
"5279","TC0-CB-U","Common Shiner",65,2.6,0.414973347970818,1.81291335664286,2023-06-07,"020502061207 Turtle Creek-West Branch Susquehanna River"
"5280","TC0-CB-U","Common Shiner",62,2,0.301029995663981,1.79239168949825,2023-06-07,"020502061207 Turtle Creek-West Branch Susquehanna River"
"5281","TC0-CB-U","Longnose Dace",59,2,0.301029995663981,1.77085201164214,2023-06-07,"020502061207 Turtle Creek-West Branch Susquehanna River"
"5282","TC0-CB-U","Longnose Dace",52,1.5,0.176091259055681,1.7160033436348,2023-06-07,"020502061207 Turtle Creek-West Branch Susquehanna River"
"5283","TC0-CB-U","Longnose Dace",59,2.5,0.397940008672038,1.77085201164214,2023-06-07,"020502061207 Turtle Creek-West Branch Susquehanna River"
"5284","TC0-CB-U","Longnose Dace",75,4.8,0.681241237375587,1.8750612633917,2023-06-07,"020502061207 Turtle Creek-West Branch Susquehanna River"
"5285","TC0-CB-U","Longnose Dace",52,1.4,0.146128035678238,1.7160033436348,2023-06-07,"020502061207 Turtle Creek-West Branch Susquehanna River"
"5286","TC0-CB-U","Longnose Dace",75,4.6,0.662757831681574,1.8750612633917,2023-06-07,"020502061207 Turtle Creek-West Branch Susquehanna River"
"5287","TC0-CB-U","Longnose Dace",60,2.7,0.431363764158987,1.77815125038364,2023-06-07,"020502061207 Turtle Creek-West Branch Susquehanna River"
"5288","TC0-CB-U","Longnose Dace",57,2.3,0.361727836017593,1.75587485567249,2023-06-07,"020502061207 Turtle Creek-West Branch Susquehanna River"
"5289","TC0-CB-U","Banded Killifish",85,6.9,0.838849090737255,1.92941892571429,2023-06-07,"020502061207 Turtle Creek-West Branch Susquehanna River"
"5290","TC0-CB-U","Banded Killifish",49,1.2,0.0791812460476248,1.69019608002851,2023-06-07,"020502061207 Turtle Creek-West Branch Susquehanna River"
"5291","TC0-CB-U","Banded Killifish",84,6,0.778151250383644,1.92427928606188,2023-06-07,"020502061207 Turtle Creek-West Branch Susquehanna River"
"5292","TC0-CB-U","Creek Chub",46,0.9,-0.0457574905606751,1.66275783168157,2023-06-07,"020502061207 Turtle Creek-West Branch Susquehanna River"
"5293","TC0-CB-U","Creek Chub",65,3.1,0.491361693834273,1.81291335664286,2023-06-07,"020502061207 Turtle Creek-West Branch Susquehanna River"
"5294","TC0-CB-U","Creek Chub",41,1.1,0.0413926851582251,1.61278385671974,2023-06-07,"020502061207 Turtle Creek-West Branch Susquehanna River"
"5295","TC0-CB-U","Creek Chub",65,3.1,0.491361693834273,1.81291335664286,2023-06-07,"020502061207 Turtle Creek-West Branch Susquehanna River"
"5296","TC0-CB-U","Creek Chub",57,1.9,0.278753600952829,1.75587485567249,2023-06-07,"020502061207 Turtle Creek-West Branch Susquehanna River"
"5297","TC0-CB-U","Tessellated Darter",64,2.5,0.397940008672038,1.80617997398389,2023-06-07,"020502061207 Turtle Creek-West Branch Susquehanna River"
"5298","TC0-CB-U","Tessellated Darter",61,2.2,0.342422680822206,1.78532983501077,2023-06-07,"020502061207 Turtle Creek-West Branch Susquehanna River"
"5299","TC0-CB-U","Tessellated Darter",61,1.8,0.255272505103306,1.78532983501077,2023-06-07,"020502061207 Turtle Creek-West Branch Susquehanna River"
"5300","TC0-CB-U","Tessellated Darter",53,1.3,0.113943352306837,1.72427586960079,2023-06-07,"020502061207 Turtle Creek-West Branch Susquehanna River"
"5301","TC0-CB-U","Tessellated Darter",61,2.4,0.380211241711606,1.78532983501077,2023-06-07,"020502061207 Turtle Creek-West Branch Susquehanna River"
"5302","TC0-CB-U","Tessellated Darter",56,1.7,0.230448921378274,1.7481880270062,2023-06-07,"020502061207 Turtle Creek-West Branch Susquehanna River"
"5303","TC0-CB-U","Tessellated Darter",61,2.5,0.397940008672038,1.78532983501077,2023-06-07,"020502061207 Turtle Creek-West Branch Susquehanna River"
"5304","TC0-CB-U","Tessellated Darter",64,3,0.477121254719662,1.80617997398389,2023-06-07,"020502061207 Turtle Creek-West Branch Susquehanna River"
"5305","TC0-CB-U","Tessellated Darter",76,3.7,0.568201724066995,1.88081359228079,2023-06-07,"020502061207 Turtle Creek-West Branch Susquehanna River"
"5306","TC0-CB-U","Tessellated Darter",57,1.8,0.255272505103306,1.75587485567249,2023-06-07,"020502061207 Turtle Creek-West Branch Susquehanna River"
"5307","TC0-CB-U","Tessellated Darter",52,1.2,0.0791812460476248,1.7160033436348,2023-06-07,"020502061207 Turtle Creek-West Branch Susquehanna River"
"5308","TC0-CB-U","Tessellated Darter",58,1.9,0.278753600952829,1.76342799356294,2023-06-07,"020502061207 Turtle Creek-West Branch Susquehanna River"
"5309","TC0-CB-U","Tessellated Darter",61,1.9,0.278753600952829,1.78532983501077,2023-06-07,"020502061207 Turtle Creek-West Branch Susquehanna River"
"5310","TC0-CB-U","Tessellated Darter",65,2.7,0.431363764158987,1.81291335664286,2023-06-07,"020502061207 Turtle Creek-West Branch Susquehanna River"
"5311","TC0-CB-U","Tessellated Darter",59,2.3,0.361727836017593,1.77085201164214,2023-06-07,"020502061207 Turtle Creek-West Branch Susquehanna River"
"5312","TC0-CB-U","Tessellated Darter",61,2.4,0.380211241711606,1.78532983501077,2023-06-07,"020502061207 Turtle Creek-West Branch Susquehanna River"
"5313","TC0-CB-U","Tessellated Darter",49,1.2,0.0791812460476248,1.69019608002851,2023-06-07,"020502061207 Turtle Creek-West Branch Susquehanna River"
"5314","TC0-CB-U","Tessellated Darter",59,2.2,0.342422680822206,1.77085201164214,2023-06-07,"020502061207 Turtle Creek-West Branch Susquehanna River"
"5315","TC0-CB-U","Tessellated Darter",62,2.1,0.322219294733919,1.79239168949825,2023-06-07,"020502061207 Turtle Creek-West Branch Susquehanna River"
"5316","TC0-CB-U","Tessellated Darter",58,1.9,0.278753600952829,1.76342799356294,2023-06-07,"020502061207 Turtle Creek-West Branch Susquehanna River"
"5317","TC0-CB-U","Tessellated Darter",58,2.1,0.322219294733919,1.76342799356294,2023-06-07,"020502061207 Turtle Creek-West Branch Susquehanna River"
"5318","TC0-CB-U","Tessellated Darter",64,2.9,0.462397997898956,1.80617997398389,2023-06-07,"020502061207 Turtle Creek-West Branch Susquehanna River"
"5319","TC0-CB-U","Tessellated Darter",78,4,0.602059991327962,1.89209460269048,2023-06-07,"020502061207 Turtle Creek-West Branch Susquehanna River"
"5320","TC0-CB-U","Tessellated Darter",61,2.2,0.342422680822206,1.78532983501077,2023-06-07,"020502061207 Turtle Creek-West Branch Susquehanna River"
"5321","TC0-CB-U","Common Shiner",69,3,0.477121254719662,1.83884909073726,2023-06-07,"020502061207 Turtle Creek-West Branch Susquehanna River"
"5322","TC0-CB-U","Common Shiner",66,2.7,0.431363764158987,1.81954393554187,2023-06-07,"020502061207 Turtle Creek-West Branch Susquehanna River"
"5323","TC0-CB-U","Tessellated Darter",50,1.7,0.230448921378274,1.69897000433602,2023-06-07,"020502061207 Turtle Creek-West Branch Susquehanna River"
"5324","TC0-CB-U","Cutlip Minnow",54,1.7,0.230448921378274,1.73239375982297,2023-06-07,"020502061207 Turtle Creek-West Branch Susquehanna River"
"5325","TC0-CB-U","Cutlip Minnow",47,1.2,0.0791812460476248,1.67209785793572,2023-06-07,"020502061207 Turtle Creek-West Branch Susquehanna River"
"5326","TC0-CB-U","Cutlip Minnow",72,4.6,0.662757831681574,1.85733249643127,2023-06-07,"020502061207 Turtle Creek-West Branch Susquehanna River"
"5327","TC0-CB-U","Cutlip Minnow",73,4.2,0.6232492903979,1.86332286012046,2023-06-07,"020502061207 Turtle Creek-West Branch Susquehanna River"
"5328","TC0-CB-U","Cutlip Minnow",62,3,0.477121254719662,1.79239168949825,2023-06-07,"020502061207 Turtle Creek-West Branch Susquehanna River"
"5329","TC0-CB-U","Bluntnose Minnow",40,0.6,-0.221848749616356,1.60205999132796,2023-06-07,"020502061207 Turtle Creek-West Branch Susquehanna River"
"5330","TC0-CB-U","Bluntnose Minnow",43,0.8,-0.0969100130080564,1.63346845557959,2023-06-07,"020502061207 Turtle Creek-West Branch Susquehanna River"
"5331","TC0-CB-U","Bluntnose Minnow",65,2.8,0.447158031342219,1.81291335664286,2023-06-07,"020502061207 Turtle Creek-West Branch Susquehanna River"
"5332","TC0-CB-U","Banded Killifish",57,1.8,0.255272505103306,1.75587485567249,2023-06-07,"020502061207 Turtle Creek-West Branch Susquehanna River"
"5333","TC0-CB-U","Banded Killifish",67,3,0.477121254719662,1.82607480270083,2023-06-07,"020502061207 Turtle Creek-West Branch Susquehanna River"
"5334","TC0-CB-U","Banded Killifish",52,1.4,0.146128035678238,1.7160033436348,2023-06-07,"020502061207 Turtle Creek-West Branch Susquehanna River"
"5335","TC0-CB-U","Bluntnose Minnow",36,0.3,-0.522878745280338,1.55630250076729,2023-06-07,"020502061207 Turtle Creek-West Branch Susquehanna River"
"5336","TC0-CB-U","Bluntnose Minnow",46,0.9,-0.0457574905606751,1.66275783168157,2023-06-07,"020502061207 Turtle Creek-West Branch Susquehanna River"
"5337","TC0-CB-U","Banded Killifish",67,2.9,0.462397997898956,1.82607480270083,2023-06-07,"020502061207 Turtle Creek-West Branch Susquehanna River"
"5338","TC0-CB-U","Banded Killifish",55,1.6,0.204119982655925,1.74036268949424,2023-06-07,"020502061207 Turtle Creek-West Branch Susquehanna River"
"5339","TC0-CB-U","Banded Killifish",66,3,0.477121254719662,1.81954393554187,2023-06-07,"020502061207 Turtle Creek-West Branch Susquehanna River"
"5340","TC0-CB-U","Bluntnose Minnow",79,6,0.778151250383644,1.89762709129044,2023-06-07,"020502061207 Turtle Creek-West Branch Susquehanna River"
"5341","TC0-CB-U","Bluntnose Minnow",66,4.1,0.612783856719735,1.81954393554187,2023-06-07,"020502061207 Turtle Creek-West Branch Susquehanna River"
"5342","TC0-CB-U","Bluntnose Minnow",55,1.4,0.146128035678238,1.74036268949424,2023-06-07,"020502061207 Turtle Creek-West Branch Susquehanna River"
"5343","TC0-CB-U","Bluntnose Minnow",86,7.4,0.869231719730976,1.93449845124357,2023-06-07,"020502061207 Turtle Creek-West Branch Susquehanna River"
"5344","TC0-CB-U","Tessellated Darter",72,4.1,0.612783856719735,1.85733249643127,2023-06-07,"020502061207 Turtle Creek-West Branch Susquehanna River"
"5345","TC0-CB-U","Tessellated Darter",71,3.6,0.556302500767287,1.85125834871908,2023-06-07,"020502061207 Turtle Creek-West Branch Susquehanna River"
"5346","TC0-CB-U","Bluntnose Minnow",43,0.7,-0.154901959985743,1.63346845557959,2023-06-07,"020502061207 Turtle Creek-West Branch Susquehanna River"
"5347","TC0-CB-U","Bluntnose Minnow",34,0.3,-0.522878745280338,1.53147891704226,2023-06-07,"020502061207 Turtle Creek-West Branch Susquehanna River"
"5348","TC0-CB-U","Tessellated Darter",65,3.8,0.57978359661681,1.81291335664286,2023-06-07,"020502061207 Turtle Creek-West Branch Susquehanna River"
"5349","TC0-CB-U","Tessellated Darter",56,1.8,0.255272505103306,1.7481880270062,2023-06-07,"020502061207 Turtle Creek-West Branch Susquehanna River"
"5350","TC0-CB-U","Tessellated Darter",65,3.4,0.531478917042255,1.81291335664286,2023-06-07,"020502061207 Turtle Creek-West Branch Susquehanna River"
"5351","TC0-CB-U","Bluntnose Minnow",67,3.3,0.518513939877887,1.82607480270083,2023-06-07,"020502061207 Turtle Creek-West Branch Susquehanna River"
"5352","TC0-CB-U","Bluntnose Minnow",43,1.8,0.255272505103306,1.63346845557959,2023-06-07,"020502061207 Turtle Creek-West Branch Susquehanna River"
"5353","TC0-CB-U","Bluntnose Minnow",79,4.9,0.690196080028514,1.89762709129044,2023-06-07,"020502061207 Turtle Creek-West Branch Susquehanna River"
"5354","TC0-CB-U","Bluntnose Minnow",41,0.6,-0.221848749616356,1.61278385671974,2023-06-07,"020502061207 Turtle Creek-West Branch Susquehanna River"
"5355","TC0-CB-U","Bluntnose Minnow",69,3.3,0.518513939877887,1.83884909073726,2023-06-07,"020502061207 Turtle Creek-West Branch Susquehanna River"
"5356","TC0-CB-U","Central Stoneroller",72,3.9,0.591064607026499,1.85733249643127,2023-06-07,"020502061207 Turtle Creek-West Branch Susquehanna River"
"5357","TC0-CB-U","Central Stoneroller",97,8,0.903089986991944,1.98677173426624,2023-06-07,"020502061207 Turtle Creek-West Branch Susquehanna River"
"5358","TC0-CB-U","Central Stoneroller",79,5.4,0.732393759822969,1.89762709129044,2023-06-07,"020502061207 Turtle Creek-West Branch Susquehanna River"
"5359","TC0-CB-U","Central Stoneroller",90,7.8,0.89209460269048,1.95424250943932,2023-06-07,"020502061207 Turtle Creek-West Branch Susquehanna River"
"5360","TC0-CB-U","Central Stoneroller",102,10.9,1.03742649794062,2.00860017176192,2023-06-07,"020502061207 Turtle Creek-West Branch Susquehanna River"
"5361","TC0-CB-U","Central Stoneroller",82,5.9,0.770852011642144,1.91381385238372,2023-06-07,"020502061207 Turtle Creek-West Branch Susquehanna River"
"5362","TC0-CB-U","Central Stoneroller",77,4.6,0.662757831681574,1.88649072517248,2023-06-07,"020502061207 Turtle Creek-West Branch Susquehanna River"
"5363","TC0-CB-U","Creek Chub",122,16.9,1.22788670461367,2.08635983067475,2023-06-07,"020502061207 Turtle Creek-West Branch Susquehanna River"
"5364","TC0-CB-U","Fallfish",88,6.2,0.792391689498254,1.94448267215017,2023-06-07,"020502061207 Turtle Creek-West Branch Susquehanna River"
"5365","TC0-CB-U","Fallfish",82,5.6,0.7481880270062,1.91381385238372,2023-06-07,"020502061207 Turtle Creek-West Branch Susquehanna River"
"5366","TC0-CB-U","Central Stoneroller",96,8.7,0.939519252618618,1.98227123303957,2023-06-07,"020502061207 Turtle Creek-West Branch Susquehanna River"
"5367","TC0-CB-U","Fallfish",81,5,0.698970004336019,1.90848501887865,2023-06-07,"020502061207 Turtle Creek-West Branch Susquehanna River"
"5368","TC0-CB-U","Fallfish",89,6.3,0.799340549453582,1.94939000664491,2023-06-07,"020502061207 Turtle Creek-West Branch Susquehanna River"
"5369","TC0-CB-U","Fallfish",44,0.7,-0.154901959985743,1.64345267648619,2023-06-07,"020502061207 Turtle Creek-West Branch Susquehanna River"
"5370","TC0-CB-U","Common Shiner",68,2.4,0.380211241711606,1.83250891270624,2023-06-07,"020502061207 Turtle Creek-West Branch Susquehanna River"
"5371","TC0-CB-U","Common Shiner",62,2.2,0.342422680822206,1.79239168949825,2023-06-07,"020502061207 Turtle Creek-West Branch Susquehanna River"
"5372","TC0-CB-U","Fallfish",75,4.9,0.690196080028514,1.8750612633917,2023-06-07,"020502061207 Turtle Creek-West Branch Susquehanna River"
"5373","TC0-CB-U","Fallfish",101,9.5,0.977723605288848,2.00432137378264,2023-06-07,"020502061207 Turtle Creek-West Branch Susquehanna River"
"5374","TC0-CB-U","Fallfish",86,6.1,0.785329835010767,1.93449845124357,2023-06-07,"020502061207 Turtle Creek-West Branch Susquehanna River"
"5375","TC0-CB-U","Fallfish",90,6.6,0.819543935541869,1.95424250943932,2023-06-07,"020502061207 Turtle Creek-West Branch Susquehanna River"
"5376","TC0-CB-U","Fallfish",87,6.2,0.792391689498254,1.93951925261862,2023-06-07,"020502061207 Turtle Creek-West Branch Susquehanna River"
"5377","TC0-CB-U","Fallfish",80,4.1,0.612783856719735,1.90308998699194,2023-06-07,"020502061207 Turtle Creek-West Branch Susquehanna River"
"5378","TC0-CB-U","Fallfish",91,6.7,0.826074802700826,1.95904139232109,2023-06-07,"020502061207 Turtle Creek-West Branch Susquehanna River"
"5379","TC0-CB-U","Fallfish",91,7.1,0.851258348719075,1.95904139232109,2023-06-07,"020502061207 Turtle Creek-West Branch Susquehanna River"
"5380","TC0-CB-U","Fallfish",94,6.8,0.832508912706236,1.9731278535997,2023-06-07,"020502061207 Turtle Creek-West Branch Susquehanna River"
"5381","TC0-CB-U","Fallfish",87,6.5,0.812913356642856,1.93951925261862,2023-06-07,"020502061207 Turtle Creek-West Branch Susquehanna River"
"5382","TC0-CB-U","White Sucker",103,11.2,1.04921802267018,2.01283722470517,2023-06-07,"020502061207 Turtle Creek-West Branch Susquehanna River"
"5383","TC0-CB-U","Cutlip Minnow",73,4.5,0.653212513775344,1.86332286012046,2023-06-07,"020502061207 Turtle Creek-West Branch Susquehanna River"
"5384","TC0-CB-U","Cutlip Minnow",69,4.2,0.6232492903979,1.83884909073726,2023-06-07,"020502061207 Turtle Creek-West Branch Susquehanna River"
"5385","TC0-CB-U","Cutlip Minnow",95,11.4,1.05690485133647,1.97772360528885,2023-06-07,"020502061207 Turtle Creek-West Branch Susquehanna River"
"5386","TC0-CB-U","Cutlip Minnow",70,4.2,0.6232492903979,1.84509804001426,2023-06-07,"020502061207 Turtle Creek-West Branch Susquehanna River"
"5387","TC0-CB-U","Cutlip Minnow",97,13.3,1.12385164096709,1.98677173426624,2023-06-07,"020502061207 Turtle Creek-West Branch Susquehanna River"
"5388","TC0-CB-U","Cutlip Minnow",50,1.2,0.0791812460476248,1.69897000433602,2023-06-07,"020502061207 Turtle Creek-West Branch Susquehanna River"
"5389","TC0-CB-U","Cutlip Minnow",47,1.2,0.0791812460476248,1.67209785793572,2023-06-07,"020502061207 Turtle Creek-West Branch Susquehanna River"
"5390","TC0-CB-U","Cutlip Minnow",76,5.2,0.716003343634799,1.88081359228079,2023-06-07,"020502061207 Turtle Creek-West Branch Susquehanna River"
"5391","TC0-CB-U","Cutlip Minnow",78,6,0.778151250383644,1.89209460269048,2023-06-07,"020502061207 Turtle Creek-West Branch Susquehanna River"
"5392","TC0-CB-U","Cutlip Minnow",72,4.4,0.643452676486187,1.85733249643127,2023-06-07,"020502061207 Turtle Creek-West Branch Susquehanna River"
"5393","TC0-CB-U","Cutlip Minnow",72,4.6,0.662757831681574,1.85733249643127,2023-06-07,"020502061207 Turtle Creek-West Branch Susquehanna River"
"5394","TC0-CB-U","Cutlip Minnow",65,3.3,0.518513939877887,1.81291335664286,2023-06-07,"020502061207 Turtle Creek-West Branch Susquehanna River"
"5395","TC0-CB-U","Cutlip Minnow",95,11.2,1.04921802267018,1.97772360528885,2023-06-07,"020502061207 Turtle Creek-West Branch Susquehanna River"
"5396","TC0-CB-U","Cutlip Minnow",47,1,0,1.67209785793572,2023-06-07,"020502061207 Turtle Creek-West Branch Susquehanna River"
"5397","TC0-CB-U","Cutlip Minnow",54,1.9,0.278753600952829,1.73239375982297,2023-06-07,"020502061207 Turtle Creek-West Branch Susquehanna River"
"5398","TC0-CB-U","Cutlip Minnow",70,4.1,0.612783856719735,1.84509804001426,2023-06-07,"020502061207 Turtle Creek-West Branch Susquehanna River"
"5399","TC0-CB-U","Cutlip Minnow",74,4.8,0.681241237375587,1.86923171973098,2023-06-07,"020502061207 Turtle Creek-West Branch Susquehanna River"
"5400","TC0-CB-U","Cutlip Minnow",46,1,0,1.66275783168157,2023-06-07,"020502061207 Turtle Creek-West Branch Susquehanna River"
"5401","TC0-CB-U","Cutlip Minnow",43,1,0,1.63346845557959,2023-06-07,"020502061207 Turtle Creek-West Branch Susquehanna River"
"5402","TC0-CB-U","Cutlip Minnow",75,4.9,0.690196080028514,1.8750612633917,2023-06-07,"020502061207 Turtle Creek-West Branch Susquehanna River"
"5403","TC0-CB-U","Cutlip Minnow",49,1.2,0.0791812460476248,1.69019608002851,2023-06-07,"020502061207 Turtle Creek-West Branch Susquehanna River"
"5404","TC0-CB-U","Creek Chub",47,1.2,0.0791812460476248,1.67209785793572,2023-06-07,"020502061207 Turtle Creek-West Branch Susquehanna River"
"5405","TC0-CB-U","Creek Chub",94,9.2,0.963787827345555,1.9731278535997,2023-06-07,"020502061207 Turtle Creek-West Branch Susquehanna River"
"5406","TC0-CB-U","Creek Chub",64,3.2,0.505149978319906,1.80617997398389,2023-06-07,"020502061207 Turtle Creek-West Branch Susquehanna River"
"5407","TC0-CB-U","Creek Chub",63,2.9,0.462397997898956,1.79934054945358,2023-06-07,"020502061207 Turtle Creek-West Branch Susquehanna River"
"5408","TC0-CB-U","Creek Chub",86,6.9,0.838849090737255,1.93449845124357,2023-06-07,"020502061207 Turtle Creek-West Branch Susquehanna River"
"5409","TC0-CB-U","Creek Chub",101,11.5,1.06069784035361,2.00432137378264,2023-06-07,"020502061207 Turtle Creek-West Branch Susquehanna River"
"5410","TC0-CB-U","Creek Chub",56,1.8,0.255272505103306,1.7481880270062,2023-06-07,"020502061207 Turtle Creek-West Branch Susquehanna River"
"5411","TC0-CB-U","Creek Chub",57,2.2,0.342422680822206,1.75587485567249,2023-06-07,"020502061207 Turtle Creek-West Branch Susquehanna River"
"5412","TC0-CB-U","Common Shiner",63,2.3,0.361727836017593,1.79934054945358,2023-06-07,"020502061207 Turtle Creek-West Branch Susquehanna River"
"5413","TC0-CB-U","Common Shiner",32,0.3,-0.522878745280338,1.50514997831991,2023-06-07,"020502061207 Turtle Creek-West Branch Susquehanna River"
"5414","TC0-CB-U","Margined Madtom",58,2.1,0.322219294733919,1.76342799356294,2023-06-07,"020502061207 Turtle Creek-West Branch Susquehanna River"
"5415","TC0-CB-U","White Sucker",90,7.8,0.89209460269048,1.95424250943932,2023-06-07,"020502061207 Turtle Creek-West Branch Susquehanna River"
"5416","TC0-CB-U","White Sucker",103,11.6,1.06445798922692,2.01283722470517,2023-06-07,"020502061207 Turtle Creek-West Branch Susquehanna River"
"5417","TC0-CB-U","White Sucker",91,7.2,0.857332496431269,1.95904139232109,2023-06-07,"020502061207 Turtle Creek-West Branch Susquehanna River"
"5418","TC0-CB-U","White Sucker",90,7.5,0.8750612633917,1.95424250943932,2023-06-07,"020502061207 Turtle Creek-West Branch Susquehanna River"
"5419","TC0-CB-U","Fallfish",75,3.9,0.591064607026499,1.8750612633917,2023-06-07,"020502061207 Turtle Creek-West Branch Susquehanna River"
"5420","TC0-CB-U","White Sucker",98,4.1,0.612783856719735,1.99122607569249,2023-06-07,"020502061207 Turtle Creek-West Branch Susquehanna River"
"5421","TC0-CB-U","White Sucker",102,11.6,1.06445798922692,2.00860017176192,2023-06-07,"020502061207 Turtle Creek-West Branch Susquehanna River"
"5422","TC0-CB-U","Cutlip Minnow",83,6.2,0.792391689498254,1.91907809237607,2023-06-07,"020502061207 Turtle Creek-West Branch Susquehanna River"
"5423","TC0-CB-U","Banded Killifish",68,3.5,0.544068044350276,1.83250891270624,2023-06-07,"020502061207 Turtle Creek-West Branch Susquehanna River"
"5424","TC0-CB-U","White Sucker",115,15,1.17609125905568,2.06069784035361,2023-06-07,"020502061207 Turtle Creek-West Branch Susquehanna River"
"5425","TC0-CB-U","White Sucker",91,8.8,0.944482672150169,1.95904139232109,2023-06-07,"020502061207 Turtle Creek-West Branch Susquehanna River"
"5426","TC0-CB-U","White Sucker",98,9.4,0.973127853599699,1.99122607569249,2023-06-07,"020502061207 Turtle Creek-West Branch Susquehanna River"
"5427","TC0-CB-U","White Sucker",92,7.7,0.886490725172482,1.96378782734556,2023-06-07,"020502061207 Turtle Creek-West Branch Susquehanna River"
"5428","TC0-CB-U","White Sucker",99,9.7,0.986771734266245,1.99563519459755,2023-06-07,"020502061207 Turtle Creek-West Branch Susquehanna River"
"5429","TC0-CB-U","White Sucker",108,13,1.11394335230684,2.03342375548695,2023-06-07,"020502061207 Turtle Creek-West Branch Susquehanna River"
"5430","TC0-CB-U","White Sucker",86,6.2,0.792391689498254,1.93449845124357,2023-06-07,"020502061207 Turtle Creek-West Branch Susquehanna River"
"5431","TC0-CB-U","White Sucker",108,13.1,1.11727129565576,2.03342375548695,2023-06-07,"020502061207 Turtle Creek-West Branch Susquehanna River"
"5432","TC0-CB-U","White Sucker",104,11.4,1.05690485133647,2.01703333929878,2023-06-07,"020502061207 Turtle Creek-West Branch Susquehanna River"
"5433","TC0-CB-U","White Sucker",105,11.9,1.07554696139253,2.02118929906994,2023-06-07,"020502061207 Turtle Creek-West Branch Susquehanna River"
"5434","TC0-CB-U","Creek Chub",54,1.7,0.230448921378274,1.73239375982297,2023-06-07,"020502061207 Turtle Creek-West Branch Susquehanna River"
"5435","TC0-CB-U","Central Stoneroller",72,4,0.602059991327962,1.85733249643127,2023-06-07,"020502061207 Turtle Creek-West Branch Susquehanna River"
"5436","TC0-CB-U","Central Stoneroller",72,3.2,0.505149978319906,1.85733249643127,2023-06-07,"020502061207 Turtle Creek-West Branch Susquehanna River"
"5437","TC0-CB-U","Fallfish",57,1.9,0.278753600952829,1.75587485567249,2023-06-07,"020502061207 Turtle Creek-West Branch Susquehanna River"
"5438","TC0-CB-U","Fallfish",90,7,0.845098040014257,1.95424250943932,2023-06-07,"020502061207 Turtle Creek-West Branch Susquehanna River"
"5439","TC0-CB-U","Fallfish",80,4.3,0.633468455579587,1.90308998699194,2023-06-07,"020502061207 Turtle Creek-West Branch Susquehanna River"
"5440","TC0-CB-U","Creek Chub",61,2.5,0.397940008672038,1.78532983501077,2023-06-07,"020502061207 Turtle Creek-West Branch Susquehanna River"
"5441","TC0-CB-U","Creek Chub",89,7.1,0.851258348719075,1.94939000664491,2023-06-07,"020502061207 Turtle Creek-West Branch Susquehanna River"
"5442","TC0-CB-U","Fallfish",85,6.2,0.792391689498254,1.92941892571429,2023-06-07,"020502061207 Turtle Creek-West Branch Susquehanna River"
"5443","TC0-CB-U","Creek Chub",94,10.1,1.00432137378264,1.9731278535997,2023-06-07,"020502061207 Turtle Creek-West Branch Susquehanna River"
"5444","TC0-CB-U","Fallfish",88,5.9,0.770852011642144,1.94448267215017,2023-06-07,"020502061207 Turtle Creek-West Branch Susquehanna River"
"5445","TC0-CB-U","Fallfish",84,5.6,0.7481880270062,1.92427928606188,2023-06-07,"020502061207 Turtle Creek-West Branch Susquehanna River"
"5446","TC0-CB-U","Creek Chub",120,19.9,1.29885307640971,2.07918124604762,2023-06-07,"020502061207 Turtle Creek-West Branch Susquehanna River"
"5447","TC0-CB-U","Creek Chub",83,6.7,0.826074802700826,1.91907809237607,2023-06-07,"020502061207 Turtle Creek-West Branch Susquehanna River"
"5448","TC0-CB-U","Creek Chub",69,3.6,0.556302500767287,1.83884909073726,2023-06-07,"020502061207 Turtle Creek-West Branch Susquehanna River"
"5449","TC0-CB-U","Creek Chub",72,4.4,0.643452676486187,1.85733249643127,2023-06-07,"020502061207 Turtle Creek-West Branch Susquehanna River"
"5450","TC0-CB-U","Fallfish",82,5.1,0.707570176097936,1.91381385238372,2023-06-07,"020502061207 Turtle Creek-West Branch Susquehanna River"
"5451","TC0-CB-U","Creek Chub",114,17.1,1.23299611039215,2.05690485133647,2023-06-07,"020502061207 Turtle Creek-West Branch Susquehanna River"
"5452","TC0-CB-U","Creek Chub",100,10.9,1.03742649794062,2,2023-06-07,"020502061207 Turtle Creek-West Branch Susquehanna River"
"5453","TC0-CB-U","Creek Chub",51,1.1,0.0413926851582251,1.70757017609794,2023-06-07,"020502061207 Turtle Creek-West Branch Susquehanna River"
"5454","TC0-CB-U","Creek Chub",94,9.1,0.959041392321094,1.9731278535997,2023-06-07,"020502061207 Turtle Creek-West Branch Susquehanna River"
"5455","TC0-CB-U","Creek Chub",83,7.2,0.857332496431269,1.91907809237607,2023-06-07,"020502061207 Turtle Creek-West Branch Susquehanna River"
"5456","TC0-CB-U","Creek Chub",63,2.8,0.447158031342219,1.79934054945358,2023-06-07,"020502061207 Turtle Creek-West Branch Susquehanna River"
"5457","TC0-CB-U","Creek Chub",67,3.5,0.544068044350276,1.82607480270083,2023-06-07,"020502061207 Turtle Creek-West Branch Susquehanna River"
"5458","TC0-CB-U","Creek Chub",93,9,0.954242509439325,1.96848294855394,2023-06-07,"020502061207 Turtle Creek-West Branch Susquehanna River"
"5459","TC0-GU","Tessellated Darter",52,1.3,0.113943352306837,1.7160033436348,2023-06-07,"020502061207 Turtle Creek-West Branch Susquehanna River"
"5460","TC0-GU","Tessellated Darter",75,3.9,0.591064607026499,1.8750612633917,2023-06-07,"020502061207 Turtle Creek-West Branch Susquehanna River"
"5461","TC0-GU","Tessellated Darter",60,2.1,0.322219294733919,1.77815125038364,2023-06-07,"020502061207 Turtle Creek-West Branch Susquehanna River"
"5462","TC0-GU","Tessellated Darter",63,2.2,0.342422680822206,1.79934054945358,2023-06-07,"020502061207 Turtle Creek-West Branch Susquehanna River"
"5463","TC0-GU","Tessellated Darter",72,3.4,0.531478917042255,1.85733249643127,2023-06-07,"020502061207 Turtle Creek-West Branch Susquehanna River"
"5464","TC0-GU","Tessellated Darter",58,2,0.301029995663981,1.76342799356294,2023-06-07,"020502061207 Turtle Creek-West Branch Susquehanna River"
"5465","TC0-GU","Tessellated Darter",68,2.9,0.462397997898956,1.83250891270624,2023-06-07,"020502061207 Turtle Creek-West Branch Susquehanna River"
"5466","TC0-GU","Banded Killifish",78,4.8,0.681241237375587,1.89209460269048,2023-06-07,"020502061207 Turtle Creek-West Branch Susquehanna River"
"5467","TC0-GU","Banded Killifish",46,0.8,-0.0969100130080564,1.66275783168157,2023-06-07,"020502061207 Turtle Creek-West Branch Susquehanna River"
"5468","TC0-GU","Banded Killifish",52,1.4,0.146128035678238,1.7160033436348,2023-06-07,"020502061207 Turtle Creek-West Branch Susquehanna River"
"5469","TC0-GU","Creek Chub",100,9.1,0.959041392321094,2,2023-06-07,"020502061207 Turtle Creek-West Branch Susquehanna River"
"5470","TC0-GU","Creek Chub",94,9.1,0.959041392321094,1.9731278535997,2023-06-07,"020502061207 Turtle Creek-West Branch Susquehanna River"
"5471","TC0-GU","Creek Chub",67,3.5,0.544068044350276,1.82607480270083,2023-06-07,"020502061207 Turtle Creek-West Branch Susquehanna River"
"5472","TC0-GU","Tessellated Darter",76,3.8,0.57978359661681,1.88081359228079,2023-06-07,"020502061207 Turtle Creek-West Branch Susquehanna River"
"5473","TC0-GU","Tessellated Darter",57,1.8,0.255272505103306,1.75587485567249,2023-06-07,"020502061207 Turtle Creek-West Branch Susquehanna River"
"5474","TC0-GU","Tessellated Darter",65,2.5,0.397940008672038,1.81291335664286,2023-06-07,"020502061207 Turtle Creek-West Branch Susquehanna River"
"5475","TC0-GU","Tessellated Darter",74,3.1,0.491361693834273,1.86923171973098,2023-06-07,"020502061207 Turtle Creek-West Branch Susquehanna River"
"5476","TC0-GU","Tessellated Darter",54,1.6,0.204119982655925,1.73239375982297,2023-06-07,"020502061207 Turtle Creek-West Branch Susquehanna River"
"5477","TC0-GU","Banded Killifish",75,4,0.602059991327962,1.8750612633917,2023-06-07,"020502061207 Turtle Creek-West Branch Susquehanna River"
"5478","TC0-GU","Banded Killifish",55,1.8,0.255272505103306,1.74036268949424,2023-06-07,"020502061207 Turtle Creek-West Branch Susquehanna River"
"5479","TC0-GU","Cutlip Minnow",46,1.1,0.0413926851582251,1.66275783168157,2023-06-07,"020502061207 Turtle Creek-West Branch Susquehanna River"
"5480","TC0-GU","Creek Chub",142,36.2,1.55870857053317,2.15228834438306,2023-06-07,"020502061207 Turtle Creek-West Branch Susquehanna River"
"5481","TC0-GU","Creek Chub",142,30.8,1.48855071650044,2.15228834438306,2023-06-07,"020502061207 Turtle Creek-West Branch Susquehanna River"
"5482","TC0-GU","Creek Chub",97,11.2,1.04921802267018,1.98677173426624,2023-06-07,"020502061207 Turtle Creek-West Branch Susquehanna River"
"5483","TC0-GU","Creek Chub",127,26.3,1.41995574848976,2.10380372095596,2023-06-07,"020502061207 Turtle Creek-West Branch Susquehanna River"
"5484","TC0-GU","Creek Chub",126,18.6,1.26951294421792,2.10037054511756,2023-06-07,"020502061207 Turtle Creek-West Branch Susquehanna River"
"5485","TC0-GU","Creek Chub",100,9.5,0.977723605288848,2,2023-06-07,"020502061207 Turtle Creek-West Branch Susquehanna River"
"5486","TC0-GU","Creek Chub",60,2.3,0.361727836017593,1.77815125038364,2023-06-07,"020502061207 Turtle Creek-West Branch Susquehanna River"
"5487","TC0-GU","Creek Chub",54,1.4,0.146128035678238,1.73239375982297,2023-06-07,"020502061207 Turtle Creek-West Branch Susquehanna River"
"5488","TC0-GU","Creek Chub",102,12,1.07918124604762,2.00860017176192,2023-06-07,"020502061207 Turtle Creek-West Branch Susquehanna River"
"5489","TC0-GU","Creek Chub",40,0.7,-0.154901959985743,1.60205999132796,2023-06-07,"020502061207 Turtle Creek-West Branch Susquehanna River"
"5490","TC0-GU","Cutlip Minnow",56,1.9,0.278753600952829,1.7481880270062,2023-06-07,"020502061207 Turtle Creek-West Branch Susquehanna River"
"5491","TC0-GU","Cutlip Minnow",111,16.9,1.22788670461367,2.04532297878666,2023-06-07,"020502061207 Turtle Creek-West Branch Susquehanna River"
"5492","TC0-GU","Creek Chub",101,11.4,1.05690485133647,2.00432137378264,2023-06-07,"020502061207 Turtle Creek-West Branch Susquehanna River"
"5493","TC0-GU","Creek Chub",106,14.2,1.15228834438306,2.02530586526477,2023-06-07,"020502061207 Turtle Creek-West Branch Susquehanna River"
"5494","TC0-GU","Creek Chub",107,14.8,1.17026171539496,2.02938377768521,2023-06-07,"020502061207 Turtle Creek-West Branch Susquehanna River"
"5495","TC0-GU","Creek Chub",113,17.5,1.24303804868629,2.05307844348342,2023-06-07,"020502061207 Turtle Creek-West Branch Susquehanna River"
"5496","TC0-GU","Creek Chub",100,11.6,1.06445798922692,2,2023-06-07,"020502061207 Turtle Creek-West Branch Susquehanna River"
"5497","TC0-GU","Creek Chub",108,15.1,1.17897694729317,2.03342375548695,2023-06-07,"020502061207 Turtle Creek-West Branch Susquehanna River"
"5498","TC0-GU","Creek Chub",98,10.6,1.02530586526477,1.99122607569249,2023-06-07,"020502061207 Turtle Creek-West Branch Susquehanna River"
"5499","TC0-GU","Longnose Dace",61,2.4,0.380211241711606,1.78532983501077,2023-06-07,"020502061207 Turtle Creek-West Branch Susquehanna River"
"5500","TC0-GU","Longnose Dace",72,3,0.477121254719662,1.85733249643127,2023-06-07,"020502061207 Turtle Creek-West Branch Susquehanna River"
"5501","TC0-GU","Longnose Dace",91,7.5,0.8750612633917,1.95904139232109,2023-06-07,"020502061207 Turtle Creek-West Branch Susquehanna River"
"5502","TC0-GU","Longnose Dace",58,1.8,0.255272505103306,1.76342799356294,2023-06-07,"020502061207 Turtle Creek-West Branch Susquehanna River"
"5503","TC0-GU","Longnose Dace",79,4.2,0.6232492903979,1.89762709129044,2023-06-07,"020502061207 Turtle Creek-West Branch Susquehanna River"
"5504","TC0-GU","Longnose Dace",84,6.1,0.785329835010767,1.92427928606188,2023-06-07,"020502061207 Turtle Creek-West Branch Susquehanna River"
"5505","TC0-GU","Bluntnose Minnow",39,0.4,-0.397940008672038,1.5910646070265,2023-06-07,"020502061207 Turtle Creek-West Branch Susquehanna River"
"5506","TC0-GU","Bluntnose Minnow",58,1.8,0.255272505103306,1.76342799356294,2023-06-07,"020502061207 Turtle Creek-West Branch Susquehanna River"
"5507","TC0-GU","Bluntnose Minnow",65,2.8,0.447158031342219,1.81291335664286,2023-06-07,"020502061207 Turtle Creek-West Branch Susquehanna River"
"5508","TC0-GU","Bluntnose Minnow",60,2.1,0.322219294733919,1.77815125038364,2023-06-07,"020502061207 Turtle Creek-West Branch Susquehanna River"
"5509","TC0-GU","Bluntnose Minnow",59,1.9,0.278753600952829,1.77085201164214,2023-06-07,"020502061207 Turtle Creek-West Branch Susquehanna River"
"5510","TC0-GU","Bluntnose Minnow",86,6.3,0.799340549453582,1.93449845124357,2023-06-07,"020502061207 Turtle Creek-West Branch Susquehanna River"
"5511","TC0-GU","Bluntnose Minnow",56,1.6,0.204119982655925,1.7481880270062,2023-06-07,"020502061207 Turtle Creek-West Branch Susquehanna River"
"5512","TC0-GU","Bluntnose Minnow",66,3,0.477121254719662,1.81954393554187,2023-06-07,"020502061207 Turtle Creek-West Branch Susquehanna River"
"5513","TC0-GU","Bluntnose Minnow",81,5.6,0.7481880270062,1.90848501887865,2023-06-07,"020502061207 Turtle Creek-West Branch Susquehanna River"
"5514","TC0-GU","Bluntnose Minnow",78,5,0.698970004336019,1.89209460269048,2023-06-07,"020502061207 Turtle Creek-West Branch Susquehanna River"
"5515","TC0-GU","Bluntnose Minnow",86,6.8,0.832508912706236,1.93449845124357,2023-06-07,"020502061207 Turtle Creek-West Branch Susquehanna River"
"5516","TC0-GU","Bluntnose Minnow",44,0.7,-0.154901959985743,1.64345267648619,2023-06-07,"020502061207 Turtle Creek-West Branch Susquehanna River"
"5517","TC0-GU","Creek Chub",136,27.7,1.44247976906445,2.13353890837022,2023-06-07,"020502061207 Turtle Creek-West Branch Susquehanna River"
"5518","TC0-GU","Creek Chub",138,31.7,1.50105926221775,2.13987908640124,2023-06-07,"020502061207 Turtle Creek-West Branch Susquehanna River"
"5519","TC0-GU","Creek Chub",156,44,1.64345267648619,2.19312459835446,2023-06-07,"020502061207 Turtle Creek-West Branch Susquehanna River"
"5520","TC0-GU","Bluntnose Minnow",37,0.4,-0.397940008672038,1.56820172406699,2023-06-07,"020502061207 Turtle Creek-West Branch Susquehanna River"
"5521","TC0-GU","Bluntnose Minnow",64,2.7,0.431363764158987,1.80617997398389,2023-06-07,"020502061207 Turtle Creek-West Branch Susquehanna River"
"5522","TC0-GU","Bluntnose Minnow",46,1,0,1.66275783168157,2023-06-07,"020502061207 Turtle Creek-West Branch Susquehanna River"
"5523","TC0-GU","White Sucker",139,29.5,1.46982201597816,2.14301480025409,2023-06-07,"020502061207 Turtle Creek-West Branch Susquehanna River"
"5524","TC0-GU","White Sucker",139,29.1,1.46389298898591,2.14301480025409,2023-06-07,"020502061207 Turtle Creek-West Branch Susquehanna River"
"5525","TC0-GU","Creek Chub",110,15,1.17609125905568,2.04139268515822,2023-06-07,"020502061207 Turtle Creek-West Branch Susquehanna River"
"5526","TC0-GU","Creek Chub",99,11.7,1.06818586174616,1.99563519459755,2023-06-07,"020502061207 Turtle Creek-West Branch Susquehanna River"
"5527","TC0-GU","Creek Chub",132,28.2,1.45024910831936,2.12057393120585,2023-06-07,"020502061207 Turtle Creek-West Branch Susquehanna River"
"5528","TC0-GU","Creek Chub",100,11.2,1.04921802267018,2,2023-06-07,"020502061207 Turtle Creek-West Branch Susquehanna River"
"5529","TC0-GU","Creek Chub",44,0.8,-0.0969100130080564,1.64345267648619,2023-06-07,"020502061207 Turtle Creek-West Branch Susquehanna River"
"5530","TC0-GU","Creek Chub",111,14.3,1.15533603746506,2.04532297878666,2023-06-07,"020502061207 Turtle Creek-West Branch Susquehanna River"
"5531","TC0-GU","Creek Chub",105,16.7,1.22271647114758,2.02118929906994,2023-06-07,"020502061207 Turtle Creek-West Branch Susquehanna River"
"5532","TC0-GU","White Sucker",84,6.2,0.792391689498254,1.92427928606188,2023-06-07,"020502061207 Turtle Creek-West Branch Susquehanna River"
"5533","TC0-GU","White Sucker",112,10.4,1.01703333929878,2.04921802267018,2023-06-07,"020502061207 Turtle Creek-West Branch Susquehanna River"
"5534","TC0-GU","White Sucker",180,61.1,1.78604121024255,2.25527250510331,2023-06-07,"020502061207 Turtle Creek-West Branch Susquehanna River"
"5535","TC0-GU","White Sucker",175,57.8,1.76192783842053,2.24303804868629,2023-06-07,"020502061207 Turtle Creek-West Branch Susquehanna River"
"5536","TC0-GU","White Sucker",154,39.8,1.59988307207369,2.18752072083646,2023-06-07,"020502061207 Turtle Creek-West Branch Susquehanna River"
"5537","TC0-GU","White Sucker",161,46.2,1.66464197555613,2.20682587603185,2023-06-07,"020502061207 Turtle Creek-West Branch Susquehanna River"
"5538","TC0-GU","White Sucker",145,32.5,1.51188336097887,2.16136800223497,2023-06-07,"020502061207 Turtle Creek-West Branch Susquehanna River"
"5539","TC0-GU","White Sucker",160,42.5,1.62838893005031,2.20411998265592,2023-06-07,"020502061207 Turtle Creek-West Branch Susquehanna River"
"5540","TC0-GU","White Sucker",142,28.7,1.45788189673399,2.15228834438306,2023-06-07,"020502061207 Turtle Creek-West Branch Susquehanna River"
"5541","TC0-GU","White Sucker",122,21.3,1.32837960343874,2.08635983067475,2023-06-07,"020502061207 Turtle Creek-West Branch Susquehanna River"
"5542","TC0-GU","White Sucker",111,16.4,1.2148438480477,2.04532297878666,2023-06-07,"020502061207 Turtle Creek-West Branch Susquehanna River"
"5543","TC0-GU","Common Shiner",75,4.6,0.662757831681574,1.8750612633917,2023-06-07,"020502061207 Turtle Creek-West Branch Susquehanna River"
"5544","TC0-GU","Common Shiner",86,5.9,0.770852011642144,1.93449845124357,2023-06-07,"020502061207 Turtle Creek-West Branch Susquehanna River"
"5545","TC0-GU","Bluntnose Minnow",35,0.3,-0.522878745280338,1.54406804435028,2023-06-07,"020502061207 Turtle Creek-West Branch Susquehanna River"
"5546","TC0-GU","Bluntnose Minnow",68,3.7,0.568201724066995,1.83250891270624,2023-06-07,"020502061207 Turtle Creek-West Branch Susquehanna River"
"5547","TC0-GU","Longnose Dace",83,5.9,0.770852011642144,1.91907809237607,2023-06-07,"020502061207 Turtle Creek-West Branch Susquehanna River"
"5548","TC0-GU","Longnose Dace",64,2.3,0.361727836017593,1.80617997398389,2023-06-07,"020502061207 Turtle Creek-West Branch Susquehanna River"
"5549","TC0-GU","Longnose Dace",79,4.9,0.690196080028514,1.89762709129044,2023-06-07,"020502061207 Turtle Creek-West Branch Susquehanna River"
"5550","TC0-GU","Common Shiner",109,12.3,1.0899051114394,2.03742649794062,2023-06-07,"020502061207 Turtle Creek-West Branch Susquehanna River"
"5551","TC0-GU","Common Shiner",102,11.1,1.04532297878666,2.00860017176192,2023-06-07,"020502061207 Turtle Creek-West Branch Susquehanna River"
"5552","TC0-GU","Common Shiner",67,2.9,0.462397997898956,1.82607480270083,2023-06-07,"020502061207 Turtle Creek-West Branch Susquehanna River"
"5553","TC0-GU","Common Shiner",36,0.5,-0.301029995663981,1.55630250076729,2023-06-07,"020502061207 Turtle Creek-West Branch Susquehanna River"
"5554","TC0-GU","Common Shiner",55,1.7,0.230448921378274,1.74036268949424,2023-06-07,"020502061207 Turtle Creek-West Branch Susquehanna River"
"5555","TC0-GU","Common Shiner",106,10.9,1.03742649794062,2.02530586526477,2023-06-07,"020502061207 Turtle Creek-West Branch Susquehanna River"
"5556","TC0-GU","Bluntnose Minnow",60,2.2,0.342422680822206,1.77815125038364,2023-06-07,"020502061207 Turtle Creek-West Branch Susquehanna River"
"5557","TC0-GU","Common Shiner",67,2.7,0.431363764158987,1.82607480270083,2023-06-07,"020502061207 Turtle Creek-West Branch Susquehanna River"
"5558","TC0-GU","Common Shiner",50,1.1,0.0413926851582251,1.69897000433602,2023-06-07,"020502061207 Turtle Creek-West Branch Susquehanna River"
"5559","TC0-GU","Common Shiner",78,4.3,0.633468455579587,1.89209460269048,2023-06-07,"020502061207 Turtle Creek-West Branch Susquehanna River"
"5560","TC0-GU","White Sucker",153,40.3,1.60530504614111,2.1846914308176,2023-06-07,"020502061207 Turtle Creek-West Branch Susquehanna River"
"5561","TC0-GU","White Sucker",111,14.1,1.14921911265538,2.04532297878666,2023-06-07,"020502061207 Turtle Creek-West Branch Susquehanna River"
"5562","TC0-GU","Common Shiner",78,4.7,0.672097857935718,1.89209460269048,2023-06-07,"020502061207 Turtle Creek-West Branch Susquehanna River"
"5563","TC0-GU","Common Shiner",56,1.5,0.176091259055681,1.7481880270062,2023-06-07,"020502061207 Turtle Creek-West Branch Susquehanna River"
"5564","TC0-GU","Common Shiner",55,1.3,0.113943352306837,1.74036268949424,2023-06-07,"020502061207 Turtle Creek-West Branch Susquehanna River"
"5565","TC0-GU","White Sucker",142,31.8,1.50242711998443,2.15228834438306,2023-06-07,"020502061207 Turtle Creek-West Branch Susquehanna River"
"5566","TC0-GU","White Sucker",95,8.9,0.949390006644913,1.97772360528885,2023-06-07,"020502061207 Turtle Creek-West Branch Susquehanna River"
"5567","TC0-GU","White Sucker",123,18.9,1.27646180417324,2.0899051114394,2023-06-07,"020502061207 Turtle Creek-West Branch Susquehanna River"
"5568","TC0-GU","White Sucker",154,38.6,1.58658730467175,2.18752072083646,2023-06-07,"020502061207 Turtle Creek-West Branch Susquehanna River"
"5569","TC0-GU","White Sucker",151,37.4,1.57287160220048,2.17897694729317,2023-06-07,"020502061207 Turtle Creek-West Branch Susquehanna River"
"5570","TC0-GU","White Sucker",125,20.3,1.30749603791321,2.09691001300806,2023-06-07,"020502061207 Turtle Creek-West Branch Susquehanna River"
"5571","TC0-GU","White Sucker",101,10.3,1.01283722470517,2.00432137378264,2023-06-07,"020502061207 Turtle Creek-West Branch Susquehanna River"
"5572","TC0-GU","Tessellated Darter",60,2,0.301029995663981,1.77815125038364,2023-06-07,"020502061207 Turtle Creek-West Branch Susquehanna River"
"5573","TC0-GU","Banded Killifish",80,6.1,0.785329835010767,1.90308998699194,2023-06-07,"020502061207 Turtle Creek-West Branch Susquehanna River"
"5574","TC0-GU","Banded Killifish",44,0.9,-0.0457574905606751,1.64345267648619,2023-06-07,"020502061207 Turtle Creek-West Branch Susquehanna River"
"5575","TC0-GU","Banded Killifish",68,3.4,0.531478917042255,1.83250891270624,2023-06-07,"020502061207 Turtle Creek-West Branch Susquehanna River"
"5576","TC0-GU","Banded Killifish",66,3.4,0.531478917042255,1.81954393554187,2023-06-07,"020502061207 Turtle Creek-West Branch Susquehanna River"
"5577","TC0-GU","Banded Killifish",58,2.1,0.322219294733919,1.76342799356294,2023-06-07,"020502061207 Turtle Creek-West Branch Susquehanna River"
"5578","TC0-GU","Banded Killifish",71,3.3,0.518513939877887,1.85125834871908,2023-06-07,"020502061207 Turtle Creek-West Branch Susquehanna River"
"5579","TC0-GU","Banded Killifish",75,4.1,0.612783856719735,1.8750612633917,2023-06-07,"020502061207 Turtle Creek-West Branch Susquehanna River"
"5580","TC0-GU","Banded Killifish",56,1.8,0.255272505103306,1.7481880270062,2023-06-07,"020502061207 Turtle Creek-West Branch Susquehanna River"
"5581","TC0-GU","Banded Killifish",42,1.1,0.0413926851582251,1.6232492903979,2023-06-07,"020502061207 Turtle Creek-West Branch Susquehanna River"
"5582","TC0-GU","Banded Killifish",66,2.7,0.431363764158987,1.81954393554187,2023-06-07,"020502061207 Turtle Creek-West Branch Susquehanna River"
"5583","TC0-GU","Banded Killifish",68,3,0.477121254719662,1.83250891270624,2023-06-07,"020502061207 Turtle Creek-West Branch Susquehanna River"
"5584","TC0-GU","Banded Killifish",43,0.7,-0.154901959985743,1.63346845557959,2023-06-07,"020502061207 Turtle Creek-West Branch Susquehanna River"
"5585","TC0-GU","Banded Killifish",50,1.2,0.0791812460476248,1.69897000433602,2023-06-07,"020502061207 Turtle Creek-West Branch Susquehanna River"
"5586","TC0-GU","Tessellated Darter",61,2,0.301029995663981,1.78532983501077,2023-06-07,"020502061207 Turtle Creek-West Branch Susquehanna River"
"5587","TC0-GU","Banded Killifish",46,0.6,-0.221848749616356,1.66275783168157,2023-06-07,"020502061207 Turtle Creek-West Branch Susquehanna River"
"5588","TC0-GU","Banded Killifish",84,5.9,0.770852011642144,1.92427928606188,2023-06-07,"020502061207 Turtle Creek-West Branch Susquehanna River"
"5589","TC0-GU","Tessellated Darter",66,2.7,0.431363764158987,1.81954393554187,2023-06-07,"020502061207 Turtle Creek-West Branch Susquehanna River"
"5590","TC0-GU","Tessellated Darter",65,2.9,0.462397997898956,1.81291335664286,2023-06-07,"020502061207 Turtle Creek-West Branch Susquehanna River"
"5591","TC0-GU","Tessellated Darter",71,3.1,0.491361693834273,1.85125834871908,2023-06-07,"020502061207 Turtle Creek-West Branch Susquehanna River"
"5592","TC0-GU","Tessellated Darter",64,2.9,0.462397997898956,1.80617997398389,2023-06-07,"020502061207 Turtle Creek-West Branch Susquehanna River"
"5593","TC0-GU","Tessellated Darter",56,1.9,0.278753600952829,1.7481880270062,2023-06-07,"020502061207 Turtle Creek-West Branch Susquehanna River"
"5594","TC0-GU","Tessellated Darter",78,4,0.602059991327962,1.89209460269048,2023-06-07,"020502061207 Turtle Creek-West Branch Susquehanna River"
"5595","TC0-GU","Tessellated Darter",76,3.8,0.57978359661681,1.88081359228079,2023-06-07,"020502061207 Turtle Creek-West Branch Susquehanna River"
"5596","TC0-GU","Tessellated Darter",53,1.5,0.176091259055681,1.72427586960079,2023-06-07,"020502061207 Turtle Creek-West Branch Susquehanna River"
"5597","TC0-GU","Tessellated Darter",57,1.9,0.278753600952829,1.75587485567249,2023-06-07,"020502061207 Turtle Creek-West Branch Susquehanna River"
"5598","TC0-GU","Banded Killifish",76,4.4,0.643452676486187,1.88081359228079,2023-06-07,"020502061207 Turtle Creek-West Branch Susquehanna River"
"5599","TC0-GU","Banded Killifish",55,1.2,0.0791812460476248,1.74036268949424,2023-06-07,"020502061207 Turtle Creek-West Branch Susquehanna River"
"5600","TC0-GU","Banded Killifish",51,1.4,0.146128035678238,1.70757017609794,2023-06-07,"020502061207 Turtle Creek-West Branch Susquehanna River"
"5601","TC0-GU","Banded Killifish",57,1.6,0.204119982655925,1.75587485567249,2023-06-07,"020502061207 Turtle Creek-West Branch Susquehanna River"
"5602","TC0-GU","Banded Killifish",54,1.5,0.176091259055681,1.73239375982297,2023-06-07,"020502061207 Turtle Creek-West Branch Susquehanna River"
"5603","TC0-GU","Banded Killifish",61,2.3,0.361727836017593,1.78532983501077,2023-06-07,"020502061207 Turtle Creek-West Branch Susquehanna River"
"5604","TC0-GU","Banded Killifish",77,5,0.698970004336019,1.88649072517248,2023-06-07,"020502061207 Turtle Creek-West Branch Susquehanna River"
"5605","TC0-GU","Blacknose Dace",60,2.1,0.322219294733919,1.77815125038364,2023-06-07,"020502061207 Turtle Creek-West Branch Susquehanna River"
"5606","TC0-GU","Blacknose Dace",77,4.5,0.653212513775344,1.88649072517248,2023-06-07,"020502061207 Turtle Creek-West Branch Susquehanna River"
"5607","TC0-GU","Blacknose Dace",53,1.4,0.146128035678238,1.72427586960079,2023-06-07,"020502061207 Turtle Creek-West Branch Susquehanna River"
"5608","TC0-GU","Blacknose Dace",46,0.8,-0.0969100130080564,1.66275783168157,2023-06-07,"020502061207 Turtle Creek-West Branch Susquehanna River"
"5609","TC0-GU","Blacknose Dace",79,5.4,0.732393759822969,1.89762709129044,2023-06-07,"020502061207 Turtle Creek-West Branch Susquehanna River"
"5610","TC0-GU","Blacknose Dace",73,3.4,0.531478917042255,1.86332286012046,2023-06-07,"020502061207 Turtle Creek-West Branch Susquehanna River"
"5611","TC0-GU","Blacknose Dace",70,3.7,0.568201724066995,1.84509804001426,2023-06-07,"020502061207 Turtle Creek-West Branch Susquehanna River"
"5612","TC0-GU","Blacknose Dace",54,1.5,0.176091259055681,1.73239375982297,2023-06-07,"020502061207 Turtle Creek-West Branch Susquehanna River"
"5613","TC0-GU","Blacknose Dace",65,2.4,0.380211241711606,1.81291335664286,2023-06-07,"020502061207 Turtle Creek-West Branch Susquehanna River"
"5614","TC0-GU","Blacknose Dace",53,1.5,0.176091259055681,1.72427586960079,2023-06-07,"020502061207 Turtle Creek-West Branch Susquehanna River"
"5615","TC0-GU","Blacknose Dace",49,1.2,0.0791812460476248,1.69019608002851,2023-06-07,"020502061207 Turtle Creek-West Branch Susquehanna River"
"5616","TC0-GU","Blacknose Dace",45,0.7,-0.154901959985743,1.65321251377534,2023-06-07,"020502061207 Turtle Creek-West Branch Susquehanna River"
"5617","TC0-GU","Blacknose Dace",53,1.3,0.113943352306837,1.72427586960079,2023-06-07,"020502061207 Turtle Creek-West Branch Susquehanna River"
"5618","TC0-GU","Blacknose Dace",47,1,0,1.67209785793572,2023-06-07,"020502061207 Turtle Creek-West Branch Susquehanna River"
"5619","TC0-GU","Blacknose Dace",64,2.6,0.414973347970818,1.80617997398389,2023-06-07,"020502061207 Turtle Creek-West Branch Susquehanna River"
"5620","TC0-GU","Blacknose Dace",68,3,0.477121254719662,1.83250891270624,2023-06-07,"020502061207 Turtle Creek-West Branch Susquehanna River"
"5621","TC0-GU","Blacknose Dace",53,1.4,0.146128035678238,1.72427586960079,2023-06-07,"020502061207 Turtle Creek-West Branch Susquehanna River"
"5622","TC0-GU","Blacknose Dace",72,4,0.602059991327962,1.85733249643127,2023-06-07,"020502061207 Turtle Creek-West Branch Susquehanna River"
"5623","TC0-GU","Blacknose Dace",67,3.1,0.491361693834273,1.82607480270083,2023-06-07,"020502061207 Turtle Creek-West Branch Susquehanna River"
"5624","TC0-GU","Blacknose Dace",75,4.4,0.643452676486187,1.8750612633917,2023-06-07,"020502061207 Turtle Creek-West Branch Susquehanna River"
"5625","TC0-GU","Blacknose Dace",67,2.6,0.414973347970818,1.82607480270083,2023-06-07,"020502061207 Turtle Creek-West Branch Susquehanna River"
"5626","TC0-GU","Blacknose Dace",64,2.5,0.397940008672038,1.80617997398389,2023-06-07,"020502061207 Turtle Creek-West Branch Susquehanna River"
"5627","TC0-GU","Tessellated Darter",57,1.9,0.278753600952829,1.75587485567249,2023-06-07,"020502061207 Turtle Creek-West Branch Susquehanna River"
"5628","TC0-GU","Tessellated Darter",64,2.5,0.397940008672038,1.80617997398389,2023-06-07,"020502061207 Turtle Creek-West Branch Susquehanna River"
"5629","TC0-GU","Tessellated Darter",64,2.6,0.414973347970818,1.80617997398389,2023-06-07,"020502061207 Turtle Creek-West Branch Susquehanna River"
"5630","TC0-GU","Tessellated Darter",48,1.1,0.0413926851582251,1.68124123737559,2023-06-07,"020502061207 Turtle Creek-West Branch Susquehanna River"
"5631","TC0-GU","Fallfish",91,7.4,0.869231719730976,1.95904139232109,2023-06-07,"020502061207 Turtle Creek-West Branch Susquehanna River"
"5632","TC0-GU","Fallfish",87,6.1,0.785329835010767,1.93951925261862,2023-06-07,"020502061207 Turtle Creek-West Branch Susquehanna River"
"5633","TC0-GU","Fallfish",90,6.6,0.819543935541869,1.95424250943932,2023-06-07,"020502061207 Turtle Creek-West Branch Susquehanna River"
"5634","TC0-GU","Fallfish",91,7.1,0.851258348719075,1.95904139232109,2023-06-07,"020502061207 Turtle Creek-West Branch Susquehanna River"
"5635","TC0-GU","Fallfish",103,9.2,0.963787827345555,2.01283722470517,2023-06-07,"020502061207 Turtle Creek-West Branch Susquehanna River"
"5636","TC0-GU","Fallfish",82,5.3,0.724275869600789,1.91381385238372,2023-06-07,"020502061207 Turtle Creek-West Branch Susquehanna River"
"5637","TC0-GU","Fallfish",87,6,0.778151250383644,1.93951925261862,2023-06-07,"020502061207 Turtle Creek-West Branch Susquehanna River"
"5638","TC0-GU","Fallfish",83,5.4,0.732393759822969,1.91907809237607,2023-06-07,"020502061207 Turtle Creek-West Branch Susquehanna River"
"5639","TC0-GU","Fallfish",84,5.4,0.732393759822969,1.92427928606188,2023-06-07,"020502061207 Turtle Creek-West Branch Susquehanna River"
"5640","TC0-GU","Banded Killifish",73,3.9,0.591064607026499,1.86332286012046,2023-06-07,"020502061207 Turtle Creek-West Branch Susquehanna River"
"5641","TC0-GU","Banded Killifish",63,2.2,0.342422680822206,1.79934054945358,2023-06-07,"020502061207 Turtle Creek-West Branch Susquehanna River"
"5642","TC0-GU","Banded Killifish",75,4.1,0.612783856719735,1.8750612633917,2023-06-07,"020502061207 Turtle Creek-West Branch Susquehanna River"
"5643","TC0-GU","Blacknose Dace",71,3.1,0.491361693834273,1.85125834871908,2023-06-07,"020502061207 Turtle Creek-West Branch Susquehanna River"
"5644","TC0-GU","Blacknose Dace",58,2.1,0.322219294733919,1.76342799356294,2023-06-07,"020502061207 Turtle Creek-West Branch Susquehanna River"
"5645","TC0-GU","Cutlip Minnow",44,0.8,-0.0969100130080564,1.64345267648619,2023-06-07,"020502061207 Turtle Creek-West Branch Susquehanna River"
"5646","TC0-GU","Cutlip Minnow",67,3.6,0.556302500767287,1.82607480270083,2023-06-07,"020502061207 Turtle Creek-West Branch Susquehanna River"
"5647","TC0-GU","Cutlip Minnow",72,4.3,0.633468455579587,1.85733249643127,2023-06-07,"020502061207 Turtle Creek-West Branch Susquehanna River"
"5648","TC0-GU","Cutlip Minnow",77,5.5,0.740362689494244,1.88649072517248,2023-06-07,"020502061207 Turtle Creek-West Branch Susquehanna River"
"5649","TC0-GU","Cutlip Minnow",62,2.4,0.380211241711606,1.79239168949825,2023-06-07,"020502061207 Turtle Creek-West Branch Susquehanna River"
"5650","TC0-GU","Cutlip Minnow",38,0.8,-0.0969100130080564,1.57978359661681,2023-06-07,"020502061207 Turtle Creek-West Branch Susquehanna River"
"5651","TC0-GU","Cutlip Minnow",41,0.9,-0.0457574905606751,1.61278385671974,2023-06-07,"020502061207 Turtle Creek-West Branch Susquehanna River"
"5652","TC0-GU","Cutlip Minnow",40,0.6,-0.221848749616356,1.60205999132796,2023-06-07,"020502061207 Turtle Creek-West Branch Susquehanna River"
"5653","TC0-GU","Cutlip Minnow",70,3.8,0.57978359661681,1.84509804001426,2023-06-07,"020502061207 Turtle Creek-West Branch Susquehanna River"
"5654","TC0-GU","Cutlip Minnow",58,2.1,0.322219294733919,1.76342799356294,2023-06-07,"020502061207 Turtle Creek-West Branch Susquehanna River"
"5655","TC0-GU","Cutlip Minnow",67,3.3,0.518513939877887,1.82607480270083,2023-06-07,"020502061207 Turtle Creek-West Branch Susquehanna River"
"5656","TC0-GU","Cutlip Minnow",71,4.1,0.612783856719735,1.85125834871908,2023-06-07,"020502061207 Turtle Creek-West Branch Susquehanna River"
"5657","TC0-GU","Cutlip Minnow",53,1.7,0.230448921378274,1.72427586960079,2023-06-07,"020502061207 Turtle Creek-West Branch Susquehanna River"
"5658","TC0-GU","Cutlip Minnow",94,8.9,0.949390006644913,1.9731278535997,2023-06-07,"020502061207 Turtle Creek-West Branch Susquehanna River"
"5659","TC0-GU","Cutlip Minnow",43,0.8,-0.0969100130080564,1.63346845557959,2023-06-07,"020502061207 Turtle Creek-West Branch Susquehanna River"
"5660","TC0-GU","Blacknose Dace",70,3.7,0.568201724066995,1.84509804001426,2023-06-07,"020502061207 Turtle Creek-West Branch Susquehanna River"
"5661","TC0-GU","Bluntnose Minnow",61,2.7,0.431363764158987,1.78532983501077,2023-06-07,"020502061207 Turtle Creek-West Branch Susquehanna River"
"5662","TC0-GU","Bluntnose Minnow",66,2.6,0.414973347970818,1.81954393554187,2023-06-07,"020502061207 Turtle Creek-West Branch Susquehanna River"
"5663","TC0-GU","Bluntnose Minnow",49,1.1,0.0413926851582251,1.69019608002851,2023-06-07,"020502061207 Turtle Creek-West Branch Susquehanna River"
"5664","TC0-GU","Bluntnose Minnow",37,0.6,-0.221848749616356,1.56820172406699,2023-06-07,"020502061207 Turtle Creek-West Branch Susquehanna River"
"5665","TC0-GU","Bluntnose Minnow",38,0.4,-0.397940008672038,1.57978359661681,2023-06-07,"020502061207 Turtle Creek-West Branch Susquehanna River"
"5666","TC0-GU","Bluntnose Minnow",45,0.8,-0.0969100130080564,1.65321251377534,2023-06-07,"020502061207 Turtle Creek-West Branch Susquehanna River"
"5667","TC0-GU","Blacknose Dace",66,2.4,0.380211241711606,1.81954393554187,2023-06-07,"020502061207 Turtle Creek-West Branch Susquehanna River"
"5668","TC0-GU","Blacknose Dace",70,3.8,0.57978359661681,1.84509804001426,2023-06-07,"020502061207 Turtle Creek-West Branch Susquehanna River"
"5669","TC0-GU","Blacknose Dace",73,3.7,0.568201724066995,1.86332286012046,2023-06-07,"020502061207 Turtle Creek-West Branch Susquehanna River"
"5670","TC0-GU","Cutlip Minnow",88,9.2,0.963787827345555,1.94448267215017,2023-06-07,"020502061207 Turtle Creek-West Branch Susquehanna River"
"5671","TC0-GU","Cutlip Minnow",47,1.1,0.0413926851582251,1.67209785793572,2023-06-07,"020502061207 Turtle Creek-West Branch Susquehanna River"
"5672","TC0-GU","Cutlip Minnow",76,4.4,0.643452676486187,1.88081359228079,2023-06-07,"020502061207 Turtle Creek-West Branch Susquehanna River"
"5673","TC0-GU","Cutlip Minnow",75,4.4,0.643452676486187,1.8750612633917,2023-06-07,"020502061207 Turtle Creek-West Branch Susquehanna River"
"5674","TC0-GU","Cutlip Minnow",91,10.4,1.01703333929878,1.95904139232109,2023-06-07,"020502061207 Turtle Creek-West Branch Susquehanna River"
"5675","TC0-GU","Cutlip Minnow",187,7.5,0.8750612633917,2.2718416065365,2023-06-07,"020502061207 Turtle Creek-West Branch Susquehanna River"
"5676","TC0-GU","Cutlip Minnow",100,13.1,1.11727129565576,2,2023-06-07,"020502061207 Turtle Creek-West Branch Susquehanna River"
"5677","TC0-GU","Cutlip Minnow",75,5.6,0.7481880270062,1.8750612633917,2023-06-07,"020502061207 Turtle Creek-West Branch Susquehanna River"
"5678","TC0-GU","Cutlip Minnow",71,4.3,0.633468455579587,1.85125834871908,2023-06-07,"020502061207 Turtle Creek-West Branch Susquehanna River"
"5679","TC0-GU","Cutlip Minnow",48,1.3,0.113943352306837,1.68124123737559,2023-06-07,"020502061207 Turtle Creek-West Branch Susquehanna River"
"5680","TC0-GU","Fallfish",90,6.5,0.812913356642856,1.95424250943932,2023-06-07,"020502061207 Turtle Creek-West Branch Susquehanna River"
"5681","TC0-GU","Blacknose Dace",64,2.5,0.397940008672038,1.80617997398389,2023-06-07,"020502061207 Turtle Creek-West Branch Susquehanna River"
"5682","TC0-GU","Blacknose Dace",64,2.9,0.462397997898956,1.80617997398389,2023-06-07,"020502061207 Turtle Creek-West Branch Susquehanna River"
"5683","TC0-GU","Cutlip Minnow",43,0.6,-0.221848749616356,1.63346845557959,2023-06-07,"020502061207 Turtle Creek-West Branch Susquehanna River"
"5684","TC0-GU","Cutlip Minnow",52,1.5,0.176091259055681,1.7160033436348,2023-06-07,"020502061207 Turtle Creek-West Branch Susquehanna River"
"5685","TC0-GU","Bluntnose Minnow",48,1.1,0.0413926851582251,1.68124123737559,2023-06-07,"020502061207 Turtle Creek-West Branch Susquehanna River"
"5686","TC0-GU","Bluntnose Minnow",68,2.9,0.462397997898956,1.83250891270624,2023-06-07,"020502061207 Turtle Creek-West Branch Susquehanna River"
"5687","TC0-GU","Bluntnose Minnow",63,2.2,0.342422680822206,1.79934054945358,2023-06-07,"020502061207 Turtle Creek-West Branch Susquehanna River"
"5688","TC0-GU","Bluntnose Minnow",64,2.4,0.380211241711606,1.80617997398389,2023-06-07,"020502061207 Turtle Creek-West Branch Susquehanna River"
"5689","TC0-GU","Bluntnose Minnow",40,0.6,-0.221848749616356,1.60205999132796,2023-06-07,"020502061207 Turtle Creek-West Branch Susquehanna River"
"5690","TC0-GU","Bluntnose Minnow",63,2.5,0.397940008672038,1.79934054945358,2023-06-07,"020502061207 Turtle Creek-West Branch Susquehanna River"
"5691","TC0-GU","Tessellated Darter",75,3.9,0.591064607026499,1.8750612633917,2023-06-07,"020502061207 Turtle Creek-West Branch Susquehanna River"
"5692","TC0-GU","Tessellated Darter",66,2.8,0.447158031342219,1.81954393554187,2023-06-07,"020502061207 Turtle Creek-West Branch Susquehanna River"
"5693","TC0-GU","Tessellated Darter",59,2.1,0.322219294733919,1.77085201164214,2023-06-07,"020502061207 Turtle Creek-West Branch Susquehanna River"
"5694","TC0-SB-L","Largemouth Bass",119,12.2,1.08635983067475,2.07554696139253,2016-06-06,"020502061207 Turtle Creek-West Branch Susquehanna River"
"5695","TC0-SB-L","Largemouth Bass",105,14.5,1.16136800223497,2.02118929906994,2016-06-06,"020502061207 Turtle Creek-West Branch Susquehanna River"
"5696","TC0-SB-L","Largemouth Bass",105,13,1.11394335230684,2.02118929906994,2019-06-14,"020502061207 Turtle Creek-West Branch Susquehanna River"
"5697","TC0-SB-U","Largemouth Bass",143,36.2,1.55870857053317,2.15533603746506,2020-06-03,"020502061207 Turtle Creek-West Branch Susquehanna River"
"5698","TC0-SB-U","Largemouth Bass",111,16.7,1.22271647114758,2.04532297878666,2019-06-14,"020502061207 Turtle Creek-West Branch Susquehanna River"
"5699","TC0-SB-U","Largemouth Bass",94,8.3,0.919078092376074,1.9731278535997,2019-06-14,"020502061207 Turtle Creek-West Branch Susquehanna River"
"5700","TC0-SB-U","Tessellated Darter",62,2.3,0.361727836017593,1.79239168949825,2023-06-08,"020502061207 Turtle Creek-West Branch Susquehanna River"
"5701","TC0-SB-U","Tessellated Darter",59,1.9,0.278753600952829,1.77085201164214,2023-06-08,"020502061207 Turtle Creek-West Branch Susquehanna River"
"5702","TC0-SB-U","Tessellated Darter",58,1.8,0.255272505103306,1.76342799356294,2023-06-08,"020502061207 Turtle Creek-West Branch Susquehanna River"
"5703","TC0-SB-U","Tessellated Darter",60,2.1,0.322219294733919,1.77815125038364,2023-06-08,"020502061207 Turtle Creek-West Branch Susquehanna River"
"5704","TC0-SB-U","Tessellated Darter",57,1.8,0.255272505103306,1.75587485567249,2023-06-08,"020502061207 Turtle Creek-West Branch Susquehanna River"
"5705","TC0-SB-U","Tessellated Darter",58,1.8,0.255272505103306,1.76342799356294,2023-06-08,"020502061207 Turtle Creek-West Branch Susquehanna River"
"5706","TC0-SB-U","Tessellated Darter",63,2.4,0.380211241711606,1.79934054945358,2023-06-08,"020502061207 Turtle Creek-West Branch Susquehanna River"
"5707","TC0-SB-U","Tessellated Darter",56,1.8,0.255272505103306,1.7481880270062,2023-06-08,"020502061207 Turtle Creek-West Branch Susquehanna River"
"5708","TC0-SB-U","Tessellated Darter",66,2.5,0.397940008672038,1.81954393554187,2023-06-08,"020502061207 Turtle Creek-West Branch Susquehanna River"
"5709","TC0-SB-U","Blacknose Dace",74,3.5,0.544068044350276,1.86923171973098,2023-06-08,"020502061207 Turtle Creek-West Branch Susquehanna River"
"5710","TC0-SB-U","Creek Chub",156,33.8,1.52891670027765,2.19312459835446,2023-06-08,"020502061207 Turtle Creek-West Branch Susquehanna River"
"5711","TC0-SB-U","Creek Chub",126,21.6,1.33445375115093,2.10037054511756,2023-06-08,"020502061207 Turtle Creek-West Branch Susquehanna River"
"5712","TC0-SB-U","Creek Chub",74,4.5,0.653212513775344,1.86923171973098,2023-06-08,"020502061207 Turtle Creek-West Branch Susquehanna River"
"5713","TC0-SB-U","Creek Chub",82,5.4,0.732393759822969,1.91381385238372,2023-06-08,"020502061207 Turtle Creek-West Branch Susquehanna River"
"5714","TC0-SB-U","Creek Chub",60,2.4,0.380211241711606,1.77815125038364,2023-06-08,"020502061207 Turtle Creek-West Branch Susquehanna River"
"5715","TC0-SB-U","Creek Chub",51,1.8,0.255272505103306,1.70757017609794,2023-06-08,"020502061207 Turtle Creek-West Branch Susquehanna River"
"5716","TC0-SB-U","Creek Chub",104,11,1.04139268515823,2.01703333929878,2023-06-08,"020502061207 Turtle Creek-West Branch Susquehanna River"
"5717","TC0-SB-U","Creek Chub",129,27,1.43136376415899,2.11058971029925,2023-06-08,"020502061207 Turtle Creek-West Branch Susquehanna River"
"5718","TC0-SB-U","Creek Chub",84,5.6,0.7481880270062,1.92427928606188,2023-06-08,"020502061207 Turtle Creek-West Branch Susquehanna River"
"5719","TC0-SB-U","Creek Chub",62,2.5,0.397940008672038,1.79239168949825,2023-06-08,"020502061207 Turtle Creek-West Branch Susquehanna River"
"5720","TC0-SB-U","Creek Chub",57,1.9,0.278753600952829,1.75587485567249,2023-06-08,"020502061207 Turtle Creek-West Branch Susquehanna River"
"5721","TC0-SB-U","Creek Chub",96,9.3,0.968482948553935,1.98227123303957,2023-06-08,"020502061207 Turtle Creek-West Branch Susquehanna River"
"5722","TC0-SB-U","Tessellated Darter",62,2.3,0.361727836017593,1.79239168949825,2023-06-08,"020502061207 Turtle Creek-West Branch Susquehanna River"
"5723","TC0-SB-U","Tessellated Darter",51,1.2,0.0791812460476248,1.70757017609794,2023-06-08,"020502061207 Turtle Creek-West Branch Susquehanna River"
"5724","TC0-SB-U","Creek Chub",64,2.6,0.414973347970818,1.80617997398389,2023-06-08,"020502061207 Turtle Creek-West Branch Susquehanna River"
"5725","TC0-SB-U","Creek Chub",136,28.7,1.45788189673399,2.13353890837022,2023-06-08,"020502061207 Turtle Creek-West Branch Susquehanna River"
"5726","TC0-SB-U","Creek Chub",110,12.4,1.09342168516224,2.04139268515822,2023-06-08,"020502061207 Turtle Creek-West Branch Susquehanna River"
"5727","TC0-SB-U","Creek Chub",98,10.8,1.03342375548695,1.99122607569249,2023-06-08,"020502061207 Turtle Creek-West Branch Susquehanna River"
"5728","TC0-SB-U","Creek Chub",136,27.1,1.43296929087441,2.13353890837022,2023-06-08,"020502061207 Turtle Creek-West Branch Susquehanna River"
"5729","TC0-SB-U","Blacknose Dace",54,1.4,0.146128035678238,1.73239375982297,2023-06-08,"020502061207 Turtle Creek-West Branch Susquehanna River"
"5730","TC0-SB-U","Blacknose Dace",54,1.5,0.176091259055681,1.73239375982297,2023-06-08,"020502061207 Turtle Creek-West Branch Susquehanna River"
"5731","TC0-SB-U","Blacknose Dace",52,1.3,0.113943352306837,1.7160033436348,2023-06-08,"020502061207 Turtle Creek-West Branch Susquehanna River"
"5732","TC0-SB-U","Blacknose Dace",71,3.6,0.556302500767287,1.85125834871908,2023-06-08,"020502061207 Turtle Creek-West Branch Susquehanna River"
"5733","TC0-SB-U","Blacknose Dace",48,1,0,1.68124123737559,2023-06-08,"020502061207 Turtle Creek-West Branch Susquehanna River"
"5734","TC0-SB-U","Blacknose Dace",71,3.8,0.57978359661681,1.85125834871908,2023-06-08,"020502061207 Turtle Creek-West Branch Susquehanna River"
"5735","TC0-SB-U","Blacknose Dace",51,1.5,0.176091259055681,1.70757017609794,2023-06-08,"020502061207 Turtle Creek-West Branch Susquehanna River"
"5736","TC0-SB-U","Blacknose Dace",72,3.5,0.544068044350276,1.85733249643127,2023-06-08,"020502061207 Turtle Creek-West Branch Susquehanna River"
"5737","TC0-SB-U","Blacknose Dace",64,2.4,0.380211241711606,1.80617997398389,2023-06-08,"020502061207 Turtle Creek-West Branch Susquehanna River"
"5738","TC0-SB-U","Blacknose Dace",65,2.4,0.380211241711606,1.81291335664286,2023-06-08,"020502061207 Turtle Creek-West Branch Susquehanna River"
"5739","TC0-SB-U","Central Stoneroller",70,3.2,0.505149978319906,1.84509804001426,2023-06-08,"020502061207 Turtle Creek-West Branch Susquehanna River"
"5740","TC0-SB-U","Central Stoneroller",75,4.4,0.643452676486187,1.8750612633917,2023-06-08,"020502061207 Turtle Creek-West Branch Susquehanna River"
"5741","TC0-SB-U","Central Stoneroller",118,13.6,1.13353890837022,2.07188200730613,2023-06-08,"020502061207 Turtle Creek-West Branch Susquehanna River"
"5742","TC0-SB-U","Central Stoneroller",77,4.2,0.6232492903979,1.88649072517248,2023-06-08,"020502061207 Turtle Creek-West Branch Susquehanna River"
"5743","TC0-SB-U","Central Stoneroller",104,12.1,1.08278537031645,2.01703333929878,2023-06-08,"020502061207 Turtle Creek-West Branch Susquehanna River"
"5744","TC0-SB-U","Central Stoneroller",80,5.4,0.732393759822969,1.90308998699194,2023-06-08,"020502061207 Turtle Creek-West Branch Susquehanna River"
"5745","TC0-SB-U","Central Stoneroller",134,33.2,1.52113808370404,2.12710479836481,2023-06-08,"020502061207 Turtle Creek-West Branch Susquehanna River"
"5746","TC0-SB-U","Central Stoneroller",129,25.2,1.40140054078154,2.11058971029925,2023-06-08,"020502061207 Turtle Creek-West Branch Susquehanna River"
"5747","TC0-SB-U","Central Stoneroller",100,8.5,0.929418925714293,2,2023-06-08,"020502061207 Turtle Creek-West Branch Susquehanna River"
"5748","TC0-SB-U","Central Stoneroller",140,31.6,1.4996870826184,2.14612803567824,2023-06-08,"020502061207 Turtle Creek-West Branch Susquehanna River"
"5749","TC0-SB-U","Central Stoneroller",104,9.8,0.991226075692495,2.01703333929878,2023-06-08,"020502061207 Turtle Creek-West Branch Susquehanna River"
"5750","TC0-SB-U","Central Stoneroller",105,26.8,1.42813479402879,2.02118929906994,2023-06-08,"020502061207 Turtle Creek-West Branch Susquehanna River"
"5751","TC0-SB-U","White Sucker",116,17,1.23044892137827,2.06445798922692,2023-06-08,"020502061207 Turtle Creek-West Branch Susquehanna River"
"5752","TC0-SB-U","White Sucker",193,81,1.90848501887865,2.28555730900777,2023-06-08,"020502061207 Turtle Creek-West Branch Susquehanna River"
"5753","TC0-SB-U","White Sucker",171,50,1.69897000433602,2.23299611039215,2023-06-08,"020502061207 Turtle Creek-West Branch Susquehanna River"
"5754","TC0-SB-U","White Sucker",109,13,1.11394335230684,2.03742649794062,2023-06-08,"020502061207 Turtle Creek-West Branch Susquehanna River"
"5755","TC0-SB-U","White Sucker",171,57.9,1.76267856372744,2.23299611039215,2023-06-08,"020502061207 Turtle Creek-West Branch Susquehanna River"
"5756","TC0-SB-U","White Sucker",183,59.8,1.77670118398841,2.26245108973043,2023-06-08,"020502061207 Turtle Creek-West Branch Susquehanna River"
"5757","TC0-SB-U","White Sucker",108,12.8,1.10720996964787,2.03342375548695,2023-06-08,"020502061207 Turtle Creek-West Branch Susquehanna River"
"5758","TC0-SB-U","White Sucker",147,35.1,1.54530711646582,2.16731733474818,2023-06-08,"020502061207 Turtle Creek-West Branch Susquehanna River"
"5759","TC0-SB-U","White Sucker",105,12.5,1.09691001300806,2.02118929906994,2023-06-08,"020502061207 Turtle Creek-West Branch Susquehanna River"
"5760","TC0-SB-U","White Sucker",211,90.8,1.95808584852109,2.32428245529769,2023-06-08,"020502061207 Turtle Creek-West Branch Susquehanna River"
"5761","TC0-SB-U","White Sucker",130,23.5,1.37106786227174,2.11394335230684,2023-06-08,"020502061207 Turtle Creek-West Branch Susquehanna River"
"5762","TC0-SB-U","White Sucker",136,23.4,1.36921585741014,2.13353890837022,2023-06-08,"020502061207 Turtle Creek-West Branch Susquehanna River"
"5763","TC0-SB-U","White Sucker",107,12.1,1.08278537031645,2.02938377768521,2023-06-08,"020502061207 Turtle Creek-West Branch Susquehanna River"
"5764","TC0-SB-U","White Sucker",132,24.2,1.38381536598043,2.12057393120585,2023-06-08,"020502061207 Turtle Creek-West Branch Susquehanna River"
"5765","TC0-SB-U","White Sucker",152,34.9,1.54282542695918,2.18184358794477,2023-06-08,"020502061207 Turtle Creek-West Branch Susquehanna River"
"5766","TC0-SB-U","White Sucker",139,28.7,1.45788189673399,2.14301480025409,2023-06-08,"020502061207 Turtle Creek-West Branch Susquehanna River"
"5767","TC0-SB-U","White Sucker",156,38.6,1.58658730467175,2.19312459835446,2023-06-08,"020502061207 Turtle Creek-West Branch Susquehanna River"
"5768","TC0-SB-U","White Sucker",123,17.8,1.25042000230889,2.0899051114394,2023-06-08,"020502061207 Turtle Creek-West Branch Susquehanna River"
"5769","TC0-SB-U","White Sucker",165,50.7,1.70500795933334,2.21748394421391,2023-06-08,"020502061207 Turtle Creek-West Branch Susquehanna River"
"5770","TC0-SB-U","White Sucker",140,28,1.44715803134222,2.14612803567824,2023-06-08,"020502061207 Turtle Creek-West Branch Susquehanna River"
"5771","TC0-SB-U","Banded Killifish",49,1.1,0.0413926851582251,1.69019608002851,2023-06-08,"020502061207 Turtle Creek-West Branch Susquehanna River"
"5772","TC0-SB-U","Banded Killifish",69,3.2,0.505149978319906,1.83884909073726,2023-06-08,"020502061207 Turtle Creek-West Branch Susquehanna River"
"5773","TC0-SB-U","Banded Killifish",73,4.1,0.612783856719735,1.86332286012046,2023-06-08,"020502061207 Turtle Creek-West Branch Susquehanna River"
"5774","TC0-SB-U","Banded Killifish",75,3.9,0.591064607026499,1.8750612633917,2023-06-08,"020502061207 Turtle Creek-West Branch Susquehanna River"
"5775","TC0-SB-U","Banded Killifish",72,3.4,0.531478917042255,1.85733249643127,2023-06-08,"020502061207 Turtle Creek-West Branch Susquehanna River"
"5776","TC0-SB-U","Banded Killifish",50,1.7,0.230448921378274,1.69897000433602,2023-06-08,"020502061207 Turtle Creek-West Branch Susquehanna River"
"5777","TC0-SB-U","Banded Killifish",72,3.7,0.568201724066995,1.85733249643127,2023-06-08,"020502061207 Turtle Creek-West Branch Susquehanna River"
"5778","TC0-SB-U","Banded Killifish",96,7.8,0.89209460269048,1.98227123303957,2023-06-08,"020502061207 Turtle Creek-West Branch Susquehanna River"
"5779","TC0-SB-U","Banded Killifish",75,4.1,0.612783856719735,1.8750612633917,2023-06-08,"020502061207 Turtle Creek-West Branch Susquehanna River"
"5780","TC0-SB-U","Banded Killifish",62,2.6,0.414973347970818,1.79239168949825,2023-06-08,"020502061207 Turtle Creek-West Branch Susquehanna River"
"5781","TC0-SB-U","Banded Killifish",71,3.2,0.505149978319906,1.85125834871908,2023-06-08,"020502061207 Turtle Creek-West Branch Susquehanna River"
"5782","TC0-SB-U","Banded Killifish",73,4,0.602059991327962,1.86332286012046,2023-06-08,"020502061207 Turtle Creek-West Branch Susquehanna River"
"5783","TC0-SB-U","Banded Killifish",74,3.8,0.57978359661681,1.86923171973098,2023-06-08,"020502061207 Turtle Creek-West Branch Susquehanna River"
"5784","TC0-SB-U","Banded Killifish",74,4.3,0.633468455579587,1.86923171973098,2023-06-08,"020502061207 Turtle Creek-West Branch Susquehanna River"
"5785","TC0-SB-U","Banded Killifish",53,1.7,0.230448921378274,1.72427586960079,2023-06-08,"020502061207 Turtle Creek-West Branch Susquehanna River"
"5786","TC0-SB-U","Banded Killifish",77,4.5,0.653212513775344,1.88649072517248,2023-06-08,"020502061207 Turtle Creek-West Branch Susquehanna River"
"5787","TC0-SB-U","Banded Killifish",77,4.6,0.662757831681574,1.88649072517248,2023-06-08,"020502061207 Turtle Creek-West Branch Susquehanna River"
"5788","TC0-SB-U","Banded Killifish",79,5,0.698970004336019,1.89762709129044,2023-06-08,"020502061207 Turtle Creek-West Branch Susquehanna River"
"5789","TC0-SB-U","Banded Killifish",85,5.9,0.770852011642144,1.92941892571429,2023-06-08,"020502061207 Turtle Creek-West Branch Susquehanna River"
"5790","TC0-SB-U","White Sucker",226,110.7,2.04414762087872,2.3541084391474,2023-06-08,"020502061207 Turtle Creek-West Branch Susquehanna River"
"5791","TC0-SB-U","Blacknose Dace",66,2.8,0.447158031342219,1.81954393554187,2023-06-08,"020502061207 Turtle Creek-West Branch Susquehanna River"
"5792","TC0-SB-U","Blacknose Dace",56,1.6,0.204119982655925,1.7481880270062,2023-06-08,"020502061207 Turtle Creek-West Branch Susquehanna River"
"5793","TC0-SB-U","Blacknose Dace",63,2.1,0.322219294733919,1.79934054945358,2023-06-08,"020502061207 Turtle Creek-West Branch Susquehanna River"
"5794","TC0-SB-U","Blacknose Dace",70,3.3,0.518513939877887,1.84509804001426,2023-06-08,"020502061207 Turtle Creek-West Branch Susquehanna River"
"5795","TC0-SB-U","Blacknose Dace",66,2.9,0.462397997898956,1.81954393554187,2023-06-08,"020502061207 Turtle Creek-West Branch Susquehanna River"
"5796","TC0-SB-U","Blacknose Dace",43,0.7,-0.154901959985743,1.63346845557959,2023-06-08,"020502061207 Turtle Creek-West Branch Susquehanna River"
"5797","TC0-SB-U","Blacknose Dace",51,1.2,0.0791812460476248,1.70757017609794,2023-06-08,"020502061207 Turtle Creek-West Branch Susquehanna River"
"5798","TC0-SB-U","Blacknose Dace",62,2.8,0.447158031342219,1.79239168949825,2023-06-08,"020502061207 Turtle Creek-West Branch Susquehanna River"
"5799","TC0-SB-U","Blacknose Dace",49,1,0,1.69019608002851,2023-06-08,"020502061207 Turtle Creek-West Branch Susquehanna River"
"5800","TC0-SB-U","Blacknose Dace",77,4.4,0.643452676486187,1.88649072517248,2023-06-08,"020502061207 Turtle Creek-West Branch Susquehanna River"
"5801","TC0-SB-U","Blacknose Dace",53,1.3,0.113943352306837,1.72427586960079,2023-06-08,"020502061207 Turtle Creek-West Branch Susquehanna River"
"5802","TC0-SB-U","Blacknose Dace",62,2.4,0.380211241711606,1.79239168949825,2023-06-08,"020502061207 Turtle Creek-West Branch Susquehanna River"
"5803","TC0-SB-U","Blacknose Dace",73,4.1,0.612783856719735,1.86332286012046,2023-06-08,"020502061207 Turtle Creek-West Branch Susquehanna River"
"5804","TC0-SB-U","Blacknose Dace",53,1.4,0.146128035678238,1.72427586960079,2023-06-08,"020502061207 Turtle Creek-West Branch Susquehanna River"
"5805","TC0-SB-U","Blacknose Dace",70,3.1,0.491361693834273,1.84509804001426,2023-06-08,"020502061207 Turtle Creek-West Branch Susquehanna River"
"5806","TC0-SB-U","Blacknose Dace",71,3.7,0.568201724066995,1.85125834871908,2023-06-08,"020502061207 Turtle Creek-West Branch Susquehanna River"
"5807","TC0-SB-U","Blacknose Dace",66,2.8,0.447158031342219,1.81954393554187,2023-06-08,"020502061207 Turtle Creek-West Branch Susquehanna River"
"5808","TC0-SB-U","Blacknose Dace",71,3.2,0.505149978319906,1.85125834871908,2023-06-08,"020502061207 Turtle Creek-West Branch Susquehanna River"
"5809","TC0-SB-U","Blacknose Dace",53,1.2,0.0791812460476248,1.72427586960079,2023-06-08,"020502061207 Turtle Creek-West Branch Susquehanna River"
"5810","TC0-SB-U","Bluntnose Minnow",62,2.2,0.342422680822206,1.79239168949825,2023-06-08,"020502061207 Turtle Creek-West Branch Susquehanna River"
"5811","TC0-SB-U","Bluntnose Minnow",62,2.2,0.342422680822206,1.79239168949825,2023-06-08,"020502061207 Turtle Creek-West Branch Susquehanna River"
"5812","TC0-SB-U","Bluntnose Minnow",37,0.4,-0.397940008672038,1.56820172406699,2023-06-08,"020502061207 Turtle Creek-West Branch Susquehanna River"
"5813","TC0-SB-U","Longnose Dace",87,7,0.845098040014257,1.93951925261862,2023-06-08,"020502061207 Turtle Creek-West Branch Susquehanna River"
"5814","TC0-SB-U","Longnose Dace",80,5,0.698970004336019,1.90308998699194,2023-06-08,"020502061207 Turtle Creek-West Branch Susquehanna River"
"5815","TC0-SB-U","Longnose Dace",58,1.9,0.278753600952829,1.76342799356294,2023-06-08,"020502061207 Turtle Creek-West Branch Susquehanna River"
"5816","TC0-SB-U","Creek Chub",52,1.4,0.146128035678238,1.7160033436348,2023-06-08,"020502061207 Turtle Creek-West Branch Susquehanna River"
"5817","TC0-SB-U","Banded Killifish",69,3.5,0.544068044350276,1.83884909073726,2023-06-08,"020502061207 Turtle Creek-West Branch Susquehanna River"
"5818","TC0-SB-U","Banded Killifish",72,3.8,0.57978359661681,1.85733249643127,2023-06-08,"020502061207 Turtle Creek-West Branch Susquehanna River"
"5819","TC0-SB-U","Creek Chub",87,7.8,0.89209460269048,1.93951925261862,2023-06-08,"020502061207 Turtle Creek-West Branch Susquehanna River"
"5820","TC0-SB-U","Banded Killifish",77,5,0.698970004336019,1.88649072517248,2023-06-08,"020502061207 Turtle Creek-West Branch Susquehanna River"
"5821","TC0-SB-U","White Sucker",95,7.8,0.89209460269048,1.97772360528885,2023-06-08,"020502061207 Turtle Creek-West Branch Susquehanna River"
"5822","TC0-SB-U","White Sucker",157,43.1,1.63447727016073,2.19589965240923,2023-06-08,"020502061207 Turtle Creek-West Branch Susquehanna River"
"5823","TC0-SB-U","White Sucker",106,12.6,1.10037054511756,2.02530586526477,2023-06-08,"020502061207 Turtle Creek-West Branch Susquehanna River"
"5824","TC0-SB-U","White Sucker",93,8.1,0.90848501887865,1.96848294855394,2023-06-08,"020502061207 Turtle Creek-West Branch Susquehanna River"
"5825","TC0-SB-U","White Sucker",159,39.3,1.59439255037543,2.20139712432045,2023-06-08,"020502061207 Turtle Creek-West Branch Susquehanna River"
"5826","TC0-SB-U","White Sucker",100,11.1,1.04532297878666,2,2023-06-08,"020502061207 Turtle Creek-West Branch Susquehanna River"
"5827","TC0-SB-U","White Sucker",107,11.7,1.06818586174616,2.02938377768521,2023-06-08,"020502061207 Turtle Creek-West Branch Susquehanna River"
"5828","TC0-SB-U","White Sucker",113,13.4,1.12710479836481,2.05307844348342,2023-06-08,"020502061207 Turtle Creek-West Branch Susquehanna River"
"5829","TC0-SB-U","White Sucker",227,127.8,2.10653085382238,2.35602585719312,2023-06-08,"020502061207 Turtle Creek-West Branch Susquehanna River"
"5830","TC0-SB-U","Common Shiner",103,10.5,1.02118929906994,2.01283722470517,2023-06-08,"020502061207 Turtle Creek-West Branch Susquehanna River"
"5831","TC0-SB-U","Common Shiner",86,5.4,0.732393759822969,1.93449845124357,2023-06-08,"020502061207 Turtle Creek-West Branch Susquehanna River"
"5832","TC0-SB-U","Common Shiner",82,5.2,0.716003343634799,1.91381385238372,2023-06-08,"020502061207 Turtle Creek-West Branch Susquehanna River"
"5833","TC0-SB-U","Common Shiner",97,9.9,0.99563519459755,1.98677173426624,2023-06-08,"020502061207 Turtle Creek-West Branch Susquehanna River"
"5834","TC0-SB-U","Common Shiner",112,13.5,1.13033376849501,2.04921802267018,2023-06-08,"020502061207 Turtle Creek-West Branch Susquehanna River"
"5835","TC0-SB-U","Common Shiner",86,5.8,0.763427993562937,1.93449845124357,2023-06-08,"020502061207 Turtle Creek-West Branch Susquehanna River"
"5836","TC0-SB-U","Common Shiner",75,3.7,0.568201724066995,1.8750612633917,2023-06-08,"020502061207 Turtle Creek-West Branch Susquehanna River"
"5837","TC0-SB-U","Common Shiner",82,5.4,0.732393759822969,1.91381385238372,2023-06-08,"020502061207 Turtle Creek-West Branch Susquehanna River"
"5838","TC0-SB-U","Common Shiner",120,16.1,1.20682587603185,2.07918124604762,2023-06-08,"020502061207 Turtle Creek-West Branch Susquehanna River"
"5839","TC0-SB-U","Common Shiner",152,42.7,1.63042787502502,2.18184358794477,2023-06-08,"020502061207 Turtle Creek-West Branch Susquehanna River"
"5840","TC0-SB-U","Common Shiner",98,9.6,0.982271233039568,1.99122607569249,2023-06-08,"020502061207 Turtle Creek-West Branch Susquehanna River"
"5841","TC0-SB-U","Common Shiner",74,3.5,0.544068044350276,1.86923171973098,2023-06-08,"020502061207 Turtle Creek-West Branch Susquehanna River"
"5842","TC0-SB-U","Common Shiner",100,9.3,0.968482948553935,2,2023-06-08,"020502061207 Turtle Creek-West Branch Susquehanna River"
"5843","TC0-SB-U","Common Shiner",105,12.8,1.10720996964787,2.02118929906994,2023-06-08,"020502061207 Turtle Creek-West Branch Susquehanna River"
"5844","TC0-SB-U","Common Shiner",101,10.9,1.03742649794062,2.00432137378264,2023-06-08,"020502061207 Turtle Creek-West Branch Susquehanna River"
"5845","TC0-SB-U","Common Shiner",152,34.1,1.5327543789925,2.18184358794477,2023-06-08,"020502061207 Turtle Creek-West Branch Susquehanna River"
"5846","TC0-SB-U","Common Shiner",154,45.9,1.66181268553726,2.18752072083646,2023-06-08,"020502061207 Turtle Creek-West Branch Susquehanna River"
"5847","TC0-SB-U","Common Shiner",155,45.2,1.65513843481138,2.19033169817029,2023-06-08,"020502061207 Turtle Creek-West Branch Susquehanna River"
"5848","TC0-SB-U","Common Shiner",101,9.1,0.959041392321094,2.00432137378264,2023-06-08,"020502061207 Turtle Creek-West Branch Susquehanna River"
"5849","TC0-SB-U","Common Shiner",103,10.1,1.00432137378264,2.01283722470517,2023-06-08,"020502061207 Turtle Creek-West Branch Susquehanna River"
"5850","TC0-SB-U","Common Shiner",137,25.1,1.39967372148104,2.13672056715641,2023-06-08,"020502061207 Turtle Creek-West Branch Susquehanna River"
"5851","TC0-SB-U","Creek Chub",140,27.5,1.43933269383026,2.14612803567824,2023-06-08,"020502061207 Turtle Creek-West Branch Susquehanna River"
"5852","TC0-SB-U","Creek Chub",91,8.4,0.924279286061882,1.95904139232109,2023-06-08,"020502061207 Turtle Creek-West Branch Susquehanna River"
"5853","TC0-SB-U","Creek Chub",107,12.1,1.08278537031645,2.02938377768521,2023-06-08,"020502061207 Turtle Creek-West Branch Susquehanna River"
"5854","TC0-SB-U","Creek Chub",121,17.5,1.24303804868629,2.08278537031645,2023-06-08,"020502061207 Turtle Creek-West Branch Susquehanna River"
"5855","TC0-SB-U","Creek Chub",86,6.3,0.799340549453582,1.93449845124357,2023-06-08,"020502061207 Turtle Creek-West Branch Susquehanna River"
"5856","TC0-SB-U","Creek Chub",142,31.6,1.4996870826184,2.15228834438306,2023-06-08,"020502061207 Turtle Creek-West Branch Susquehanna River"
"5857","TC0-SB-U","Creek Chub",147,41.5,1.61804809671209,2.16731733474818,2023-06-08,"020502061207 Turtle Creek-West Branch Susquehanna River"
"5858","TC0-SB-U","Creek Chub",90,8.2,0.913813852383717,1.95424250943932,2023-06-08,"020502061207 Turtle Creek-West Branch Susquehanna River"
"5859","TC0-SB-U","Creek Chub",93,7.6,0.880813592280791,1.96848294855394,2023-06-08,"020502061207 Turtle Creek-West Branch Susquehanna River"
"5860","TC0-SB-U","Creek Chub",88,7.1,0.851258348719075,1.94448267215017,2023-06-08,"020502061207 Turtle Creek-West Branch Susquehanna River"
"5861","TC0-SB-U","Creek Chub",89,9.8,0.991226075692495,1.94939000664491,2023-06-08,"020502061207 Turtle Creek-West Branch Susquehanna River"
"5862","TC0-SB-U","Fallfish",120,14.7,1.16731733474818,2.07918124604762,2023-06-08,"020502061207 Turtle Creek-West Branch Susquehanna River"
"5863","TC0-SB-U","Fallfish",81,4.7,0.672097857935718,1.90848501887865,2023-06-08,"020502061207 Turtle Creek-West Branch Susquehanna River"
"5864","TC0-SB-U","Fallfish",86,5.5,0.740362689494244,1.93449845124357,2023-06-08,"020502061207 Turtle Creek-West Branch Susquehanna River"
"5865","TC0-SB-U","Fallfish",97,7.6,0.880813592280791,1.98677173426624,2023-06-08,"020502061207 Turtle Creek-West Branch Susquehanna River"
"5866","TC0-SB-U","Fallfish",76,3.9,0.591064607026499,1.88081359228079,2023-06-08,"020502061207 Turtle Creek-West Branch Susquehanna River"
"5867","TC0-SB-U","Fallfish",83,5.7,0.755874855672491,1.91907809237607,2023-06-08,"020502061207 Turtle Creek-West Branch Susquehanna River"
"5868","TC0-SB-U","Fallfish",74,3.5,0.544068044350276,1.86923171973098,2023-06-08,"020502061207 Turtle Creek-West Branch Susquehanna River"
"5869","TC0-SB-U","Fallfish",76,3.8,0.57978359661681,1.88081359228079,2023-06-08,"020502061207 Turtle Creek-West Branch Susquehanna River"
"5870","TC0-SB-U","Fallfish",177,45,1.65321251377534,2.24797326636181,2023-06-08,"020502061207 Turtle Creek-West Branch Susquehanna River"
"5871","TC0-SB-U","Fallfish",87,5.4,0.732393759822969,1.93951925261862,2023-06-08,"020502061207 Turtle Creek-West Branch Susquehanna River"
"5872","TC0-SB-U","Fallfish",81,4.8,0.681241237375587,1.90848501887865,2023-06-08,"020502061207 Turtle Creek-West Branch Susquehanna River"
"5873","TC0-SB-U","Fallfish",127,17,1.23044892137827,2.10380372095596,2023-06-08,"020502061207 Turtle Creek-West Branch Susquehanna River"
"5874","TC0-SB-U","Fallfish",84,5.5,0.740362689494244,1.92427928606188,2023-06-08,"020502061207 Turtle Creek-West Branch Susquehanna River"
"5875","TC0-SB-U","Fallfish",73,3.4,0.531478917042255,1.86332286012046,2023-06-08,"020502061207 Turtle Creek-West Branch Susquehanna River"
"5876","TC0-SB-U","Fallfish",83,4.5,0.653212513775344,1.91907809237607,2023-06-08,"020502061207 Turtle Creek-West Branch Susquehanna River"
"5877","TC0-SB-U","Fallfish",75,3.2,0.505149978319906,1.8750612633917,2023-06-08,"020502061207 Turtle Creek-West Branch Susquehanna River"
"5878","TC0-SB-U","Fallfish",80,5,0.698970004336019,1.90308998699194,2023-06-08,"020502061207 Turtle Creek-West Branch Susquehanna River"
"5879","TC0-SB-U","Fallfish",88,5.8,0.763427993562937,1.94448267215017,2023-06-08,"020502061207 Turtle Creek-West Branch Susquehanna River"
"5880","TC0-SB-U","Fallfish",81,4.6,0.662757831681574,1.90848501887865,2023-06-08,"020502061207 Turtle Creek-West Branch Susquehanna River"
"5881","TC0-SB-U","Fallfish",127,18.8,1.27415784926368,2.10380372095596,2023-06-08,"020502061207 Turtle Creek-West Branch Susquehanna River"
"5882","TC0-SB-U","Fallfish",87,5.8,0.763427993562937,1.93951925261862,2023-06-08,"020502061207 Turtle Creek-West Branch Susquehanna River"
"5883","TC0-SB-U","Fallfish",83,5.8,0.763427993562937,1.91907809237607,2023-06-08,"020502061207 Turtle Creek-West Branch Susquehanna River"
"5884","TC0-SB-U","Fallfish",88,6.4,0.806179973983887,1.94448267215017,2023-06-08,"020502061207 Turtle Creek-West Branch Susquehanna River"
"5885","TC0-SB-U","Common Shiner",94,9.5,0.977723605288848,1.9731278535997,2023-06-08,"020502061207 Turtle Creek-West Branch Susquehanna River"
"5886","TC0-SB-U","Common Shiner",60,1.6,0.204119982655925,1.77815125038364,2023-06-08,"020502061207 Turtle Creek-West Branch Susquehanna River"
"5887","TC0-SB-U","Fallfish",91,7.1,0.851258348719075,1.95904139232109,2023-06-08,"020502061207 Turtle Creek-West Branch Susquehanna River"
"5888","TC0-SB-U","Fallfish",77,3.9,0.591064607026499,1.88649072517248,2023-06-08,"020502061207 Turtle Creek-West Branch Susquehanna River"
"5889","TC0-SB-U","Fallfish",70,3.9,0.591064607026499,1.84509804001426,2023-06-08,"020502061207 Turtle Creek-West Branch Susquehanna River"
"5890","TC0-SB-U","Fallfish",85,5.5,0.740362689494244,1.92941892571429,2023-06-08,"020502061207 Turtle Creek-West Branch Susquehanna River"
"5891","TC0-SB-U","Fallfish",85,5.5,0.740362689494244,1.92941892571429,2023-06-08,"020502061207 Turtle Creek-West Branch Susquehanna River"
"5892","TC0-SB-U","Cutlip Minnow",70,3.7,0.568201724066995,1.84509804001426,2023-06-08,"020502061207 Turtle Creek-West Branch Susquehanna River"
"5893","TC0-SB-U","Cutlip Minnow",62,2.9,0.462397997898956,1.79239168949825,2023-06-08,"020502061207 Turtle Creek-West Branch Susquehanna River"
"5894","TC0-SB-U","Cutlip Minnow",105,13.7,1.13672056715641,2.02118929906994,2023-06-08,"020502061207 Turtle Creek-West Branch Susquehanna River"
"5895","TC0-SB-U","Cutlip Minnow",44,1,0,1.64345267648619,2023-06-08,"020502061207 Turtle Creek-West Branch Susquehanna River"
"5896","TC0-SB-U","Cutlip Minnow",64,2.7,0.431363764158987,1.80617997398389,2023-06-08,"020502061207 Turtle Creek-West Branch Susquehanna River"
"5897","TC0-SB-U","Cutlip Minnow",82,6.4,0.806179973983887,1.91381385238372,2023-06-08,"020502061207 Turtle Creek-West Branch Susquehanna River"
"5898","TC0-SB-U","Cutlip Minnow",45,0.9,-0.0457574905606751,1.65321251377534,2023-06-08,"020502061207 Turtle Creek-West Branch Susquehanna River"
"5899","TC0-SB-U","Cutlip Minnow",48,1.1,0.0413926851582251,1.68124123737559,2023-06-08,"020502061207 Turtle Creek-West Branch Susquehanna River"
"5900","TC0-SB-U","Cutlip Minnow",44,0.8,-0.0969100130080564,1.64345267648619,2023-06-08,"020502061207 Turtle Creek-West Branch Susquehanna River"
"5901","TC0-SB-U","Cutlip Minnow",44,0.8,-0.0969100130080564,1.64345267648619,2023-06-08,"020502061207 Turtle Creek-West Branch Susquehanna River"
"5902","TC0-SB-U","Cutlip Minnow",73,4,0.602059991327962,1.86332286012046,2023-06-08,"020502061207 Turtle Creek-West Branch Susquehanna River"
"5903","TC0-SB-U","Cutlip Minnow",51,1.4,0.146128035678238,1.70757017609794,2023-06-08,"020502061207 Turtle Creek-West Branch Susquehanna River"
"5904","TC0-SB-U","Cutlip Minnow",63,2.6,0.414973347970818,1.79934054945358,2023-06-08,"020502061207 Turtle Creek-West Branch Susquehanna River"
"5905","TC0-SB-U","Cutlip Minnow",86,7.4,0.869231719730976,1.93449845124357,2023-06-08,"020502061207 Turtle Creek-West Branch Susquehanna River"
"5906","TC0-SB-U","Cutlip Minnow",50,1.3,0.113943352306837,1.69897000433602,2023-06-08,"020502061207 Turtle Creek-West Branch Susquehanna River"
"5907","TC0-SB-U","Cutlip Minnow",46,1,0,1.66275783168157,2023-06-08,"020502061207 Turtle Creek-West Branch Susquehanna River"
"5908","TC0-SB-U","Cutlip Minnow",81,5.9,0.770852011642144,1.90848501887865,2023-06-08,"020502061207 Turtle Creek-West Branch Susquehanna River"
"5909","TC0-SB-U","Cutlip Minnow",63,2.8,0.447158031342219,1.79934054945358,2023-06-08,"020502061207 Turtle Creek-West Branch Susquehanna River"
"5910","TC0-SB-U","Cutlip Minnow",101,12.6,1.10037054511756,2.00432137378264,2023-06-08,"020502061207 Turtle Creek-West Branch Susquehanna River"
"5911","TC0-SB-U","Cutlip Minnow",70,3.2,0.505149978319906,1.84509804001426,2023-06-08,"020502061207 Turtle Creek-West Branch Susquehanna River"
"5912","TC0-SB-U","Cutlip Minnow",59,2,0.301029995663981,1.77085201164214,2023-06-08,"020502061207 Turtle Creek-West Branch Susquehanna River"
"5913","TC0-SB-U","Cutlip Minnow",39,0.6,-0.221848749616356,1.5910646070265,2023-06-08,"020502061207 Turtle Creek-West Branch Susquehanna River"
"5914","TC0-SB-U","Cutlip Minnow",66,3,0.477121254719662,1.81954393554187,2023-06-08,"020502061207 Turtle Creek-West Branch Susquehanna River"
"5915","TC0-SB-U","Cutlip Minnow",49,1.1,0.0413926851582251,1.69019608002851,2023-06-08,"020502061207 Turtle Creek-West Branch Susquehanna River"
"5916","TC0-SB-U","Cutlip Minnow",71,4.1,0.612783856719735,1.85125834871908,2023-06-08,"020502061207 Turtle Creek-West Branch Susquehanna River"
"5917","TC0-SB-U","Cutlip Minnow",75,4.9,0.690196080028514,1.8750612633917,2023-06-08,"020502061207 Turtle Creek-West Branch Susquehanna River"
"5918","TC0-SB-U","Cutlip Minnow",42,0.7,-0.154901959985743,1.6232492903979,2023-06-08,"020502061207 Turtle Creek-West Branch Susquehanna River"
"5919","TC0-SB-U","Cutlip Minnow",73,4.8,0.681241237375587,1.86332286012046,2023-06-08,"020502061207 Turtle Creek-West Branch Susquehanna River"
"5920","TC0-SB-U","Cutlip Minnow",65,3.1,0.491361693834273,1.81291335664286,2023-06-08,"020502061207 Turtle Creek-West Branch Susquehanna River"
"5921","TC0-SB-U","Cutlip Minnow",46,0.9,-0.0457574905606751,1.66275783168157,2023-06-08,"020502061207 Turtle Creek-West Branch Susquehanna River"
"5922","TC0-SB-U","Tessellated Darter",60,2.2,0.342422680822206,1.77815125038364,2023-06-08,"020502061207 Turtle Creek-West Branch Susquehanna River"
"5923","TC0-SB-U","Tessellated Darter",61,2.2,0.342422680822206,1.78532983501077,2023-06-08,"020502061207 Turtle Creek-West Branch Susquehanna River"
"5924","TC0-SB-U","Tessellated Darter",57,1.9,0.278753600952829,1.75587485567249,2023-06-08,"020502061207 Turtle Creek-West Branch Susquehanna River"
"5925","TC0-SB-U","Fallfish",86,5.4,0.732393759822969,1.93449845124357,2023-06-08,"020502061207 Turtle Creek-West Branch Susquehanna River"
"5926","TC0-SB-U","Fallfish",83,5,0.698970004336019,1.91907809237607,2023-06-08,"020502061207 Turtle Creek-West Branch Susquehanna River"
"5927","TC0-SB-U","Tessellated Darter",62,2.4,0.380211241711606,1.79239168949825,2023-06-08,"020502061207 Turtle Creek-West Branch Susquehanna River"
"5928","TC0-SB-U","Tessellated Darter",54,1.4,0.146128035678238,1.73239375982297,2023-06-08,"020502061207 Turtle Creek-West Branch Susquehanna River"
"5929","TC0-SB-U","Tessellated Darter",63,2.5,0.397940008672038,1.79934054945358,2023-06-08,"020502061207 Turtle Creek-West Branch Susquehanna River"
"5930","TC0-SB-U","Tessellated Darter",50,1.2,0.0791812460476248,1.69897000433602,2023-06-08,"020502061207 Turtle Creek-West Branch Susquehanna River"
"5931","TC0-SB-U","Tessellated Darter",59,2.2,0.342422680822206,1.77085201164214,2023-06-08,"020502061207 Turtle Creek-West Branch Susquehanna River"
"5932","TC0-SB-U","Tessellated Darter",54,1.7,0.230448921378274,1.73239375982297,2023-06-08,"020502061207 Turtle Creek-West Branch Susquehanna River"
"5933","TC0-SB-U","Tessellated Darter",65,2.3,0.361727836017593,1.81291335664286,2023-06-08,"020502061207 Turtle Creek-West Branch Susquehanna River"
"5934","TC0-SB-U","Tessellated Darter",64,2.3,0.361727836017593,1.80617997398389,2023-06-08,"020502061207 Turtle Creek-West Branch Susquehanna River"
"5935","TC0-SB-U","Common Shiner",137,27.1,1.43296929087441,2.13672056715641,2023-06-08,"020502061207 Turtle Creek-West Branch Susquehanna River"
"5936","TC0-SB-U","Common Shiner",99,9.7,0.986771734266245,1.99563519459755,2023-06-08,"020502061207 Turtle Creek-West Branch Susquehanna River"
"5937","TC0-SB-U","Common Shiner",107,9.8,0.991226075692495,2.02938377768521,2023-06-08,"020502061207 Turtle Creek-West Branch Susquehanna River"
"5938","TC0-SB-U","Common Shiner",103,10.4,1.01703333929878,2.01283722470517,2023-06-08,"020502061207 Turtle Creek-West Branch Susquehanna River"
"5939","TC0-SB-U","Common Shiner",97,9.1,0.959041392321094,1.98677173426624,2023-06-08,"020502061207 Turtle Creek-West Branch Susquehanna River"
"5940","TC0-SB-U","Common Shiner",148,39.4,1.59549622182557,2.17026171539496,2023-06-08,"020502061207 Turtle Creek-West Branch Susquehanna River"
"5941","TC0-SB-U","Common Shiner",95,8.2,0.913813852383717,1.97772360528885,2023-06-08,"020502061207 Turtle Creek-West Branch Susquehanna River"
"5942","TC0-SB-U","Tessellated Darter",66,3,0.477121254719662,1.81954393554187,2023-06-08,"020502061207 Turtle Creek-West Branch Susquehanna River"
"5943","TC0-SB-U","Tessellated Darter",76,4,0.602059991327962,1.88081359228079,2023-06-08,"020502061207 Turtle Creek-West Branch Susquehanna River"
"5944","TC0-SB-U","Tessellated Darter",62,2.6,0.414973347970818,1.79239168949825,2023-06-08,"020502061207 Turtle Creek-West Branch Susquehanna River"
"5945","TC0-SB-U","Tessellated Darter",62,2.7,0.431363764158987,1.79239168949825,2023-06-08,"020502061207 Turtle Creek-West Branch Susquehanna River"
"5946","TC0-SB-U","Tessellated Darter",60,1.9,0.278753600952829,1.77815125038364,2023-06-08,"020502061207 Turtle Creek-West Branch Susquehanna River"
"5947","TC0-SB-U","Tessellated Darter",59,1.9,0.278753600952829,1.77085201164214,2023-06-08,"020502061207 Turtle Creek-West Branch Susquehanna River"
"5948","TC0-SB-U","Tessellated Darter",51,1.3,0.113943352306837,1.70757017609794,2023-06-08,"020502061207 Turtle Creek-West Branch Susquehanna River"
"5949","TC0-SB-U","Tessellated Darter",57,2,0.301029995663981,1.75587485567249,2023-06-08,"020502061207 Turtle Creek-West Branch Susquehanna River"
"5950","UNTEastHynerRM176.EastHyner","Sculpin spp.",60,2.6,0.414973347970818,1.77815125038364,2023-07-20,"020502030401 Hyner Run"
"5951","UNTEastHynerRM176.EastHyner","Sculpin spp.",80,5.5,0.740362689494244,1.90308998699194,2023-07-20,"020502030401 Hyner Run"
"5952","UNTEastHynerRM176.EastHyner","Sculpin spp.",60,2.3,0.361727836017593,1.77815125038364,2023-07-20,"020502030401 Hyner Run"
"5953","UNTEastHynerRM176.EastHyner","Sculpin spp.",57,1.9,0.278753600952829,1.75587485567249,2023-07-20,"020502030401 Hyner Run"
"5954","UNTEastHynerRM176.EastHyner","Sculpin spp.",95,10.1,1.00432137378264,1.97772360528885,2023-07-20,"020502030401 Hyner Run"
"5955","UNTEastHynerRM176.EastHyner","Sculpin spp.",76,5,0.698970004336019,1.88081359228079,2023-07-20,"020502030401 Hyner Run"
"5956","UNTEastHynerRM176.EastHyner","Sculpin spp.",77,5.3,0.724275869600789,1.88649072517248,2023-07-20,"020502030401 Hyner Run"
"5957","UNTEastHynerRM176.EastHyner","Sculpin spp.",60,2,0.301029995663981,1.77815125038364,2023-07-20,"020502030401 Hyner Run"
"5958","UNTEastHynerRM176.EastHyner","Sculpin spp.",61,2.5,0.397940008672038,1.78532983501077,2023-07-20,"020502030401 Hyner Run"
"5959","UNTEastHynerRM176.EastHyner","Sculpin spp.",76,5,0.698970004336019,1.88081359228079,2023-07-20,"020502030401 Hyner Run"
"5960","UNTEastHynerRM176.EastHyner","Sculpin spp.",58,2.3,0.361727836017593,1.76342799356294,2023-07-20,"020502030401 Hyner Run"
"5961","UNTEastHynerRM176.EastHyner","Sculpin spp.",55,1.7,0.230448921378274,1.74036268949424,2023-07-20,"020502030401 Hyner Run"
"5962","UNTEastHynerRM176.EastHyner","Sculpin spp.",98,9.8,0.991226075692495,1.99122607569249,2023-07-20,"020502030401 Hyner Run"
"5963","UNTEastHynerRM176.EastHyner","Sculpin spp.",109,16.7,1.22271647114758,2.03742649794062,2023-07-20,"020502030401 Hyner Run"
"5964","UNTEastHynerRM176.EastHyner","Sculpin spp.",61,2.6,0.414973347970818,1.78532983501077,2023-07-20,"020502030401 Hyner Run"
"5965","UNTEastHynerRM176.EastHyner","Sculpin spp.",55,1.5,0.176091259055681,1.74036268949424,2023-07-20,"020502030401 Hyner Run"
"5966","UNTEastHynerRM176.EastHyner","Sculpin spp.",62,2.7,0.431363764158987,1.79239168949825,2023-07-20,"020502030401 Hyner Run"
"5967","UNTEastHynerRM176.EastHyner","Sculpin spp.",84,6.1,0.785329835010767,1.92427928606188,2023-07-20,"020502030401 Hyner Run"
"5968","UNTEastHynerRM176.EastHyner","Sculpin spp.",89,7.2,0.857332496431269,1.94939000664491,2023-07-20,"020502030401 Hyner Run"
"5969","UNTEastHynerRM176.EastHyner","Sculpin spp.",89,8,0.903089986991944,1.94939000664491,2023-07-20,"020502030401 Hyner Run"
"5970","UNTEastHynerRM176.EastHyner","Sculpin spp.",62,2.9,0.462397997898956,1.79239168949825,2023-07-20,"020502030401 Hyner Run"
"5971","UNTEastHynerRM176.EastHyner","Sculpin spp.",62,2.5,0.397940008672038,1.79239168949825,2023-07-20,"020502030401 Hyner Run"
"5972","UNTEastHynerRM176.EastHyner","Sculpin spp.",59,2.8,0.447158031342219,1.77085201164214,2023-07-20,"020502030401 Hyner Run"
"5973","UNTEastHynerRM176.EastHyner","Sculpin spp.",60,2.9,0.462397997898956,1.77815125038364,2023-07-20,"020502030401 Hyner Run"
"5974","UNTEastHynerRM176.EastHyner","Sculpin spp.",62,2.6,0.414973347970818,1.79239168949825,2023-07-20,"020502030401 Hyner Run"
"5975","UNTEastHynerRM176.EastHyner","Sculpin spp.",104,10.2,1.00860017176192,2.01703333929878,2023-07-20,"020502030401 Hyner Run"
"5976","UNTEastHynerRM176.EastHyner","Sculpin spp.",76,5.2,0.716003343634799,1.88081359228079,2023-07-20,"020502030401 Hyner Run"
"5977","UNTEastHynerRM176.EastHyner","Sculpin spp.",104,14,1.14612803567824,2.01703333929878,2023-07-20,"020502030401 Hyner Run"
"5978","UNTEastHynerRM176.EastHyner","Sculpin spp.",103,13.3,1.12385164096709,2.01283722470517,2023-07-20,"020502030401 Hyner Run"
"5979","UNTEastWallisRM261.EastWallis","Blacknose Dace",75,3.3,0.518513939877887,1.8750612633917,2023-06-28,"020502060506 Wallis Run"
"5980","UNTEastWallisRM261.EastWallis","Sculpin spp.",71,3.6,0.556302500767287,1.85125834871908,2023-06-28,"020502060506 Wallis Run"
"5981","UNTEastWallisRM261.EastWallis","Sculpin spp.",75,4,0.602059991327962,1.8750612633917,2023-06-28,"020502060506 Wallis Run"
"5982","UNTEastWallisRM261.EastWallis","Sculpin spp.",64,2.7,0.431363764158987,1.80617997398389,2023-06-28,"020502060506 Wallis Run"
"5983","UNTEastWallisRM261.EastWallis","Sculpin spp.",61,2.3,0.361727836017593,1.78532983501077,2023-06-28,"020502060506 Wallis Run"
"5984","UNTEastWallisRM261.EastWallis","Sculpin spp.",64,2.6,0.414973347970818,1.80617997398389,2023-06-28,"020502060506 Wallis Run"
"5985","UNTEastWallisRM261.EastWallis","Blacknose Dace",62,1.8,0.255272505103306,1.79239168949825,2023-06-28,"020502060506 Wallis Run"
"5986","UNTEastWallisRM261.EastWallis","Longnose Dace",86,5.4,0.732393759822969,1.93449845124357,2023-06-28,"020502060506 Wallis Run"
"5987","UNTEastWallisRM261.EastWallis","Blacknose Dace",71,3,0.477121254719662,1.85125834871908,2023-06-28,"020502060506 Wallis Run"
"5988","UNTEastWallisRM261.EastWallis","Sculpin spp.",64,2.7,0.431363764158987,1.80617997398389,2023-06-28,"020502060506 Wallis Run"
"5989","UNTEastWallisRM261.EastWallis","Sculpin spp.",57,1.7,0.230448921378274,1.75587485567249,2023-06-28,"020502060506 Wallis Run"
"5990","UNTEastWallisRM261.EastWallis","Sculpin spp.",65,2.7,0.431363764158987,1.81291335664286,2023-06-28,"020502060506 Wallis Run"
"5991","UNTEastWallisRM261.EastWallis","Blacknose Dace",56,1.7,0.230448921378274,1.7481880270062,2023-06-28,"020502060506 Wallis Run"
"5992","UNTEastWallisRM261.EastWallis","Sculpin spp.",60,2.4,0.380211241711606,1.77815125038364,2023-06-28,"020502060506 Wallis Run"
"5993","UNTEastWallisRM261.EastWallis","Sculpin spp.",52,1.5,0.176091259055681,1.7160033436348,2023-06-28,"020502060506 Wallis Run"
"5994","UNTEastWallisRM261.EastWallis","Blacknose Dace",68,2.8,0.447158031342219,1.83250891270624,2023-06-28,"020502060506 Wallis Run"
"5995","UNTEastWallisRM261.EastWallis","Sculpin spp.",55,1.8,0.255272505103306,1.74036268949424,2023-06-28,"020502060506 Wallis Run"
"5996","UNTEastWallisRM261.EastWallis","Longnose Dace",75,4.2,0.6232492903979,1.8750612633917,2023-06-28,"020502060506 Wallis Run"
"5997","UNTEastWallisRM261.EastWallis","Longnose Dace",81,4.8,0.681241237375587,1.90848501887865,2023-06-28,"020502060506 Wallis Run"
"5998","UNTEastWallisRM261.EastWallis","Sculpin spp.",88,8.1,0.90848501887865,1.94448267215017,2023-06-28,"020502060506 Wallis Run"
"5999","UNTEastWallisRM261.EastWallis","Sculpin spp.",79,4.9,0.690196080028514,1.89762709129044,2023-06-28,"020502060506 Wallis Run"
"6000","UNTEastWallisRM261.EastWallis","Sculpin spp.",58,2.1,0.322219294733919,1.76342799356294,2023-06-28,"020502060506 Wallis Run"
"6001","UNTEastWallisRM261.EastWallis","Blacknose Dace",53,1.3,0.113943352306837,1.72427586960079,2023-06-28,"020502060506 Wallis Run"
"6002","UNTEastWallisRM261.EastWallis","Sculpin spp.",73,4.8,0.681241237375587,1.86332286012046,2023-06-28,"020502060506 Wallis Run"
"6003","UNTEastWallisRM261.EastWallis","Sculpin spp.",52,1.4,0.146128035678238,1.7160033436348,2023-06-28,"020502060506 Wallis Run"
"6004","UNTEastWallisRM261.EastWallis","Blacknose Dace",56,1.5,0.176091259055681,1.7481880270062,2023-06-28,"020502060506 Wallis Run"
"6005","UNTEastWallisRM261.EastWallis","Blacknose Dace",60,3.1,0.491361693834273,1.77815125038364,2023-06-28,"020502060506 Wallis Run"
"6006","UNTEastWallisRM261.EastWallis","Blacknose Dace",56,1.5,0.176091259055681,1.7481880270062,2023-06-28,"020502060506 Wallis Run"
"6007","UNTEastWallisRM261.EastWallis","Sculpin spp.",76,4.8,0.681241237375587,1.88081359228079,2023-06-28,"020502060506 Wallis Run"
"6008","UNTEastWallisRM261.EastWallis","Sculpin spp.",72,3.8,0.57978359661681,1.85733249643127,2023-06-28,"020502060506 Wallis Run"
"6009","UNTEastWallisRM261.EastWallis","Sculpin spp.",64,2.7,0.431363764158987,1.80617997398389,2023-06-28,"020502060506 Wallis Run"
"6010","UNTEastWallisRM261.EastWallis","Blacknose Dace",59,1.8,0.255272505103306,1.77085201164214,2023-06-28,"020502060506 Wallis Run"
"6011","UNTEastWallisRM261.EastWallis","Longnose Dace",84,4.8,0.681241237375587,1.92427928606188,2023-06-28,"020502060506 Wallis Run"
"6012","UNTEastWallisRM261.EastWallis","Longnose Dace",84,6.2,0.792391689498254,1.92427928606188,2023-06-28,"020502060506 Wallis Run"
"6013","UNTEastWallisRM261.EastWallis","Longnose Dace",87,5,0.698970004336019,1.93951925261862,2023-06-28,"020502060506 Wallis Run"
"6014","UNTEastWallisRM261.EastWallis","Blacknose Dace",70,2.9,0.462397997898956,1.84509804001426,2023-06-28,"020502060506 Wallis Run"
"6015","UNTEastWallisRM261.EastWallis","Blacknose Dace",56,1.6,0.204119982655925,1.7481880270062,2023-06-28,"020502060506 Wallis Run"
"6016","UNTEastWallisRM261.EastWallis","Blacknose Dace",52,1.7,0.230448921378274,1.7160033436348,2023-06-28,"020502060506 Wallis Run"
"6017","UNTEastWallisRM261.EastWallis","Blacknose Dace",57,1.6,0.204119982655925,1.75587485567249,2023-06-28,"020502060506 Wallis Run"
"6018","UNTEastWallisRM261.EastWallis","Blacknose Dace",74,2.9,0.462397997898956,1.86923171973098,2023-06-28,"020502060506 Wallis Run"
"6019","UNTEastWallisRM261.EastWallis","Blacknose Dace",63,2.6,0.414973347970818,1.79934054945358,2023-06-28,"020502060506 Wallis Run"
"6020","UNTEastWallisRM261.EastWallis","Blacknose Dace",56,1.6,0.204119982655925,1.7481880270062,2023-06-28,"020502060506 Wallis Run"
"6021","UNTEastWallisRM261.EastWallis","Blacknose Dace",45,0.8,-0.0969100130080564,1.65321251377534,2023-06-28,"020502060506 Wallis Run"
"6022","UNTEastWallisRM261.EastWallis","Blacknose Dace",45,0.9,-0.0457574905606751,1.65321251377534,2023-06-28,"020502060506 Wallis Run"
"6023","UNTEastWallisRM261.EastWallis","Sculpin spp.",64,4,0.602059991327962,1.80617997398389,2023-06-28,"020502060506 Wallis Run"
"6024","UNTEastWallisRM261.EastWallis","Blacknose Dace",68,2.7,0.431363764158987,1.83250891270624,2023-06-28,"020502060506 Wallis Run"
"6025","UNTEastWallisRM261.EastWallis","Sculpin spp.",75,4.6,0.662757831681574,1.8750612633917,2023-06-28,"020502060506 Wallis Run"
"6026","UNTEastWallisRM261.EastWallis","Blacknose Dace",50,1.3,0.113943352306837,1.69897000433602,2023-06-28,"020502060506 Wallis Run"
"6027","UNTEastWallisRM261.EastWallis","Blacknose Dace",40,0.4,-0.397940008672038,1.60205999132796,2023-06-28,"020502060506 Wallis Run"
"6028","UNTEastWallisRM261.EastWallis","Sculpin spp.",81,5.5,0.740362689494244,1.90848501887865,2023-06-28,"020502060506 Wallis Run"
"6029","UNTEastWallisRM261.EastWallis","Blacknose Dace",66,2.4,0.380211241711606,1.81954393554187,2023-06-28,"020502060506 Wallis Run"
"6030","UNTEastWallisRM261.EastWallis","Sculpin spp.",68,3.2,0.505149978319906,1.83250891270624,2023-06-28,"020502060506 Wallis Run"
"6031","UNTEastWallisRM261.EastWallis","Blacknose Dace",60,2.1,0.322219294733919,1.77815125038364,2023-06-28,"020502060506 Wallis Run"
"6032","UNTEastWallisRM261.EastWallis","Blacknose Dace",45,0.8,-0.0969100130080564,1.65321251377534,2023-06-28,"020502060506 Wallis Run"
"6033","UNTEastWallisRM261.EastWallis","Blacknose Dace",66,2.3,0.361727836017593,1.81954393554187,2023-06-28,"020502060506 Wallis Run"
"6034","UNTEastWallisRM261.EastWallis","Blacknose Dace",74,3.5,0.544068044350276,1.86923171973098,2023-06-28,"020502060506 Wallis Run"
"6035","UNTEastWallisRM261.EastWallis","Blacknose Dace",50,1.2,0.0791812460476248,1.69897000433602,2023-06-28,"020502060506 Wallis Run"
"6036","UNTEastWallisRM261.EastWallis","Sculpin spp.",75,4.5,0.653212513775344,1.8750612633917,2023-06-28,"020502060506 Wallis Run"
"6037","UNTEastWallisRM261.EastWallis","Sculpin spp.",85,5.1,0.707570176097936,1.92941892571429,2023-06-28,"020502060506 Wallis Run"
"6038","UNTEastWallisRM261.EastWallis","Sculpin spp.",80,5.4,0.732393759822969,1.90308998699194,2023-06-28,"020502060506 Wallis Run"
"6039","UNTEastWallisRM261.EastWallis","Sculpin spp.",82,6.1,0.785329835010767,1.91381385238372,2023-06-28,"020502060506 Wallis Run"
"6040","UNTEastWallisRM261.EastWallis","Blacknose Dace",66,2.7,0.431363764158987,1.81954393554187,2023-06-28,"020502060506 Wallis Run"
"6041","UNTEastWallisRM261.EastWallis","Sculpin spp.",82,6.2,0.792391689498254,1.91381385238372,2023-06-28,"020502060506 Wallis Run"
"6042","UNTEastWallisRM261.EastWallis","Blacknose Dace",51,1.2,0.0791812460476248,1.70757017609794,2023-06-28,"020502060506 Wallis Run"
"6043","UNTEastWallisRM261.EastWallis","Sculpin spp.",68,3.2,0.505149978319906,1.83250891270624,2023-06-28,"020502060506 Wallis Run"
"6044","UNTEastWallisRM261.EastWallis","Sculpin spp.",70,3.6,0.556302500767287,1.84509804001426,2023-06-28,"020502060506 Wallis Run"
"6045","UNTGlassRM242.Glass","Creek Chub",167,45.72,1.66010622172324,2.22271647114758,2025-06-25,"020502060302 Glass Creek-Loyalsock Creek"
"6046","UNTGlassRM242.Glass","Blacknose Dace",60,1.86,0.269512944217916,1.77815125038364,2025-06-25,"020502060302 Glass Creek-Loyalsock Creek"
"6047","UNTGlassRM242.Glass","Blacknose Dace",62,2.14,0.330413773349191,1.79239168949825,2025-06-25,"020502060302 Glass Creek-Loyalsock Creek"
"6048","UNTGlassRM242.Glass","Blacknose Dace",63,2.15,0.332438459915605,1.79934054945358,2025-06-25,"020502060302 Glass Creek-Loyalsock Creek"
"6049","UNTGlassRM242.Glass","Blacknose Dace",53,1.22,0.0863598306747482,1.72427586960079,2025-06-25,"020502060302 Glass Creek-Loyalsock Creek"
"6050","UNTGlassRM242.Glass","Blacknose Dace",59,1.87,0.271841606536499,1.77085201164214,2025-06-25,"020502060302 Glass Creek-Loyalsock Creek"
"6051","UNTGlassRM242.Glass","Creek Chub",62,2.06,0.313867220369153,1.79239168949825,2025-06-25,"020502060302 Glass Creek-Loyalsock Creek"
"6052","UNTGlassRM242.Glass","Blacknose Dace",66,2.49,0.396199347095736,1.81954393554187,2025-06-25,"020502060302 Glass Creek-Loyalsock Creek"
"6053","UNTGlassRM242.Glass","Creek Chub",82,5.63,0.750508394851346,1.91381385238372,2025-06-25,"020502060302 Glass Creek-Loyalsock Creek"
"6054","UNTGlassRM242.Glass","Creek Chub",65,2.5,0.397940008672038,1.81291335664286,2025-06-25,"020502060302 Glass Creek-Loyalsock Creek"
"6055","UNTGlassRM242.Glass","Blacknose Dace",55,1.57,0.195899652409234,1.74036268949424,2025-06-25,"020502060302 Glass Creek-Loyalsock Creek"
"6056","UNTGlassRM242.Glass","Blacknose Dace",64,2.33,0.367355921026019,1.80617997398389,2025-06-25,"020502060302 Glass Creek-Loyalsock Creek"
"6057","UNTGlassRM242.Glass","Blacknose Dace",62,2.16,0.334453751150931,1.79239168949825,2025-06-25,"020502060302 Glass Creek-Loyalsock Creek"
"6058","UNTGlassRM242.Glass","Blacknose Dace",33,0.45,-0.346787486224656,1.51851393987789,2025-06-25,"020502060302 Glass Creek-Loyalsock Creek"
"6059","UNTGlassRM242.Glass","Blacknose Dace",60,1.95,0.290034611362518,1.77815125038364,2025-06-25,"020502060302 Glass Creek-Loyalsock Creek"
"6060","UNTGlassRM242.Glass","Blacknose Dace",61,2.07,0.315970345456918,1.78532983501077,2025-06-25,"020502060302 Glass Creek-Loyalsock Creek"
"6061","UNTGlassRM242.Glass","Blacknose Dace",60,2.13,0.328379603438738,1.77815125038364,2025-06-25,"020502060302 Glass Creek-Loyalsock Creek"
"6062","UNTGlassRM242.Glass","Blacknose Dace",65,2.28,0.357934847000454,1.81291335664286,2025-06-25,"020502060302 Glass Creek-Loyalsock Creek"
"6063","UNTHopperHouseRM090.HopperHouse","Sculpin spp.",82,6.32,0.800717078282385,1.91381385238372,2024-07-12,"020502050102 Wetmore Run-West Branch Pine Creek"
"6064","UNTHopperHouseRM090.HopperHouse","Creek Chub",91,9.54,0.979548374704095,1.95904139232109,2024-07-12,"020502050102 Wetmore Run-West Branch Pine Creek"
"6065","UNTJohnsonRM335.Johnson","Sculpin spp.",74,4.76,0.677606952720493,1.86923171973098,2024-07-19,"020502050204 Johnson Brook-Pine Creek"
"6066","UNTJohnsonRM335.Johnson","Sculpin spp.",75,4.69,0.671172842715083,1.8750612633917,2024-07-19,"020502050204 Johnson Brook-Pine Creek"
"6067","UNTJohnsonRM335.Johnson","Sculpin spp.",64,2.95,0.469822015978163,1.80617997398389,2024-07-19,"020502050204 Johnson Brook-Pine Creek"
"6068","UNTJohnsonRM335.Johnson","Sculpin spp.",73,4.95,0.694605198933569,1.86332286012046,2024-07-19,"020502050204 Johnson Brook-Pine Creek"
"6069","UNTMeekerRM281.Meeker","Sculpin spp.",81,5.3,0.724275869600789,1.90848501887865,2024-07-10,"020502050204 Johnson Brook-Pine Creek"
"6070","UNTMeekerRM281.Meeker","Sculpin spp.",80,6.84,0.835056101720116,1.90308998699194,2024-07-10,"020502050204 Johnson Brook-Pine Creek"
"6071","UNTMeekerRM281.Meeker","Sculpin spp.",76,6.22,0.793790384690819,1.88081359228079,2024-07-10,"020502050204 Johnson Brook-Pine Creek"
"6072","UNTMeekerRM295.Meeker","Sculpin spp.",91,9.31,0.968949680981343,1.95904139232109,2024-07-10,"020502050204 Johnson Brook-Pine Creek"
"6073","UNTMeekerRM295.Meeker","Sculpin spp.",75,6.12,0.786751422145561,1.8750612633917,2024-07-10,"020502050204 Johnson Brook-Pine Creek"
"6074","UNTMeekerRM295.Meeker","Sculpin spp.",84,6.38,0.804820678721162,1.92427928606188,2024-07-10,"020502050204 Johnson Brook-Pine Creek"
"6075","UNTMeekerRM295.Meeker","Sculpin spp.",87,5.36,0.72916478969277,1.93951925261862,2024-07-10,"020502050204 Johnson Brook-Pine Creek"
"6076","UNTMeekerRM295.Meeker","Sculpin spp.",71,4.17,0.620136054973757,1.85125834871908,2024-07-10,"020502050204 Johnson Brook-Pine Creek"
"6077","UNTMeekerRM295.Meeker","Sculpin spp.",83,7.18,0.8561244442423,1.91907809237607,2024-07-10,"020502050204 Johnson Brook-Pine Creek"
"6078","UNTMeekerRM295.Meeker","Sculpin spp.",66,3.57,0.552668216112193,1.81954393554187,2024-07-10,"020502050204 Johnson Brook-Pine Creek"
"6079","UNTMeekerRM295.Meeker","Sculpin spp.",72,4.85,0.685741738602264,1.85733249643127,2024-07-10,"020502050204 Johnson Brook-Pine Creek"
"6080","UNTMeekerRM295.Meeker","Sculpin spp.",65,2.84,0.453318340047038,1.81291335664286,2024-07-10,"020502050204 Johnson Brook-Pine Creek"
"6081","UNTMeekerRM295.Meeker","Sculpin spp.",87,10.17,1.00732095292274,1.93951925261862,2024-07-10,"020502050204 Johnson Brook-Pine Creek"
"6082","UNTMeekerRM295.Meeker","Sculpin spp.",81,6.47,0.8109042806687,1.90848501887865,2024-07-10,"020502050204 Johnson Brook-Pine Creek"
"6083","UNTMeekerRM295.Meeker","Sculpin spp.",72,5.02,0.700703717145019,1.85733249643127,2024-07-10,"020502050204 Johnson Brook-Pine Creek"
"6084","UNTMeekerRM295.Meeker","Sculpin spp.",88,8.95,0.951823035315912,1.94448267215017,2024-07-10,"020502050204 Johnson Brook-Pine Creek"
"6085","UNTMeekerRM295.Meeker","Sculpin spp.",79,6.03,0.780317312140151,1.89762709129044,2024-07-10,"020502050204 Johnson Brook-Pine Creek"
"6086","UNTMeekerRM295.Meeker","Sculpin spp.",69,4.28,0.631443769013172,1.83884909073726,2024-07-10,"020502050204 Johnson Brook-Pine Creek"
"6087","UNTMeekerRM295.Meeker","Sculpin spp.",80,6.29,0.798650645445269,1.90308998699194,2024-07-10,"020502050204 Johnson Brook-Pine Creek"
"6088","UNTMeekerRM295.Meeker","Sculpin spp.",61,3.53,0.547774705387823,1.78532983501077,2024-07-10,"020502050204 Johnson Brook-Pine Creek"
"6089","UNTMeekerRM295.Meeker","Sculpin spp.",59,2.2,0.342422680822206,1.77085201164214,2024-07-10,"020502050204 Johnson Brook-Pine Creek"
"6090","UNTMeekerRM295.Meeker","Sculpin spp.",96,10.55,1.02325245963371,1.98227123303957,2024-07-10,"020502050204 Johnson Brook-Pine Creek"
"6091","UNTMeekerRM295.Meeker","Sculpin spp.",68,3.17,0.501059262217751,1.83250891270624,2024-07-10,"020502050204 Johnson Brook-Pine Creek"
"6092","UNTRattlesnakeRM471.Rattlesnake","Sculpin spp.",96,10.74,1.03100428136354,1.98227123303957,2025-07-16,"020502030402 Rattlesnake Run-West Branch Susquehanna River"
"6093","UNTRattlesnakeRM471.Rattlesnake","Sculpin spp.",16,0.04,-1.39794000867204,1.20411998265592,2025-07-16,"020502030402 Rattlesnake Run-West Branch Susquehanna River"
"6094","UNTRattlesnakeRM471.Rattlesnake","Sculpin spp.",19,0.05,-1.30102999566398,1.27875360095283,2025-07-16,"020502030402 Rattlesnake Run-West Branch Susquehanna River"
"6095","UNTRM170.Hammersley","Sculpin spp.",61,2.29,0.359835482339888,1.78532983501077,2025-07-15,"020502030104 Hammersley Fork"
"6096","UNTRM170.Hammersley","Sculpin spp.",76,4.4,0.643452676486187,1.88081359228079,2025-07-15,"020502030104 Hammersley Fork"
"6097","UNTRM170.Hammersley","Sculpin spp.",63,3.05,0.484299839346786,1.79934054945358,2025-07-15,"020502030104 Hammersley Fork"
"6098","UNTRM170.Hammersley","Sculpin spp.",74,4.2,0.6232492903979,1.86923171973098,2025-07-15,"020502030104 Hammersley Fork"
"6099","UNTRM170.Hammersley","Sculpin spp.",73,4.59,0.661812685537261,1.86332286012046,2025-07-15,"020502030104 Hammersley Fork"
"6100","UNTTroutRM530.Trout","Sculpin spp.",46,1,0,1.66275783168157,2023-07-12,"020502050605 Trout Run"
"6101","UNTTroutRM530.Trout","Sculpin spp.",47,1.1,0.0413926851582251,1.67209785793572,2023-07-12,"020502050605 Trout Run"
"6102","UNTTroutRM530.Trout","Sculpin spp.",48,1.1,0.0413926851582251,1.68124123737559,2023-07-12,"020502050605 Trout Run"
"6103","UNTTroutRM530.Trout","Sculpin spp.",55,1.7,0.230448921378274,1.74036268949424,2023-07-12,"020502050605 Trout Run"
"6104","UNTTroutRM530.Trout","Sculpin spp.",65,2.5,0.397940008672038,1.81291335664286,2023-07-12,"020502050605 Trout Run"
"6105","UNTTroutRM530.Trout","Sculpin spp.",45,1.1,0.0413926851582251,1.65321251377534,2023-07-12,"020502050605 Trout Run"
"6106","UNTTroutRM530.Trout","Sculpin spp.",84,8.5,0.929418925714293,1.92427928606188,2023-07-12,"020502050605 Trout Run"
"6107","UNTTroutRM530.Trout","Sculpin spp.",48,1.2,0.0791812460476248,1.68124123737559,2023-07-12,"020502050605 Trout Run"
"6108","UNTTroutRM530.Trout","Sculpin spp.",71,4.1,0.612783856719735,1.85125834871908,2023-07-12,"020502050605 Trout Run"
"6109","UNTTroutRM530.Trout","Sculpin spp.",48,1.1,0.0413926851582251,1.68124123737559,2023-07-12,"020502050605 Trout Run"
"6110","UNTTroutRM530.Trout","Sculpin spp.",85,7.6,0.880813592280791,1.92941892571429,2023-07-12,"020502050605 Trout Run"
"6111","UNTTroutRM530.Trout","Sculpin spp.",42,0.8,-0.0969100130080564,1.6232492903979,2023-07-12,"020502050605 Trout Run"
"6112","UNTTroutRM530.Trout","Sculpin spp.",74,4.5,0.653212513775344,1.86923171973098,2023-07-12,"020502050605 Trout Run"
"6113","UNTTroutRM530.Trout","Sculpin spp.",45,0.9,-0.0457574905606751,1.65321251377534,2023-07-12,"020502050605 Trout Run"
"6114","UNTTroutRM530.Trout","Sculpin spp.",76,4.6,0.662757831681574,1.88081359228079,2023-07-12,"020502050605 Trout Run"
"6115","UNTTroutRM530.Trout","Sculpin spp.",46,0.8,-0.0969100130080564,1.66275783168157,2023-07-12,"020502050605 Trout Run"
"6116","UNTWattlesRM147.Wattles","Blacknose Dace",62,2.23,0.348304863048161,1.79239168949825,2024-07-17,"020502050207 Long Run"
"6117","UNTWattlesRM147.Wattles","Blacknose Dace",72,3.35,0.525044807036845,1.85733249643127,2024-07-17,"020502050207 Long Run"
"6118","UNTWattlesRM147.Wattles","Creek Chub",80,5.11,0.708420900134713,1.90308998699194,2024-07-17,"020502050207 Long Run"
"6119","UNTWattlesRM147.Wattles","Blacknose Dace",57,1.62,0.209515014542631,1.75587485567249,2024-07-17,"020502050207 Long Run"
"6120","UNTWattlesRM147.Wattles","Creek Chub",81,5.35,0.728353782021228,1.90848501887865,2024-07-17,"020502050207 Long Run"
"6121","UNTWattlesRM147.Wattles","Blacknose Dace",48,1.06,0.0253058652647703,1.68124123737559,2024-07-17,"020502050207 Long Run"
"6122","UNTWattlesRM147.Wattles","Creek Chub",84,5.74,0.758911892397974,1.92427928606188,2024-07-17,"020502050207 Long Run"
"6123","UNTWattlesRM147.Wattles","Blacknose Dace",47,0.89,-0.0506099933550872,1.67209785793572,2024-07-17,"020502050207 Long Run"
"6124","UNTWattlesRM147.Wattles","Blacknose Dace",29,0.23,-0.638272163982407,1.46239799789896,2024-07-17,"020502050207 Long Run"
"6125","UNTWattlesRM147.Wattles","Blacknose Dace",64,2.25,0.352182518111362,1.80617997398389,2024-07-17,"020502050207 Long Run"
"6126","UNTWattlesRM147.Wattles","Blacknose Dace",66,2.85,0.45484486000851,1.81954393554187,2024-07-17,"020502050207 Long Run"
"6127","UNTWattlesRM147.Wattles","Blacknose Dace",67,2.72,0.434568904034199,1.82607480270083,2024-07-17,"020502050207 Long Run"
"6128","UNTWattlesRM147.Wattles","Creek Chub",100,9.2,0.963787827345555,2,2024-07-17,"020502050207 Long Run"
"6129","UNTWattlesRM147.Wattles","Blacknose Dace",68,2.85,0.45484486000851,1.83250891270624,2024-07-17,"020502050207 Long Run"
"6130","UNTWattlesRM147.Wattles","Blacknose Dace",66,2.51,0.399673721481038,1.81954393554187,2024-07-17,"020502050207 Long Run"
"6131","UNTWestBigRM384.WestBig","Sculpin spp.",96,9.43,0.974511692737328,1.98227123303957,2025-07-16,"020502040204 Big Run"
"6132","UNTWestBigRM384.WestBig","Sculpin spp.",79,4.78,0.679427896612119,1.89762709129044,2025-07-16,"020502040204 Big Run"
"6133","UNTWestPineRM1435.WestPine","Sculpin spp.",74,4.18,0.621176281775035,1.86923171973098,2024-07-10,"020502050102 Wetmore Run-West Branch Pine Creek"
"6134","UNTWestPineRM1435.WestPine","Sculpin spp.",39,0.63,-0.200659450546418,1.5910646070265,2024-07-10,"020502050102 Wetmore Run-West Branch Pine Creek"
"6135","UNTWestPineRM1435.WestPine","Sculpin spp.",61,2.41,0.382017042574868,1.78532983501077,2024-07-10,"020502050102 Wetmore Run-West Branch Pine Creek"
"6136","UNTWestPineRM1435.WestPine","Sculpin spp.",54,1.48,0.170261715394957,1.73239375982297,2024-07-10,"020502050102 Wetmore Run-West Branch Pine Creek"
"6137","UNTWestPineRM1435.WestPine","Sculpin spp.",48,1.1,0.0413926851582251,1.68124123737559,2024-07-10,"020502050102 Wetmore Run-West Branch Pine Creek"
"6138","UNTWestPineRM1435.WestPine","Sculpin spp.",81,5.25,0.720159303405957,1.90848501887865,2024-07-10,"020502050102 Wetmore Run-West Branch Pine Creek"
"6139","UNTWestPineRM1435.WestPine","Sculpin spp.",63,2.63,0.419955748489758,1.79934054945358,2024-07-10,"020502050102 Wetmore Run-West Branch Pine Creek"
"6140","UNTWestPineRM1435.WestPine","Sculpin spp.",64,2.85,0.45484486000851,1.80617997398389,2024-07-10,"020502050102 Wetmore Run-West Branch Pine Creek"
"6141","UNTWestPineRM1435.WestPine","Sculpin spp.",63,2.83,0.45178643552429,1.79934054945358,2024-07-10,"020502050102 Wetmore Run-West Branch Pine Creek"
"6142","UNTWestPineRM1435.WestPine","Sculpin spp.",72,3.37,0.527629900871339,1.85733249643127,2024-07-10,"020502050102 Wetmore Run-West Branch Pine Creek"
"6143","UNTWestPineRM1435.WestPine","Sculpin spp.",65,2.94,0.468347330412157,1.81291335664286,2024-07-10,"020502050102 Wetmore Run-West Branch Pine Creek"
"6144","UNTWestPineRM1435.WestPine","Sculpin spp.",64,2.71,0.432969290874406,1.80617997398389,2024-07-10,"020502050102 Wetmore Run-West Branch Pine Creek"
"6145","Walters.Kettle","Longnose Dace",68,2.36,0.372912002970107,1.83250891270624,2024-07-08,"020502030106 Lower Kettle Creek"
"6146","Walters.Kettle","Longnose Dace",66,2.16,0.334453751150931,1.81954393554187,2024-07-08,"020502030106 Lower Kettle Creek"
"6147","Walters.Kettle","Sculpin spp.",58,2.15,0.332438459915605,1.76342799356294,2024-07-08,"020502030106 Lower Kettle Creek"
"6148","Walters.Kettle","Longnose Dace",69,2.82,0.450249108319361,1.83884909073726,2024-07-08,"020502030106 Lower Kettle Creek"
"6149","Walters.Kettle","Blacknose Dace",65,2.5,0.397940008672038,1.81291335664286,2024-07-08,"020502030106 Lower Kettle Creek"
"6150","Walters.Kettle","Blacknose Dace",74,3.1,0.491361693834273,1.86923171973098,2024-07-08,"020502030106 Lower Kettle Creek"
"6151","Walters.Kettle","Sculpin spp.",56,2.15,0.332438459915605,1.7481880270062,2024-07-08,"020502030106 Lower Kettle Creek"
"6152","Walters.Kettle","Blacknose Dace",72,2.93,0.46686762035411,1.85733249643127,2024-07-08,"020502030106 Lower Kettle Creek"
"6153","Walters.Kettle","Sculpin spp.",64,2.9,0.462397997898956,1.80617997398389,2024-07-08,"020502030106 Lower Kettle Creek"
"6154","Walters.Kettle","Sculpin spp.",52,1.53,0.184691430817599,1.7160033436348,2024-07-08,"020502030106 Lower Kettle Creek"
"6155","Walters.Kettle","Longnose Dace",76,3.58,0.553883026643874,1.88081359228079,2024-07-08,"020502030106 Lower Kettle Creek"
"6156","Walters.Kettle","Blacknose Dace",66,2.45,0.389166084364532,1.81954393554187,2024-07-08,"020502030106 Lower Kettle Creek"
"6157","Walters.Kettle","Blacknose Dace",43,1.27,0.103803720955957,1.63346845557959,2024-07-08,"020502030106 Lower Kettle Creek"
"6158","Walters.Kettle","Blacknose Dace",61,1.97,0.294466226161593,1.78532983501077,2024-07-08,"020502030106 Lower Kettle Creek"
"6159","Walters.Kettle","Sculpin spp.",66,3.26,0.513217600067939,1.81954393554187,2024-07-08,"020502030106 Lower Kettle Creek"
"6160","Walters.Kettle","Blacknose Dace",59,1.94,0.287801729930226,1.77085201164214,2024-07-08,"020502030106 Lower Kettle Creek"
"6161","Walters.Kettle","Blacknose Dace",65,2.32,0.3654879848909,1.81291335664286,2024-07-08,"020502030106 Lower Kettle Creek"
"6162","Walters.Kettle","Blacknose Dace",60,1.85,0.267171728403014,1.77815125038364,2024-07-08,"020502030106 Lower Kettle Creek"
"6163","Walters.Kettle","Blacknose Dace",28,0.2,-0.698970004336019,1.44715803134222,2024-07-08,"020502030106 Lower Kettle Creek"
"6164","Walters.Kettle","Blacknose Dace",69,3.13,0.495544337546448,1.83884909073726,2024-07-08,"020502030106 Lower Kettle Creek"
"6165","Walters.Kettle","Blacknose Dace",45,0.73,-0.136677139879544,1.65321251377534,2024-07-08,"020502030106 Lower Kettle Creek"
"6166","Walters.Kettle","Sculpin spp.",55,1.95,0.290034611362518,1.74036268949424,2024-07-08,"020502030106 Lower Kettle Creek"
"6167","Walters.Kettle","Longnose Dace",70,3.19,0.503790683057181,1.84509804001426,2024-07-08,"020502030106 Lower Kettle Creek"
"6168","Walters.Kettle","Blacknose Dace",56,1.33,0.123851640967086,1.7481880270062,2024-07-08,"020502030106 Lower Kettle Creek"
"6169","Walters.Kettle","Sculpin spp.",61,2.3,0.361727836017593,1.78532983501077,2024-07-08,"020502030106 Lower Kettle Creek"
"6170","Walters.Kettle","Sculpin spp.",56,1.98,0.296665190261531,1.7481880270062,2024-07-08,"020502030106 Lower Kettle Creek"
"6171","Walters.Kettle","Blacknose Dace",29,0.23,-0.638272163982407,1.46239799789896,2024-07-08,"020502030106 Lower Kettle Creek"
"6172","Walters.Kettle","Blacknose Dace",69,2.79,0.445604203273598,1.83884909073726,2024-07-08,"020502030106 Lower Kettle Creek"
"6173","Walters.Kettle","Blacknose Dace",53,1.27,0.103803720955957,1.72427586960079,2024-07-08,"020502030106 Lower Kettle Creek"
"6174","Walters.Kettle","Longnose Dace",101,9.27,0.967079734144497,2.00432137378264,2024-07-08,"020502030106 Lower Kettle Creek"
"6175","Walters.Kettle","Longnose Dace",82,4.27,0.630427875025024,1.91381385238372,2024-07-08,"020502030106 Lower Kettle Creek"
"6176","Walters.Kettle","Sculpin spp.",22,0.14,-0.853871964321762,1.34242268082221,2024-07-08,"020502030106 Lower Kettle Creek"
"6177","Walters.Kettle","Blacknose Dace",72,3.06,0.48572142648158,1.85733249643127,2024-07-08,"020502030106 Lower Kettle Creek"
"6178","Walters.Kettle","Blacknose Dace",47,0.84,-0.0757207139381184,1.67209785793572,2024-07-08,"020502030106 Lower Kettle Creek"
"6179","Walters.Kettle","Blacknose Dace",53,1.34,0.127104798364808,1.72427586960079,2024-07-08,"020502030106 Lower Kettle Creek"
"6180","Walters.Kettle","Blacknose Dace",53,1.27,0.103803720955957,1.72427586960079,2024-07-08,"020502030106 Lower Kettle Creek"
"6181","Walters.Kettle","Sculpin spp.",89,7.4,0.869231719730976,1.94939000664491,2024-07-08,"020502030106 Lower Kettle Creek"
"6182","Walters.Kettle","Blacknose Dace",50,1,0,1.69897000433602,2024-07-08,"020502030106 Lower Kettle Creek"
"6183","Walters.Kettle","Longnose Dace",78,4.33,0.636487896353365,1.89209460269048,2024-07-08,"020502030106 Lower Kettle Creek"
"6184","Walters.Kettle","Sculpin spp.",83,6.39,0.8055008581584,1.91907809237607,2024-07-08,"020502030106 Lower Kettle Creek"
"6185","Walters.Kettle","Longnose Dace",86,5.16,0.712649701627211,1.93449845124357,2024-07-08,"020502030106 Lower Kettle Creek"
"6186","Walters.Kettle","Longnose Dace",133,18.53,1.2678754193189,2.12385164096709,2024-07-08,"020502030106 Lower Kettle Creek"
"6187","Walters.Kettle","Longnose Dace",68,2.4,0.380211241711606,1.83250891270624,2024-07-08,"020502030106 Lower Kettle Creek"
"6188","Walters.Kettle","Longnose Dace",104,9.82,0.99211148778695,2.01703333929878,2024-07-08,"020502030106 Lower Kettle Creek"
"6189","Walters.Kettle","Longnose Dace",42,0.68,-0.167491087293764,1.6232492903979,2024-07-08,"020502030106 Lower Kettle Creek"
"6190","Walters.Kettle","Blacknose Dace",68,2.93,0.46686762035411,1.83250891270624,2024-07-08,"020502030106 Lower Kettle Creek"
"6191","Walters.Kettle","Blacknose Dace",59,1.66,0.220108088040055,1.77085201164214,2024-07-08,"020502030106 Lower Kettle Creek"
"6192","Walters.Kettle","Blacknose Dace",63,2.73,0.436162647040756,1.79934054945358,2024-07-08,"020502030106 Lower Kettle Creek"
"6193","Walters.Kettle","Sculpin spp.",58,1.97,0.294466226161593,1.76342799356294,2024-07-08,"020502030106 Lower Kettle Creek"
"6194","Walters.Kettle","Longnose Dace",67,2.65,0.423245873936808,1.82607480270083,2024-07-08,"020502030106 Lower Kettle Creek"
"6195","Walters.Kettle","Longnose Dace",73,3.31,0.519827993775719,1.86332286012046,2024-07-08,"020502030106 Lower Kettle Creek"
"6196","Walters.Kettle","Longnose Dace",66,2.51,0.399673721481038,1.81954393554187,2024-07-08,"020502030106 Lower Kettle Creek"
"6197","Walters.Kettle","Longnose Dace",86,4.98,0.697229342759718,1.93449845124357,2024-07-08,"020502030106 Lower Kettle Creek"
"6198","Walters.Kettle","Longnose Dace",71,3.17,0.501059262217751,1.85125834871908,2024-07-08,"020502030106 Lower Kettle Creek"
"6199","Walters.Kettle","Sculpin spp.",60,2.43,0.385606273598312,1.77815125038364,2024-07-08,"020502030106 Lower Kettle Creek"
"6200","Walters.Kettle","Sculpin spp.",67,3.32,0.521138083704036,1.82607480270083,2024-07-08,"020502030106 Lower Kettle Creek"
"6201","Walters.Kettle","Sculpin spp.",64,3.24,0.510545010206612,1.80617997398389,2024-07-08,"020502030106 Lower Kettle Creek"
"6202","Walters.Kettle","Blacknose Dace",57,1.55,0.190331698170291,1.75587485567249,2024-07-08,"020502030106 Lower Kettle Creek"
"6203","Walters.Kettle","Blacknose Dace",63,1.94,0.287801729930226,1.79934054945358,2024-07-08,"020502030106 Lower Kettle Creek"
"6204","Walters.Kettle","Longnose Dace",76,3.51,0.545307116465824,1.88081359228079,2024-07-08,"020502030106 Lower Kettle Creek"
"6205","Walters.Kettle","Longnose Dace",74,3.53,0.547774705387823,1.86923171973098,2024-07-08,"020502030106 Lower Kettle Creek"
"6206","Walters.Kettle","Longnose Dace",75,3.38,0.528916700277655,1.8750612633917,2024-07-08,"020502030106 Lower Kettle Creek"
"6207","Walters.Kettle","Longnose Dace",63,2.12,0.326335860928751,1.79934054945358,2024-07-08,"020502030106 Lower Kettle Creek"
"6208","Walters.Kettle","Blacknose Dace",67,2.46,0.390935107103379,1.82607480270083,2024-07-08,"020502030106 Lower Kettle Creek"
"6209","Walters.Kettle","Longnose Dace",78,3.64,0.561101383649056,1.89209460269048,2024-07-08,"020502030106 Lower Kettle Creek"
"6210","Walters.Kettle","Sculpin spp.",65,2.85,0.45484486000851,1.81291335664286,2024-07-08,"020502030106 Lower Kettle Creek"
"6211","Walters.Kettle","Sculpin spp.",90,7.24,0.859738566197147,1.95424250943932,2024-07-08,"020502030106 Lower Kettle Creek"
"6212","Walters.Kettle","Sculpin spp.",64,2.88,0.459392487759231,1.80617997398389,2024-07-08,"020502030106 Lower Kettle Creek"
"6213","Walters.Kettle","Sculpin spp.",58,2.05,0.311753861055754,1.76342799356294,2024-07-08,"020502030106 Lower Kettle Creek"
"6214","Walters.Kettle","Sculpin spp.",68,2.27,0.356025857193123,1.83250891270624,2024-07-08,"020502030106 Lower Kettle Creek"
"6215","Walters.Kettle","Sculpin spp.",68,3.59,0.555094448578319,1.83250891270624,2024-07-08,"020502030106 Lower Kettle Creek"
"6216","Walters.Kettle","Longnose Dace",93,6.6,0.819543935541869,1.96848294855394,2024-07-08,"020502030106 Lower Kettle Creek"
"6217","Walters.Kettle","Sculpin spp.",71,4.07,0.60959440922522,1.85125834871908,2024-07-08,"020502030106 Lower Kettle Creek"
"6218","Walters.Kettle","Sculpin spp.",66,3.4,0.531478917042255,1.81954393554187,2024-07-08,"020502030106 Lower Kettle Creek"
"6219","Walters.Kettle","Sculpin spp.",70,3.46,0.539076098792777,1.84509804001426,2024-07-08,"020502030106 Lower Kettle Creek"
"6220","Walters.Kettle","Blacknose Dace",54,2.22,0.346352974450639,1.73239375982297,2024-07-08,"020502030106 Lower Kettle Creek"
"6221","Walters.Kettle","Sculpin spp.",55,1.75,0.243038048686294,1.74036268949424,2024-07-08,"020502030106 Lower Kettle Creek"
"6222","Walters.Kettle","Longnose Dace",70,2.79,0.445604203273598,1.84509804001426,2024-07-08,"020502030106 Lower Kettle Creek"
"6223","Walters.Kettle","Sculpin spp.",100,11.09,1.04493154614916,2,2024-07-08,"020502030106 Lower Kettle Creek"
"6224","Walters.Kettle","Longnose Dace",35,0.38,-0.42021640338319,1.54406804435028,2024-07-08,"020502030106 Lower Kettle Creek"
"6225","Walters.Kettle","Blacknose Dace",61,2.17,0.33645973384853,1.78532983501077,2024-07-08,"020502030106 Lower Kettle Creek"
"6226","Walters.Kettle","Longnose Dace",71,2.94,0.468347330412157,1.85125834871908,2024-07-08,"020502030106 Lower Kettle Creek"
"6227","Walters.Kettle","Longnose Dace",86,4.99,0.69810054562339,1.93449845124357,2024-07-08,"020502030106 Lower Kettle Creek"
"6228","Walters.Kettle","Sculpin spp.",56,2.21,0.344392273685111,1.7481880270062,2024-07-08,"020502030106 Lower Kettle Creek"
"6229","Walters.Kettle","Longnose Dace",82,4.23,0.626340367375042,1.91381385238372,2024-07-08,"020502030106 Lower Kettle Creek"
"6230","Walters.Kettle","Sculpin spp.",73,4.68,0.670245853074124,1.86332286012046,2024-07-08,"020502030106 Lower Kettle Creek"
"6231","Walters.Kettle","Sculpin spp.",68,3.2,0.505149978319906,1.83250891270624,2024-07-08,"020502030106 Lower Kettle Creek"
"6232","Walters.Kettle","Longnose Dace",78,4.02,0.60422605308447,1.89209460269048,2024-07-08,"020502030106 Lower Kettle Creek"
"6233","Walters.Kettle","Blacknose Dace",62,2.23,0.348304863048161,1.79239168949825,2024-07-08,"020502030106 Lower Kettle Creek"
"6234","WF0-AM","Creek Chub",57,2.46,0.390935107103379,1.75587485567249,2025-06-03,"020502061207 Turtle Creek-West Branch Susquehanna River"
"6235","WF0-AM","Creek Chub",72,4.23,0.626340367375042,1.85733249643127,2025-06-03,"020502061207 Turtle Creek-West Branch Susquehanna River"
"6236","WF0-AM","Blacknose Dace",63,2.42,0.383815365980431,1.79934054945358,2025-06-03,"020502061207 Turtle Creek-West Branch Susquehanna River"
"6237","WF0-AM","Blacknose Dace",56,1.65,0.217483944213906,1.7481880270062,2025-06-03,"020502061207 Turtle Creek-West Branch Susquehanna River"
"6238","WF0-AM","Blacknose Dace",40,0.6,-0.221848749616356,1.60205999132796,2025-06-03,"020502061207 Turtle Creek-West Branch Susquehanna River"
"6239","WF0-AM","Blacknose Dace",52,1.26,0.100370545117563,1.7160033436348,2025-06-03,"020502061207 Turtle Creek-West Branch Susquehanna River"
"6240","WF0-AM","Blacknose Dace",52,1.49,0.173186268412274,1.7160033436348,2025-06-03,"020502061207 Turtle Creek-West Branch Susquehanna River"
"6241","WF0-AM","Creek Chub",90,8.98,0.953276336667304,1.95424250943932,2025-06-03,"020502061207 Turtle Creek-West Branch Susquehanna River"
"6242","WF0-AM","Creek Chub",56,2.02,0.305351369446624,1.7481880270062,2025-06-03,"020502061207 Turtle Creek-West Branch Susquehanna River"
"6243","WF0-AM","Creek Chub",101,11.95,1.07736790528416,2.00432137378264,2025-06-03,"020502061207 Turtle Creek-West Branch Susquehanna River"
"6244","WF0-AM","Creek Chub",62,2.24,0.350248018334163,1.79239168949825,2025-06-03,"020502061207 Turtle Creek-West Branch Susquehanna River"
"6245","WF0-AM","Blacknose Dace",45,0.87,-0.0604807473813815,1.65321251377534,2025-06-03,"020502061207 Turtle Creek-West Branch Susquehanna River"
"6246","WF0-AM","Creek Chub",73,4.8,0.681241237375587,1.86332286012046,2025-06-03,"020502061207 Turtle Creek-West Branch Susquehanna River"
"6247","WF0-AM","Creek Chub",68,4.46,0.649334858712142,1.83250891270624,2025-06-03,"020502061207 Turtle Creek-West Branch Susquehanna River"
"6248","WF0-AM","Creek Chub",61,2.66,0.424881636631067,1.78532983501077,2025-06-03,"020502061207 Turtle Creek-West Branch Susquehanna River"
"6249","WF0-AM","Creek Chub",51,1.56,0.193124598354462,1.70757017609794,2025-06-03,"020502061207 Turtle Creek-West Branch Susquehanna River"
"6250","WF0-AM","Creek Chub",61,2.58,0.41161970596323,1.78532983501077,2025-06-03,"020502061207 Turtle Creek-West Branch Susquehanna River"
"6251","WF0-AM","Blacknose Dace",61,2.02,0.305351369446624,1.78532983501077,2025-06-03,"020502061207 Turtle Creek-West Branch Susquehanna River"
"6252","WF0-AM","Blacknose Dace",51,1.45,0.161368002234975,1.70757017609794,2025-06-03,"020502061207 Turtle Creek-West Branch Susquehanna River"
"6253","WF0-AM","Blacknose Dace",67,3.24,0.510545010206612,1.82607480270083,2025-06-03,"020502061207 Turtle Creek-West Branch Susquehanna River"
"6254","WF0-AM","Blacknose Dace",49,1.2,0.0791812460476248,1.69019608002851,2025-06-03,"020502061207 Turtle Creek-West Branch Susquehanna River"
"6255","WF0-AM","Blacknose Dace",44,0.82,-0.0861861476162833,1.64345267648619,2025-06-03,"020502061207 Turtle Creek-West Branch Susquehanna River"
"6256","WF0-AM","Creek Chub",70,4.07,0.60959440922522,1.84509804001426,2025-06-03,"020502061207 Turtle Creek-West Branch Susquehanna River"
"6257","WF0-AM","Creek Chub",53,1.84,0.264817823009536,1.72427586960079,2025-06-03,"020502061207 Turtle Creek-West Branch Susquehanna River"
"6258","WF0-AM","Creek Chub",52,1.43,0.155336037465062,1.7160033436348,2025-06-03,"020502061207 Turtle Creek-West Branch Susquehanna River"
"6259","WF0-AM","Creek Chub",57,2.45,0.389166084364532,1.75587485567249,2025-06-03,"020502061207 Turtle Creek-West Branch Susquehanna River"
"6260","WF0-AM","Creek Chub",58,2.36,0.372912002970107,1.76342799356294,2025-06-03,"020502061207 Turtle Creek-West Branch Susquehanna River"
"6261","WF0-AM","Creek Chub",62,2.91,0.463892988985907,1.79239168949825,2025-06-03,"020502061207 Turtle Creek-West Branch Susquehanna River"
"6262","WF0-AM","Creek Chub",68,4.01,0.603144372620182,1.83250891270624,2025-06-03,"020502061207 Turtle Creek-West Branch Susquehanna River"
"6263","WF0-AM","Creek Chub",63,2.94,0.468347330412157,1.79934054945358,2025-06-03,"020502061207 Turtle Creek-West Branch Susquehanna River"
"6264","WF0-AM","Creek Chub",54,2.78,0.444044795918076,1.73239375982297,2025-06-03,"020502061207 Turtle Creek-West Branch Susquehanna River"
"6265","WF0-AM","Creek Chub",57,2.17,0.33645973384853,1.75587485567249,2025-06-03,"020502061207 Turtle Creek-West Branch Susquehanna River"
"6266","WF0-AM","Creek Chub",54,2.04,0.309630167425899,1.73239375982297,2025-06-03,"020502061207 Turtle Creek-West Branch Susquehanna River"
"6267","WF0-AM","Creek Chub",55,2.07,0.315970345456918,1.74036268949424,2025-06-03,"020502061207 Turtle Creek-West Branch Susquehanna River"
"6268","WF0-AM","Blacknose Dace",50,1.22,0.0863598306747482,1.69897000433602,2025-06-03,"020502061207 Turtle Creek-West Branch Susquehanna River"
"6269","WF0-AM","Blacknose Dace",24,0.14,-0.853871964321762,1.38021124171161,2025-06-03,"020502061207 Turtle Creek-West Branch Susquehanna River"
"6270","WF0-AM","Blacknose Dace",61,2.84,0.453318340047038,1.78532983501077,2025-06-03,"020502061207 Turtle Creek-West Branch Susquehanna River"
"6271","WF0-AM","Blacknose Dace",56,1.74,0.2405492482826,1.7481880270062,2025-06-03,"020502061207 Turtle Creek-West Branch Susquehanna River"
"6272","WF0-AM","Central Stoneroller",53,1.49,0.173186268412274,1.72427586960079,2025-06-03,"020502061207 Turtle Creek-West Branch Susquehanna River"
"6273","WF0-AM","Central Stoneroller",75,3.93,0.594392550375427,1.8750612633917,2025-06-03,"020502061207 Turtle Creek-West Branch Susquehanna River"
"6274","WF0-AM","Central Stoneroller",78,4.75,0.676693609624867,1.89209460269048,2025-06-03,"020502061207 Turtle Creek-West Branch Susquehanna River"
"6275","WF0-AM","Central Stoneroller",64,2.44,0.387389826338729,1.80617997398389,2025-06-03,"020502061207 Turtle Creek-West Branch Susquehanna River"
"6276","WF0-AM","Central Stoneroller",69,3.41,0.532754378992498,1.83884909073726,2025-06-03,"020502061207 Turtle Creek-West Branch Susquehanna River"
"6277","WF0-AM","Central Stoneroller",56,1.64,0.214843848047698,1.7481880270062,2025-06-03,"020502061207 Turtle Creek-West Branch Susquehanna River"
"6278","WF0-AM","Central Stoneroller",57,1.42,0.152288344383056,1.75587485567249,2025-06-03,"020502061207 Turtle Creek-West Branch Susquehanna River"
"6279","WF0-AM","Central Stoneroller",69,3.27,0.514547752660286,1.83884909073726,2025-06-03,"020502061207 Turtle Creek-West Branch Susquehanna River"
"6280","WF0-AM","Central Stoneroller",58,1.84,0.264817823009536,1.76342799356294,2025-06-03,"020502061207 Turtle Creek-West Branch Susquehanna River"
"6281","WF0-AM","Central Stoneroller",59,2,0.301029995663981,1.77085201164214,2025-06-03,"020502061207 Turtle Creek-West Branch Susquehanna River"
"6282","WF0-AM","White Sucker",78,5.26,0.720985744153739,1.89209460269048,2025-06-03,"020502061207 Turtle Creek-West Branch Susquehanna River"
"6283","WF0-AM","Blacknose Dace",51,1.45,0.161368002234975,1.70757017609794,2025-06-03,"020502061207 Turtle Creek-West Branch Susquehanna River"
"6284","WF0-AM","Blacknose Dace",51,1.3,0.113943352306837,1.70757017609794,2025-06-03,"020502061207 Turtle Creek-West Branch Susquehanna River"
"6285","WF0-AM","Blacknose Dace",47,1.2,0.0791812460476248,1.67209785793572,2025-06-03,"020502061207 Turtle Creek-West Branch Susquehanna River"
"6286","WF0-AM","Blacknose Dace",46,1.09,0.0374264979406237,1.66275783168157,2025-06-03,"020502061207 Turtle Creek-West Branch Susquehanna River"
"6287","WF0-AM","Blacknose Dace",47,1.14,0.0569048513364726,1.67209785793572,2025-06-03,"020502061207 Turtle Creek-West Branch Susquehanna River"
"6288","WF0-AM","Blacknose Dace",49,1.19,0.0755469613925307,1.69019608002851,2025-06-03,"020502061207 Turtle Creek-West Branch Susquehanna River"
"6289","WF0-AM","Blacknose Dace",42,0.82,-0.0861861476162833,1.6232492903979,2025-06-03,"020502061207 Turtle Creek-West Branch Susquehanna River"
"6290","WF0-AM","Blacknose Dace",58,2.01,0.303196057420489,1.76342799356294,2025-06-03,"020502061207 Turtle Creek-West Branch Susquehanna River"
"6291","WF0-AM","Blacknose Dace",73,3.23,0.509202522331103,1.86332286012046,2025-06-03,"020502061207 Turtle Creek-West Branch Susquehanna River"
"6292","WF0-AM","Blacknose Dace",57,1.74,0.2405492482826,1.75587485567249,2025-06-03,"020502061207 Turtle Creek-West Branch Susquehanna River"
"6293","WF0-AM","Blacknose Dace",50,1.21,0.0827853703164501,1.69897000433602,2025-06-03,"020502061207 Turtle Creek-West Branch Susquehanna River"
"6294","WF0-AM","Blacknose Dace",71,4.07,0.60959440922522,1.85125834871908,2025-06-03,"020502061207 Turtle Creek-West Branch Susquehanna River"
"6295","WF0-AM","Blacknose Dace",67,2.84,0.453318340047038,1.82607480270083,2025-06-03,"020502061207 Turtle Creek-West Branch Susquehanna River"
"6296","WF0-AM","Blacknose Dace",57,1.04,0.0170333392987804,1.75587485567249,2025-06-03,"020502061207 Turtle Creek-West Branch Susquehanna River"
"6297","WF0-AM","Blacknose Dace",56,1.63,0.212187604403958,1.7481880270062,2025-06-03,"020502061207 Turtle Creek-West Branch Susquehanna River"
"6298","WF0-AM","Central Stoneroller",71,3.4,0.531478917042255,1.85125834871908,2025-06-03,"020502061207 Turtle Creek-West Branch Susquehanna River"
"6299","WF0-AM","Central Stoneroller",67,3.1,0.491361693834273,1.82607480270083,2025-06-03,"020502061207 Turtle Creek-West Branch Susquehanna River"
"6300","WF0-AM","Central Stoneroller",69,3.56,0.551449997972875,1.83884909073726,2025-06-03,"020502061207 Turtle Creek-West Branch Susquehanna River"
"6301","WF0-AM","Central Stoneroller",65,2.6,0.414973347970818,1.81291335664286,2025-06-03,"020502061207 Turtle Creek-West Branch Susquehanna River"
"6302","WF0-AM","Central Stoneroller",56,1.73,0.238046103128795,1.7481880270062,2025-06-03,"020502061207 Turtle Creek-West Branch Susquehanna River"
"6303","WF0-AM","Central Stoneroller",57,1.83,0.262451089730429,1.75587485567249,2025-06-03,"020502061207 Turtle Creek-West Branch Susquehanna River"
"6304","WF0-AM","Central Stoneroller",60,2.12,0.326335860928751,1.77815125038364,2025-06-03,"020502061207 Turtle Creek-West Branch Susquehanna River"
"6305","WF0-AM","Central Stoneroller",56,1.52,0.181843587944773,1.7481880270062,2025-06-03,"020502061207 Turtle Creek-West Branch Susquehanna River"
"6306","WF0-AM","Central Stoneroller",60,2.27,0.356025857193123,1.77815125038364,2025-06-03,"020502061207 Turtle Creek-West Branch Susquehanna River"
"6307","WF0-AM","Central Stoneroller",65,2.81,0.44870631990508,1.81291335664286,2025-06-03,"020502061207 Turtle Creek-West Branch Susquehanna River"
"6308","WF0-AM","Central Stoneroller",55,1.61,0.20682587603185,1.74036268949424,2025-06-03,"020502061207 Turtle Creek-West Branch Susquehanna River"
"6309","WF0-AM","Central Stoneroller",68,3.03,0.481442628502305,1.83250891270624,2025-06-03,"020502061207 Turtle Creek-West Branch Susquehanna River"
"6310","WF0-AM","Central Stoneroller",58,1.98,0.296665190261531,1.76342799356294,2025-06-03,"020502061207 Turtle Creek-West Branch Susquehanna River"
"6311","WF0-AM","Central Stoneroller",65,2.9,0.462397997898956,1.81291335664286,2025-06-03,"020502061207 Turtle Creek-West Branch Susquehanna River"
"6312","WF0-AM","White Sucker",80,5.01,0.699837725867246,1.90308998699194,2025-06-03,"020502061207 Turtle Creek-West Branch Susquehanna River"
"6313","WF0-AM","Tessellated Darter",60,2.22,0.346352974450639,1.77815125038364,2025-06-03,"020502061207 Turtle Creek-West Branch Susquehanna River"
"6314","WF0-AM","Fantail Darter",65,2.82,0.450249108319361,1.81291335664286,2025-06-03,"020502061207 Turtle Creek-West Branch Susquehanna River"
"6315","WF0-AM","Fantail Darter",73,3.46,0.539076098792777,1.86332286012046,2025-06-03,"020502061207 Turtle Creek-West Branch Susquehanna River"
"6316","WF0-AM","Creek Chub",57,2.14,0.330413773349191,1.75587485567249,2025-06-03,"020502061207 Turtle Creek-West Branch Susquehanna River"
"6317","WF0-AM","Creek Chub",88,7.43,0.870988813760575,1.94448267215017,2025-06-03,"020502061207 Turtle Creek-West Branch Susquehanna River"
"6318","WF0-AM","Creek Chub",47,1.1,0.0413926851582251,1.67209785793572,2025-06-03,"020502061207 Turtle Creek-West Branch Susquehanna River"
"6319","WF0-AM","Creek Chub",52,1.68,0.225309281725863,1.7160033436348,2025-06-03,"020502061207 Turtle Creek-West Branch Susquehanna River"
"6320","WF0-AM","Creek Chub",75,5.37,0.729974285699556,1.8750612633917,2025-06-03,"020502061207 Turtle Creek-West Branch Susquehanna River"
"6321","WF0-AM","Creek Chub",55,2.03,0.307496037913213,1.74036268949424,2025-06-03,"020502061207 Turtle Creek-West Branch Susquehanna River"
"6322","WF0-FL","Blacknose Dace",75,4.4,0.643452676486187,1.8750612633917,2022-06-14,"020502061207 Turtle Creek-West Branch Susquehanna River"
"6323","WF0-FL","Creek Chub",65,3.2,0.505149978319906,1.81291335664286,2022-06-14,"020502061207 Turtle Creek-West Branch Susquehanna River"
"6324","WF0-FL","Creek Chub",54,1.7,0.230448921378274,1.73239375982297,2022-06-14,"020502061207 Turtle Creek-West Branch Susquehanna River"
"6325","WF0-FL","Creek Chub",66,3.4,0.531478917042255,1.81954393554187,2022-06-14,"020502061207 Turtle Creek-West Branch Susquehanna River"
"6326","WF0-FL","Blacknose Dace",37,0.6,-0.221848749616356,1.56820172406699,2022-06-14,"020502061207 Turtle Creek-West Branch Susquehanna River"
"6327","WF0-FL","Creek Chub",56,2.1,0.322219294733919,1.7481880270062,2022-06-14,"020502061207 Turtle Creek-West Branch Susquehanna River"
"6328","WF0-FL","Creek Chub",76,4.4,0.643452676486187,1.88081359228079,2022-06-14,"020502061207 Turtle Creek-West Branch Susquehanna River"
"6329","WF0-FL","Blacknose Dace",77,4.4,0.643452676486187,1.88649072517248,2022-06-14,"020502061207 Turtle Creek-West Branch Susquehanna River"
"6330","WF0-FL","Creek Chub",61,2.7,0.431363764158987,1.78532983501077,2022-06-14,"020502061207 Turtle Creek-West Branch Susquehanna River"
"6331","WF0-FL","Central Stoneroller",61,2,0.301029995663981,1.78532983501077,2022-06-14,"020502061207 Turtle Creek-West Branch Susquehanna River"
"6332","WF0-FL","Central Stoneroller",76,4.6,0.662757831681574,1.88081359228079,2022-06-14,"020502061207 Turtle Creek-West Branch Susquehanna River"
"6333","WF0-FL","Central Stoneroller",66,2.3,0.361727836017593,1.81954393554187,2022-06-14,"020502061207 Turtle Creek-West Branch Susquehanna River"
"6334","WF0-FL","Creek Chub",55,2.1,0.322219294733919,1.74036268949424,2022-06-14,"020502061207 Turtle Creek-West Branch Susquehanna River"
"6335","WF0-FL","Creek Chub",68,3.8,0.57978359661681,1.83250891270624,2022-06-14,"020502061207 Turtle Creek-West Branch Susquehanna River"
"6336","WF0-FL","Creek Chub",51,2.9,0.462397997898956,1.70757017609794,2022-06-14,"020502061207 Turtle Creek-West Branch Susquehanna River"
"6337","WF0-FL","Creek Chub",49,1.3,0.113943352306837,1.69019608002851,2022-06-14,"020502061207 Turtle Creek-West Branch Susquehanna River"
"6338","WF0-FL","Creek Chub",46,0.8,-0.0969100130080564,1.66275783168157,2022-06-14,"020502061207 Turtle Creek-West Branch Susquehanna River"
"6339","WF0-FL","Creek Chub",54,2.1,0.322219294733919,1.73239375982297,2022-06-14,"020502061207 Turtle Creek-West Branch Susquehanna River"
"6340","WF0-FL","Green Sunfish",125,45.4,1.6570558528571,2.09691001300806,2022-06-14,"020502061207 Turtle Creek-West Branch Susquehanna River"
"6341","WF0-FL","Green Sunfish",136,49.4,1.69372694892365,2.13353890837022,2022-06-14,"020502061207 Turtle Creek-West Branch Susquehanna River"
"6342","WF0-FL","Creek Chub",60,2.5,0.397940008672038,1.77815125038364,2022-06-14,"020502061207 Turtle Creek-West Branch Susquehanna River"
"6343","WF0-FL","White Sucker",79,5.1,0.707570176097936,1.89762709129044,2022-06-14,"020502061207 Turtle Creek-West Branch Susquehanna River"
"6344","WF0-FL","Blacknose Dace",65,2.7,0.431363764158987,1.81291335664286,2022-06-14,"020502061207 Turtle Creek-West Branch Susquehanna River"
"6345","WF0-FL","Blacknose Dace",61,2.8,0.447158031342219,1.78532983501077,2022-06-14,"020502061207 Turtle Creek-West Branch Susquehanna River"
"6346","WF0-FL","Blacknose Dace",74,3.9,0.591064607026499,1.86923171973098,2022-06-14,"020502061207 Turtle Creek-West Branch Susquehanna River"
"6347","WF0-FL","Creek Chub",50,1.9,0.278753600952829,1.69897000433602,2022-06-14,"020502061207 Turtle Creek-West Branch Susquehanna River"
"6348","WF0-FL","Creek Chub",67,3.4,0.531478917042255,1.82607480270083,2022-06-14,"020502061207 Turtle Creek-West Branch Susquehanna River"
"6349","WF0-FL","Creek Chub",88,7.6,0.880813592280791,1.94448267215017,2022-06-14,"020502061207 Turtle Creek-West Branch Susquehanna River"
"6350","WF0-FL","Creek Chub",83,6.9,0.838849090737255,1.91907809237607,2022-06-14,"020502061207 Turtle Creek-West Branch Susquehanna River"
"6351","WF0-FL","Blacknose Dace",69,3,0.477121254719662,1.83884909073726,2022-06-14,"020502061207 Turtle Creek-West Branch Susquehanna River"
"6352","WF0-FL","Blacknose Dace",62,2.6,0.414973347970818,1.79239168949825,2022-06-14,"020502061207 Turtle Creek-West Branch Susquehanna River"
"6353","WF0-FL","Blacknose Dace",74,3.8,0.57978359661681,1.86923171973098,2022-06-14,"020502061207 Turtle Creek-West Branch Susquehanna River"
"6354","WF0-FL","Blacknose Dace",65,2.7,0.431363764158987,1.81291335664286,2022-06-14,"020502061207 Turtle Creek-West Branch Susquehanna River"
"6355","WF0-FL","Creek Chub",101,15.4,1.18752072083646,2.00432137378264,2022-06-14,"020502061207 Turtle Creek-West Branch Susquehanna River"
"6356","WF0-FL","Blacknose Dace",58,1.9,0.278753600952829,1.76342799356294,2022-06-14,"020502061207 Turtle Creek-West Branch Susquehanna River"
"6357","WF0-FL","Blacknose Dace",59,2,0.301029995663981,1.77085201164214,2022-06-14,"020502061207 Turtle Creek-West Branch Susquehanna River"
"6358","WF0-FL","Central Stoneroller",57,1.5,0.176091259055681,1.75587485567249,2022-06-14,"020502061207 Turtle Creek-West Branch Susquehanna River"
"6359","WF0-FL","Central Stoneroller",76,2.8,0.447158031342219,1.88081359228079,2022-06-14,"020502061207 Turtle Creek-West Branch Susquehanna River"
"6360","WF0-FL","Central Stoneroller",85,5.5,0.740362689494244,1.92941892571429,2022-06-14,"020502061207 Turtle Creek-West Branch Susquehanna River"
"6361","WF0-FL","Central Stoneroller",78,4,0.602059991327962,1.89209460269048,2022-06-14,"020502061207 Turtle Creek-West Branch Susquehanna River"
"6362","WF0-FL","Central Stoneroller",61,2.1,0.322219294733919,1.78532983501077,2022-06-14,"020502061207 Turtle Creek-West Branch Susquehanna River"
"6363","WF0-FL","Central Stoneroller",61,2,0.301029995663981,1.78532983501077,2022-06-14,"020502061207 Turtle Creek-West Branch Susquehanna River"
"6364","WF0-FL","Creek Chub",68,3.4,0.531478917042255,1.83250891270624,2022-06-14,"020502061207 Turtle Creek-West Branch Susquehanna River"
"6365","WF0-FL","Creek Chub",79,6.2,0.792391689498254,1.89762709129044,2022-06-14,"020502061207 Turtle Creek-West Branch Susquehanna River"
"6366","WF0-FL","Creek Chub",53,2,0.301029995663981,1.72427586960079,2022-06-14,"020502061207 Turtle Creek-West Branch Susquehanna River"
"6367","WF0-FL","Central Stoneroller",79,4.6,0.662757831681574,1.89762709129044,2022-06-14,"020502061207 Turtle Creek-West Branch Susquehanna River"
"6368","WF0-FL","Blacknose Dace",62,2.5,0.397940008672038,1.79239168949825,2022-06-14,"020502061207 Turtle Creek-West Branch Susquehanna River"
"6369","WF0-FL","White Sucker",83,6.8,0.832508912706236,1.91907809237607,2022-06-14,"020502061207 Turtle Creek-West Branch Susquehanna River"
"6370","WF0-FL","Central Stoneroller",58,1.4,0.146128035678238,1.76342799356294,2022-06-14,"020502061207 Turtle Creek-West Branch Susquehanna River"
"6371","WF0-FL","Creek Chub",80,6.1,0.785329835010767,1.90308998699194,2022-06-14,"020502061207 Turtle Creek-West Branch Susquehanna River"
"6372","WF0-FL","Creek Chub",57,2.3,0.361727836017593,1.75587485567249,2022-06-14,"020502061207 Turtle Creek-West Branch Susquehanna River"
"6373","WF0-FL","Creek Chub",47,1.2,0.0791812460476248,1.67209785793572,2022-06-14,"020502061207 Turtle Creek-West Branch Susquehanna River"
"6374","WF0-FL","Central Stoneroller",71,2.9,0.462397997898956,1.85125834871908,2022-06-14,"020502061207 Turtle Creek-West Branch Susquehanna River"
"6375","WF0-FL","Central Stoneroller",60,2,0.301029995663981,1.77815125038364,2022-06-14,"020502061207 Turtle Creek-West Branch Susquehanna River"
"6376","WF0-FL","Central Stoneroller",72,3.9,0.591064607026499,1.85733249643127,2022-06-14,"020502061207 Turtle Creek-West Branch Susquehanna River"
"6377","WF0-FL","Central Stoneroller",64,2.6,0.414973347970818,1.80617997398389,2022-06-14,"020502061207 Turtle Creek-West Branch Susquehanna River"
"6378","WF0-FL","Central Stoneroller",60,1.9,0.278753600952829,1.77815125038364,2022-06-14,"020502061207 Turtle Creek-West Branch Susquehanna River"
"6379","WF0-FL","Central Stoneroller",56,1.8,0.255272505103306,1.7481880270062,2022-06-14,"020502061207 Turtle Creek-West Branch Susquehanna River"
"6380","WF0-FL","Creek Chub",85,9,0.954242509439325,1.92941892571429,2022-06-14,"020502061207 Turtle Creek-West Branch Susquehanna River"
"6381","WF0-FL","Central Stoneroller",93,6.7,0.826074802700826,1.96848294855394,2022-06-14,"020502061207 Turtle Creek-West Branch Susquehanna River"
"6382","WF0-FL","Blacknose Dace",67,2.8,0.447158031342219,1.82607480270083,2022-06-14,"020502061207 Turtle Creek-West Branch Susquehanna River"
"6383","WF0-FL","Blacknose Dace",53,1.4,0.146128035678238,1.72427586960079,2022-06-14,"020502061207 Turtle Creek-West Branch Susquehanna River"
"6384","WF0-FL","Creek Chub",58,2.8,0.447158031342219,1.76342799356294,2022-06-14,"020502061207 Turtle Creek-West Branch Susquehanna River"
"6385","WF0-FL","Creek Chub",62,3.3,0.518513939877887,1.79239168949825,2022-06-14,"020502061207 Turtle Creek-West Branch Susquehanna River"
"6386","WF0-FL","Creek Chub",56,2.2,0.342422680822206,1.7481880270062,2022-06-14,"020502061207 Turtle Creek-West Branch Susquehanna River"
"6387","WF0-FL","Creek Chub",81,7.1,0.851258348719075,1.90848501887865,2022-06-14,"020502061207 Turtle Creek-West Branch Susquehanna River"
"6388","WF0-FL","Central Stoneroller",59,1.8,0.255272505103306,1.77085201164214,2022-06-14,"020502061207 Turtle Creek-West Branch Susquehanna River"
"6389","WF0-FL","Central Stoneroller",68,2.5,0.397940008672038,1.83250891270624,2022-06-14,"020502061207 Turtle Creek-West Branch Susquehanna River"
"6390","WF0-FL","Creek Chub",58,1.5,0.176091259055681,1.76342799356294,2022-06-14,"020502061207 Turtle Creek-West Branch Susquehanna River"
"6391","WF0-FL","Central Stoneroller",81,8.5,0.929418925714293,1.90848501887865,2022-06-14,"020502061207 Turtle Creek-West Branch Susquehanna River"
"6392","WF0-FL","Creek Chub",68,3.96,0.597695185925512,1.83250891270624,2025-06-03,"020502061207 Turtle Creek-West Branch Susquehanna River"
"6393","WF0-FL","Creek Chub",45,1.13,0.0530784434834197,1.65321251377534,2025-06-03,"020502061207 Turtle Creek-West Branch Susquehanna River"
"6394","WF0-FL","Creek Chub",57,2.44,0.387389826338729,1.75587485567249,2025-06-03,"020502061207 Turtle Creek-West Branch Susquehanna River"
"6395","WF0-FL","Creek Chub",61,2.42,0.383815365980431,1.78532983501077,2025-06-03,"020502061207 Turtle Creek-West Branch Susquehanna River"
"6396","WF0-FL","Creek Chub",56,2.11,0.324282455297693,1.7481880270062,2025-06-03,"020502061207 Turtle Creek-West Branch Susquehanna River"
"6397","WF0-FL","Blacknose Dace",29,0.25,-0.602059991327962,1.46239799789896,2024-06-04,"020502061207 Turtle Creek-West Branch Susquehanna River"
"6398","WF0-FL","Central Stoneroller",95,9.46,0.975891136401793,1.97772360528885,2024-06-04,"020502061207 Turtle Creek-West Branch Susquehanna River"
"6399","WF0-FL","Central Stoneroller",55,1.43,0.155336037465062,1.74036268949424,2024-06-04,"020502061207 Turtle Creek-West Branch Susquehanna River"
"6400","WF0-FL","Central Stoneroller",85,5.48,0.738780558484369,1.92941892571429,2024-06-04,"020502061207 Turtle Creek-West Branch Susquehanna River"
"6401","WF0-FL","Central Stoneroller",68,2.6,0.414973347970818,1.83250891270624,2024-06-04,"020502061207 Turtle Creek-West Branch Susquehanna River"
"6402","WF0-FL","Central Stoneroller",56,1.48,0.170261715394957,1.7481880270062,2024-06-04,"020502061207 Turtle Creek-West Branch Susquehanna River"
"6403","WF0-FL","Creek Chub",62,2.62,0.418301291319745,1.79239168949825,2024-06-04,"020502061207 Turtle Creek-West Branch Susquehanna River"
"6404","WF0-FL","Creek Chub",91,10.58,1.02448566769917,1.95904139232109,2024-06-04,"020502061207 Turtle Creek-West Branch Susquehanna River"
"6405","WF0-FL","Blacknose Dace",52,1.25,0.0969100130080564,1.7160033436348,2024-06-04,"020502061207 Turtle Creek-West Branch Susquehanna River"
"6406","WF0-FL","Blacknose Dace",61,1.9,0.278753600952829,1.78532983501077,2024-06-04,"020502061207 Turtle Creek-West Branch Susquehanna River"
"6407","WF0-FL","Blacknose Dace",28,0.17,-0.769551078621726,1.44715803134222,2024-06-04,"020502061207 Turtle Creek-West Branch Susquehanna River"
"6408","WF0-FL","Blacknose Dace",25,0.14,-0.853871964321762,1.39794000867204,2024-06-04,"020502061207 Turtle Creek-West Branch Susquehanna River"
"6409","WF0-FL","Blacknose Dace",49,1.32,0.12057393120585,1.69019608002851,2025-06-03,"020502061207 Turtle Creek-West Branch Susquehanna River"
"6410","WF0-FL","Blacknose Dace",60,2.29,0.359835482339888,1.77815125038364,2025-06-03,"020502061207 Turtle Creek-West Branch Susquehanna River"
"6411","WF0-FL","Blacknose Dace",43,0.8,-0.0969100130080564,1.63346845557959,2025-06-03,"020502061207 Turtle Creek-West Branch Susquehanna River"
"6412","WF0-FL","Blacknose Dace",54,1.55,0.190331698170291,1.73239375982297,2025-06-03,"020502061207 Turtle Creek-West Branch Susquehanna River"
"6413","WF0-FL","Blacknose Dace",44,1.87,0.271841606536499,1.64345267648619,2025-06-03,"020502061207 Turtle Creek-West Branch Susquehanna River"
"6414","WF0-FL","Blacknose Dace",46,1.04,0.0170333392987804,1.66275783168157,2025-06-03,"020502061207 Turtle Creek-West Branch Susquehanna River"
"6415","WF0-FL","Blacknose Dace",44,0.86,-0.0655015487564323,1.64345267648619,2025-06-03,"020502061207 Turtle Creek-West Branch Susquehanna River"
"6416","WF0-FL","Blacknose Dace",53,1.66,0.220108088040055,1.72427586960079,2025-06-03,"020502061207 Turtle Creek-West Branch Susquehanna River"
"6417","WF0-FL","Blacknose Dace",49,1.04,0.0170333392987804,1.69019608002851,2025-06-03,"020502061207 Turtle Creek-West Branch Susquehanna River"
"6418","WF0-FL","Blacknose Dace",82,5.42,0.733999286538387,1.91381385238372,2025-06-03,"020502061207 Turtle Creek-West Branch Susquehanna River"
"6419","WF0-FL","Blacknose Dace",44,0.86,-0.0655015487564323,1.64345267648619,2025-06-03,"020502061207 Turtle Creek-West Branch Susquehanna River"
"6420","WF0-FL","Blacknose Dace",44,0.96,-0.0177287669604316,1.64345267648619,2025-06-03,"020502061207 Turtle Creek-West Branch Susquehanna River"
"6421","WF0-FL","Blacknose Dace",46,0.92,-0.0362121726544447,1.66275783168157,2025-06-03,"020502061207 Turtle Creek-West Branch Susquehanna River"
"6422","WF0-FL","Blacknose Dace",50,1.25,0.0969100130080564,1.69897000433602,2025-06-03,"020502061207 Turtle Creek-West Branch Susquehanna River"
"6423","WF0-FL","Blacknose Dace",58,1.79,0.252853030979893,1.76342799356294,2025-06-03,"020502061207 Turtle Creek-West Branch Susquehanna River"
"6424","WF0-FL","Blacknose Dace",67,2.59,0.413299764081252,1.82607480270083,2025-06-03,"020502061207 Turtle Creek-West Branch Susquehanna River"
"6425","WF0-FL","Blacknose Dace",69,3.08,0.488550716500444,1.83884909073726,2025-06-03,"020502061207 Turtle Creek-West Branch Susquehanna River"
"6426","WF0-FL","Blacknose Dace",67,3.5,0.544068044350276,1.82607480270083,2025-06-03,"020502061207 Turtle Creek-West Branch Susquehanna River"
"6427","WF0-FL","Blacknose Dace",74,4.36,0.639486489268586,1.86923171973098,2025-06-03,"020502061207 Turtle Creek-West Branch Susquehanna River"
"6428","WF0-FL","Blacknose Dace",67,3.03,0.481442628502305,1.82607480270083,2025-06-03,"020502061207 Turtle Creek-West Branch Susquehanna River"
"6429","WF0-FL","Blacknose Dace",63,2.49,0.396199347095736,1.79934054945358,2025-06-03,"020502061207 Turtle Creek-West Branch Susquehanna River"
"6430","WF0-FL","Blacknose Dace",48,1.03,0.0128372247051722,1.68124123737559,2025-06-03,"020502061207 Turtle Creek-West Branch Susquehanna River"
"6431","WF0-FL","Creek Chub",56,2.22,0.346352974450639,1.7481880270062,2025-06-03,"020502061207 Turtle Creek-West Branch Susquehanna River"
"6432","WF0-FL","Creek Chub",115,21.21,1.32654066851656,2.06069784035361,2024-06-04,"020502061207 Turtle Creek-West Branch Susquehanna River"
"6433","WF0-FL","Creek Chub",86,6.8,0.832508912706236,1.93449845124357,2024-06-04,"020502061207 Turtle Creek-West Branch Susquehanna River"
"6434","WF0-FL","Creek Chub",88,7.91,0.898176483497677,1.94448267215017,2024-06-04,"020502061207 Turtle Creek-West Branch Susquehanna River"
"6435","WF0-FL","Creek Chub",86,7.5,0.8750612633917,1.93449845124357,2024-06-04,"020502061207 Turtle Creek-West Branch Susquehanna River"
"6436","WF0-FL","Creek Chub",62,2.91,0.463892988985907,1.79239168949825,2024-06-04,"020502061207 Turtle Creek-West Branch Susquehanna River"
"6437","WF0-FL","Creek Chub",77,5.16,0.712649701627211,1.88649072517248,2024-06-04,"020502061207 Turtle Creek-West Branch Susquehanna River"
"6438","WF0-FL","Creek Chub",111,15.21,1.182129214053,2.04532297878666,2024-06-04,"020502061207 Turtle Creek-West Branch Susquehanna River"
"6439","WF0-FL","Creek Chub",142,45.13,1.65446533352015,2.15228834438306,2024-06-04,"020502061207 Turtle Creek-West Branch Susquehanna River"
"6440","WF0-FL","Creek Chub",85,7.35,0.866287339084195,1.92941892571429,2024-06-04,"020502061207 Turtle Creek-West Branch Susquehanna River"
"6441","WF0-FL","Creek Chub",126,26.29,1.41979058610636,2.10037054511756,2024-06-04,"020502061207 Turtle Creek-West Branch Susquehanna River"
"6442","WF0-FL","Creek Chub",74,4.86,0.686636269262293,1.86923171973098,2024-06-04,"020502061207 Turtle Creek-West Branch Susquehanna River"
"6443","WF0-FL","Creek Chub",92,9.3,0.968482948553935,1.96378782734556,2024-06-04,"020502061207 Turtle Creek-West Branch Susquehanna River"
"6444","WF0-FL","Central Stoneroller",87,5.82,0.764922984649889,1.93951925261862,2024-06-04,"020502061207 Turtle Creek-West Branch Susquehanna River"
"6445","WF0-FL","Central Stoneroller",63,1.79,0.252853030979893,1.79934054945358,2024-06-04,"020502061207 Turtle Creek-West Branch Susquehanna River"
"6446","WF0-FL","Central Stoneroller",63,2.12,0.326335860928751,1.79934054945358,2024-06-04,"020502061207 Turtle Creek-West Branch Susquehanna River"
"6447","WF0-FL","Central Stoneroller",68,2.61,0.416640507338281,1.83250891270624,2024-06-04,"020502061207 Turtle Creek-West Branch Susquehanna River"
"6448","WF0-FL","Green Sunfish",148,72.5,1.86033800657099,2.17026171539496,2024-06-04,"020502061207 Turtle Creek-West Branch Susquehanna River"
"6449","WF0-FL","Blacknose Dace",34,0.3,-0.522878745280338,1.53147891704226,2024-06-04,"020502061207 Turtle Creek-West Branch Susquehanna River"
"6450","WF0-FL","Central Stoneroller",70,3.32,0.521138083704036,1.84509804001426,2024-06-04,"020502061207 Turtle Creek-West Branch Susquehanna River"
"6451","WF0-FL","Blacknose Dace",55,1.65,0.217483944213906,1.74036268949424,2024-06-04,"020502061207 Turtle Creek-West Branch Susquehanna River"
"6452","WF0-FL","Blacknose Dace",55,1.58,0.198657086954423,1.74036268949424,2024-06-04,"020502061207 Turtle Creek-West Branch Susquehanna River"
"6453","WF0-FL","Blacknose Dace",58,1.93,0.285557309007774,1.76342799356294,2024-06-04,"020502061207 Turtle Creek-West Branch Susquehanna River"
"6454","WF0-FL","Blacknose Dace",73,3.78,0.577491799837225,1.86332286012046,2024-06-04,"020502061207 Turtle Creek-West Branch Susquehanna River"
"6455","WF0-FL","Blacknose Dace",51,1.8,0.255272505103306,1.70757017609794,2024-06-04,"020502061207 Turtle Creek-West Branch Susquehanna River"
"6456","WF0-FL","Blacknose Dace",58,1.8,0.255272505103306,1.76342799356294,2024-06-04,"020502061207 Turtle Creek-West Branch Susquehanna River"
"6457","WF0-FL","Blacknose Dace",61,1.99,0.298853076409707,1.78532983501077,2024-06-04,"020502061207 Turtle Creek-West Branch Susquehanna River"
"6458","WF0-FL","Creek Chub",114,17.18,1.23502315949522,2.05690485133647,2024-06-04,"020502061207 Turtle Creek-West Branch Susquehanna River"
"6459","WF0-FL","Creek Chub",173,65.64,1.81716857238106,2.2380461031288,2024-06-04,"020502061207 Turtle Creek-West Branch Susquehanna River"
"6460","WF0-FL","Creek Chub",65,3.45,0.537819095073274,1.81291335664286,2024-06-04,"020502061207 Turtle Creek-West Branch Susquehanna River"
"6461","WF0-FL","Blacknose Dace",62,2.48,0.394451680826216,1.79239168949825,2024-06-04,"020502061207 Turtle Creek-West Branch Susquehanna River"
"6462","WF0-FL","Blacknose Dace",33,0.3,-0.522878745280338,1.51851393987789,2024-06-04,"020502061207 Turtle Creek-West Branch Susquehanna River"
"6463","WF0-FL","Blacknose Dace",58,1.93,0.285557309007774,1.76342799356294,2024-06-04,"020502061207 Turtle Creek-West Branch Susquehanna River"
"6464","WF0-FL","Blacknose Dace",68,3.02,0.480006942957151,1.83250891270624,2024-06-04,"020502061207 Turtle Creek-West Branch Susquehanna River"
"6465","WF0-FL","Blacknose Dace",50,1.17,0.0681858617461616,1.69897000433602,2024-06-04,"020502061207 Turtle Creek-West Branch Susquehanna River"
"6466","WF0-FL","Blacknose Dace",49,1.27,0.103803720955957,1.69019608002851,2024-06-04,"020502061207 Turtle Creek-West Branch Susquehanna River"
"6467","WF0-FL","Blacknose Dace",31,0.23,-0.638272163982407,1.49136169383427,2024-06-04,"020502061207 Turtle Creek-West Branch Susquehanna River"
"6468","WF0-FL","Blacknose Dace",23,0.12,-0.920818753952375,1.36172783601759,2024-06-04,"020502061207 Turtle Creek-West Branch Susquehanna River"
"6469","WF0-FL","Blacknose Dace",32,0.29,-0.537602002101044,1.50514997831991,2024-06-04,"020502061207 Turtle Creek-West Branch Susquehanna River"
"6470","WF0-FL","Blacknose Dace",61,2.29,0.359835482339888,1.78532983501077,2024-06-04,"020502061207 Turtle Creek-West Branch Susquehanna River"
"6471","WF0-FL","Creek Chub",86,7.78,0.890979596989689,1.93449845124357,2024-06-04,"020502061207 Turtle Creek-West Branch Susquehanna River"
"6472","WF0-FL","Creek Chub",47,0.9,-0.0457574905606751,1.67209785793572,2025-06-03,"020502061207 Turtle Creek-West Branch Susquehanna River"
"6473","WF0-FL","Blacknose Dace",48,1.1,0.0413926851582251,1.68124123737559,2025-06-03,"020502061207 Turtle Creek-West Branch Susquehanna River"
"6474","WF0-FL","Blacknose Dace",45,1.17,0.0681858617461616,1.65321251377534,2025-06-03,"020502061207 Turtle Creek-West Branch Susquehanna River"
"6475","WF0-FL","Blacknose Dace",59,2.03,0.307496037913213,1.77085201164214,2025-06-03,"020502061207 Turtle Creek-West Branch Susquehanna River"
"6476","WF0-FL","Blacknose Dace",53,1.5,0.176091259055681,1.72427586960079,2024-06-04,"020502061207 Turtle Creek-West Branch Susquehanna River"
"6477","WF0-FL","Blacknose Dace",56,1.68,0.225309281725863,1.7481880270062,2024-06-04,"020502061207 Turtle Creek-West Branch Susquehanna River"
"6478","WF0-FL","Blacknose Dace",56,1.64,0.214843848047698,1.7481880270062,2024-06-04,"020502061207 Turtle Creek-West Branch Susquehanna River"
"6479","WF0-FL","Creek Chub",57,2.11,0.324282455297693,1.75587485567249,2025-06-03,"020502061207 Turtle Creek-West Branch Susquehanna River"
"6480","WF0-FL","Creek Chub",39,0.57,-0.244125144327509,1.5910646070265,2025-06-03,"020502061207 Turtle Creek-West Branch Susquehanna River"
"6481","WF0-FL","Creek Chub",61,2.82,0.450249108319361,1.78532983501077,2025-06-03,"020502061207 Turtle Creek-West Branch Susquehanna River"
"6482","WF0-FL","Central Stoneroller",84,4.75,0.676693609624867,1.92427928606188,2025-06-03,"020502061207 Turtle Creek-West Branch Susquehanna River"
"6483","WF0-FL","Fantail Darter",60,2.05,0.311753861055754,1.77815125038364,2025-06-03,"020502061207 Turtle Creek-West Branch Susquehanna River"
"6484","WF0-FL","Blacknose Dace",57,2,0.301029995663981,1.75587485567249,2025-06-03,"020502061207 Turtle Creek-West Branch Susquehanna River"
"6485","WF0-FL","Blacknose Dace",47,1.18,0.0718820073061254,1.67209785793572,2025-06-03,"020502061207 Turtle Creek-West Branch Susquehanna River"
"6486","WF0-FL","Creek Chub",49,1.72,0.235528446907549,1.69019608002851,2025-06-03,"020502061207 Turtle Creek-West Branch Susquehanna River"
"6487","WF0-FL","Creek Chub",66,4.11,0.613841821876069,1.81954393554187,2025-06-03,"020502061207 Turtle Creek-West Branch Susquehanna River"
"6488","WF0-FL","Creek Chub",69,4.43,0.64640372622307,1.83884909073726,2025-06-03,"020502061207 Turtle Creek-West Branch Susquehanna River"
"6489","WF0-FL","Creek Chub",45,1.05,0.0211892990699381,1.65321251377534,2025-06-03,"020502061207 Turtle Creek-West Branch Susquehanna River"
"6490","WF0-FL","Creek Chub",54,1.88,0.27415784926368,1.73239375982297,2025-06-03,"020502061207 Turtle Creek-West Branch Susquehanna River"
"6491","WF0-FL","Creek Chub",59,1.79,0.252853030979893,1.77085201164214,2025-06-03,"020502061207 Turtle Creek-West Branch Susquehanna River"
"6492","WF0-FL","Blacknose Dace",36,0.35,-0.455931955649724,1.55630250076729,2024-06-04,"020502061207 Turtle Creek-West Branch Susquehanna River"
"6493","WF0-FL","Blacknose Dace",57,1.59,0.201397124320452,1.75587485567249,2024-06-04,"020502061207 Turtle Creek-West Branch Susquehanna River"
"6494","WF0-FL","Blacknose Dace",55,1.47,0.167317334748176,1.74036268949424,2024-06-04,"020502061207 Turtle Creek-West Branch Susquehanna River"
"6495","WF0-FL","Creek Chub",109,17.9,1.25285303097989,2.03742649794062,2025-06-03,"020502061207 Turtle Creek-West Branch Susquehanna River"
"6496","WF0-FL","Creek Chub",61,2.98,0.474216264076255,1.78532983501077,2025-06-03,"020502061207 Turtle Creek-West Branch Susquehanna River"
"6497","WF0-FL","Creek Chub",50,1.4,0.146128035678238,1.69897000433602,2025-06-03,"020502061207 Turtle Creek-West Branch Susquehanna River"
"6498","WF0-FL","Creek Chub",55,1.85,0.267171728403014,1.74036268949424,2025-06-03,"020502061207 Turtle Creek-West Branch Susquehanna River"
"6499","WF0-FL","Blacknose Dace",64,2.72,0.434568904034199,1.80617997398389,2025-06-03,"020502061207 Turtle Creek-West Branch Susquehanna River"
"6500","WF0-FL","Blacknose Dace",66,2.9,0.462397997898956,1.81954393554187,2025-06-03,"020502061207 Turtle Creek-West Branch Susquehanna River"
"6501","WF0-FL","Creek Chub",54,1.83,0.262451089730429,1.73239375982297,2025-06-03,"020502061207 Turtle Creek-West Branch Susquehanna River"
"6502","WF0-FL","Creek Chub",47,1.28,0.107209969647868,1.67209785793572,2025-06-03,"020502061207 Turtle Creek-West Branch Susquehanna River"
"6503","WF0-FL","Creek Chub",57,2.43,0.385606273598312,1.75587485567249,2025-06-03,"020502061207 Turtle Creek-West Branch Susquehanna River"
"6504","WF0-FL","Creek Chub",45,1.08,0.0334237554869497,1.65321251377534,2025-06-03,"020502061207 Turtle Creek-West Branch Susquehanna River"
"6505","WF0-FL","Creek Chub",82,7.27,0.861534410859038,1.91381385238372,2025-06-03,"020502061207 Turtle Creek-West Branch Susquehanna River"
"6506","WF0-FL","Creek Chub",49,1.59,0.201397124320452,1.69019608002851,2025-06-03,"020502061207 Turtle Creek-West Branch Susquehanna River"
"6507","WF0-FL","Creek Chub",53,1.88,0.27415784926368,1.72427586960079,2025-06-03,"020502061207 Turtle Creek-West Branch Susquehanna River"
"6508","WF0-FL","Creek Chub",59,2.56,0.40823996531185,1.77085201164214,2025-06-03,"020502061207 Turtle Creek-West Branch Susquehanna River"
"6509","WF0-FL","Creek Chub",51,1.75,0.243038048686294,1.70757017609794,2025-06-03,"020502061207 Turtle Creek-West Branch Susquehanna River"
"6510","WF0-FL","Blacknose Dace",59,2.08,0.318063334962762,1.77085201164214,2025-06-03,"020502061207 Turtle Creek-West Branch Susquehanna River"
"6511","WF0-FL","Creek Chub",58,2.33,0.367355921026019,1.76342799356294,2025-06-03,"020502061207 Turtle Creek-West Branch Susquehanna River"
"6512","WF0-NW","Blacknose Dace",63,2.4,0.380211241711606,1.79934054945358,2022-06-13,"020502061207 Turtle Creek-West Branch Susquehanna River"
"6513","WF0-NW","Blacknose Dace",63,2.3,0.361727836017593,1.79934054945358,2022-06-13,"020502061207 Turtle Creek-West Branch Susquehanna River"
"6514","WF0-NW","Blacknose Dace",51,1.1,0.0413926851582251,1.70757017609794,2022-06-13,"020502061207 Turtle Creek-West Branch Susquehanna River"
"6515","WF0-NW","Blacknose Dace",59,1.8,0.255272505103306,1.77085201164214,2022-06-13,"020502061207 Turtle Creek-West Branch Susquehanna River"
"6516","WF0-NW","Blacknose Dace",65,2.5,0.397940008672038,1.81291335664286,2022-06-13,"020502061207 Turtle Creek-West Branch Susquehanna River"
"6517","WF0-NW","Creek Chub",40,0.71,-0.148741651280925,1.60205999132796,2024-06-04,"020502061207 Turtle Creek-West Branch Susquehanna River"
"6518","WF0-NW","Creek Chub",51,1.45,0.161368002234975,1.70757017609794,2024-06-04,"020502061207 Turtle Creek-West Branch Susquehanna River"
"6519","WF0-NW","Creek Chub",39,0.66,-0.180456064458131,1.5910646070265,2024-06-04,"020502061207 Turtle Creek-West Branch Susquehanna River"
"6520","WF0-NW","Blacknose Dace",54,2.3,0.361727836017593,1.73239375982297,2022-06-13,"020502061207 Turtle Creek-West Branch Susquehanna River"
"6521","WF0-NW","Blacknose Dace",68,3.4,0.531478917042255,1.83250891270624,2022-06-13,"020502061207 Turtle Creek-West Branch Susquehanna River"
"6522","WF0-NW","Creek Chub",49,1.1,0.0413926851582251,1.69019608002851,2022-06-13,"020502061207 Turtle Creek-West Branch Susquehanna River"
"6523","WF0-NW","Blacknose Dace",50,1.2,0.0791812460476248,1.69897000433602,2022-06-13,"020502061207 Turtle Creek-West Branch Susquehanna River"
"6524","WF0-NW","Blacknose Dace",63,2.5,0.397940008672038,1.79934054945358,2022-06-13,"020502061207 Turtle Creek-West Branch Susquehanna River"
"6525","WF0-NW","Blacknose Dace",66,2.4,0.380211241711606,1.81954393554187,2022-06-13,"020502061207 Turtle Creek-West Branch Susquehanna River"
"6526","WF0-NW","Creek Chub",116,15.6,1.19312459835446,2.06445798922692,2022-06-13,"020502061207 Turtle Creek-West Branch Susquehanna River"
"6527","WF0-NW","Blacknose Dace",68,3.2,0.505149978319906,1.83250891270624,2022-06-13,"020502061207 Turtle Creek-West Branch Susquehanna River"
"6528","WF0-NW","Blacknose Dace",41,0.7,-0.154901959985743,1.61278385671974,2022-06-13,"020502061207 Turtle Creek-West Branch Susquehanna River"
"6529","WF0-NW","Creek Chub",41,0.7,-0.154901959985743,1.61278385671974,2024-06-04,"020502061207 Turtle Creek-West Branch Susquehanna River"
"6530","WF0-NW","Creek Chub",41,0.91,-0.0409586076789064,1.61278385671974,2024-06-04,"020502061207 Turtle Creek-West Branch Susquehanna River"
"6531","WF0-NW","Blacknose Dace",76,3.9,0.591064607026499,1.88081359228079,2024-06-04,"020502061207 Turtle Creek-West Branch Susquehanna River"
"6532","WF0-NW","Blacknose Dace",56,1.9,0.278753600952829,1.7481880270062,2022-06-13,"020502061207 Turtle Creek-West Branch Susquehanna River"
"6533","WF0-NW","Blacknose Dace",51,1.1,0.0413926851582251,1.70757017609794,2022-06-13,"020502061207 Turtle Creek-West Branch Susquehanna River"
"6534","WF0-NW","Creek Chub",156,42.2,1.62531245096167,2.19312459835446,2022-06-13,"020502061207 Turtle Creek-West Branch Susquehanna River"
"6535","WF0-NW","Creek Chub",54,1.27,0.103803720955957,1.73239375982297,2024-06-04,"020502061207 Turtle Creek-West Branch Susquehanna River"
"6536","WF0-NW","Creek Chub",38,0.17,-0.769551078621726,1.57978359661681,2024-06-04,"020502061207 Turtle Creek-West Branch Susquehanna River"
"6537","WF0-NW","Creek Chub",73,5.1,0.707570176097936,1.86332286012046,2024-06-04,"020502061207 Turtle Creek-West Branch Susquehanna River"
"6538","WF0-NW","Creek Chub",49,0.65,-0.187086643357144,1.69019608002851,2024-06-04,"020502061207 Turtle Creek-West Branch Susquehanna River"
"6539","WF0-NW","Creek Chub",64,3.03,0.481442628502305,1.80617997398389,2024-06-04,"020502061207 Turtle Creek-West Branch Susquehanna River"
"6540","WF0-NW","Creek Chub",46,1.35,0.130333768495006,1.66275783168157,2024-06-04,"020502061207 Turtle Creek-West Branch Susquehanna River"
"6541","WF0-NW","Creek Chub",41,0.77,-0.113509274827518,1.61278385671974,2024-06-04,"020502061207 Turtle Creek-West Branch Susquehanna River"
"6542","WF0-NW","Creek Chub",51,1.4,0.146128035678238,1.70757017609794,2024-06-04,"020502061207 Turtle Creek-West Branch Susquehanna River"
"6543","WF0-NW","Creek Chub",135,25.34,1.40380661054742,2.13033376849501,2024-06-04,"020502061207 Turtle Creek-West Branch Susquehanna River"
"6544","WF0-NW","Creek Chub",60,2.23,0.348304863048161,1.77815125038364,2024-06-04,"020502061207 Turtle Creek-West Branch Susquehanna River"
"6545","WF0-NW","Creek Chub",55,1.82,0.260071387985075,1.74036268949424,2024-06-04,"020502061207 Turtle Creek-West Branch Susquehanna River"
"6546","WF0-NW","Creek Chub",42,0.79,-0.102372908709559,1.6232492903979,2024-06-04,"020502061207 Turtle Creek-West Branch Susquehanna River"
"6547","WF0-NW","Creek Chub",31,0.27,-0.568636235841013,1.49136169383427,2024-06-04,"020502061207 Turtle Creek-West Branch Susquehanna River"
"6548","WF0-NW","Creek Chub",39,0.7,-0.154901959985743,1.5910646070265,2024-06-04,"020502061207 Turtle Creek-West Branch Susquehanna River"
"6549","WF0-NW","Creek Chub",59,2.35,0.371067862271736,1.77085201164214,2024-06-04,"020502061207 Turtle Creek-West Branch Susquehanna River"
"6550","WF0-NW","Creek Chub",47,1.27,0.103803720955957,1.67209785793572,2024-06-04,"020502061207 Turtle Creek-West Branch Susquehanna River"
"6551","WF0-NW","Creek Chub",65,3.33,0.52244423350632,1.81291335664286,2024-06-04,"020502061207 Turtle Creek-West Branch Susquehanna River"
"6552","WF0-NW","Creek Chub",40,0.82,-0.0861861476162833,1.60205999132796,2024-06-04,"020502061207 Turtle Creek-West Branch Susquehanna River"
"6553","WF0-NW","Creek Chub",140,27.5,1.43933269383026,2.14612803567824,2022-06-13,"020502061207 Turtle Creek-West Branch Susquehanna River"
"6554","WF0-NW","Creek Chub",49,1.1,0.0413926851582251,1.69019608002851,2022-06-13,"020502061207 Turtle Creek-West Branch Susquehanna River"
"6555","WF0-NW","Creek Chub",49,1.1,0.0413926851582251,1.69019608002851,2022-06-13,"020502061207 Turtle Creek-West Branch Susquehanna River"
"6556","WF0-NW","Creek Chub",62,2.4,0.380211241711606,1.79239168949825,2022-06-13,"020502061207 Turtle Creek-West Branch Susquehanna River"
"6557","WF0-NW","Creek Chub",54,1.6,0.204119982655925,1.73239375982297,2022-06-13,"020502061207 Turtle Creek-West Branch Susquehanna River"
"6558","WF0-NW","Creek Chub",57,2,0.301029995663981,1.75587485567249,2022-06-13,"020502061207 Turtle Creek-West Branch Susquehanna River"
"6559","WF0-NW","Blacknose Dace",66,2.41,0.382017042574868,1.81954393554187,2024-06-04,"020502061207 Turtle Creek-West Branch Susquehanna River"
"6560","WF0-NW","Blacknose Dace",55,1.29,0.110589710299249,1.74036268949424,2024-06-04,"020502061207 Turtle Creek-West Branch Susquehanna River"
"6561","WF0-NW","Blacknose Dace",67,3.03,0.481442628502305,1.82607480270083,2024-06-04,"020502061207 Turtle Creek-West Branch Susquehanna River"
"6562","WF0-NW","Blacknose Dace",64,1.96,0.292256071356476,1.80617997398389,2024-06-04,"020502061207 Turtle Creek-West Branch Susquehanna River"
"6563","WF0-NW","Blacknose Dace",53,1.23,0.0899051114393979,1.72427586960079,2024-06-04,"020502061207 Turtle Creek-West Branch Susquehanna River"
"6564","WF0-NW","Blacknose Dace",68,2.95,0.469822015978163,1.83250891270624,2024-06-04,"020502061207 Turtle Creek-West Branch Susquehanna River"
"6565","WF0-NW","Blacknose Dace",59,0.97,-0.0132282657337552,1.77085201164214,2024-06-04,"020502061207 Turtle Creek-West Branch Susquehanna River"
"6566","WF0-NW","Blacknose Dace",69,3.13,0.495544337546448,1.83884909073726,2024-06-04,"020502061207 Turtle Creek-West Branch Susquehanna River"
"6567","WF0-NW","Blacknose Dace",54,1.38,0.139879086401236,1.73239375982297,2024-06-04,"020502061207 Turtle Creek-West Branch Susquehanna River"
"6568","WF0-NW","Blacknose Dace",46,1.12,0.0492180226701817,1.66275783168157,2024-06-04,"020502061207 Turtle Creek-West Branch Susquehanna River"
"6569","WF0-NW","Blacknose Dace",67,3.13,0.495544337546448,1.82607480270083,2024-06-04,"020502061207 Turtle Creek-West Branch Susquehanna River"
"6570","WF0-NW","Blacknose Dace",65,3,0.477121254719662,1.81291335664286,2022-06-13,"020502061207 Turtle Creek-West Branch Susquehanna River"
"6571","WF0-NW","Blacknose Dace",49,1.1,0.0413926851582251,1.69019608002851,2022-06-13,"020502061207 Turtle Creek-West Branch Susquehanna River"
"6572","WF0-NW","Blacknose Dace",56,1.5,0.176091259055681,1.7481880270062,2022-06-13,"020502061207 Turtle Creek-West Branch Susquehanna River"
"6573","WF0-NW","Blacknose Dace",77,4.4,0.643452676486187,1.88649072517248,2022-06-13,"020502061207 Turtle Creek-West Branch Susquehanna River"
"6574","WF0-NW","Blacknose Dace",71,3.5,0.544068044350276,1.85125834871908,2022-06-13,"020502061207 Turtle Creek-West Branch Susquehanna River"
"6575","WF0-NW","Blacknose Dace",48,0.9,-0.0457574905606751,1.68124123737559,2022-06-13,"020502061207 Turtle Creek-West Branch Susquehanna River"
"6576","WF0-NW","Blacknose Dace",51,1.3,0.113943352306837,1.70757017609794,2022-06-13,"020502061207 Turtle Creek-West Branch Susquehanna River"
"6577","WF0-NW","Blacknose Dace",62,2.3,0.361727836017593,1.79239168949825,2022-06-13,"020502061207 Turtle Creek-West Branch Susquehanna River"
"6578","WF0-NW","Blacknose Dace",55,1.6,0.204119982655925,1.74036268949424,2022-06-13,"020502061207 Turtle Creek-West Branch Susquehanna River"
"6579","WF0-NW","Creek Chub",69,3.6,0.556302500767287,1.83884909073726,2022-06-13,"020502061207 Turtle Creek-West Branch Susquehanna River"
"6580","WF0-NW","Blacknose Dace",65,2.7,0.431363764158987,1.81291335664286,2022-06-13,"020502061207 Turtle Creek-West Branch Susquehanna River"
"6581","WF0-NW","Blacknose Dace",38,0.6,-0.221848749616356,1.57978359661681,2022-06-13,"020502061207 Turtle Creek-West Branch Susquehanna River"
"6582","WF0-NW","Creek Chub",112,13.9,1.1430148002541,2.04921802267018,2022-06-13,"020502061207 Turtle Creek-West Branch Susquehanna River"
"6583","WF0-NW","Creek Chub",91,10.3,1.01283722470517,1.95904139232109,2022-06-13,"020502061207 Turtle Creek-West Branch Susquehanna River"
"6584","WF0-NW","Creek Chub",110,15.9,1.20139712432045,2.04139268515822,2022-06-13,"020502061207 Turtle Creek-West Branch Susquehanna River"
"6585","WF0-NW","Creek Chub",94,9.1,0.959041392321094,1.9731278535997,2022-06-13,"020502061207 Turtle Creek-West Branch Susquehanna River"
"6586","WF0-NW","Creek Chub",63,3.1,0.491361693834273,1.79934054945358,2022-06-13,"020502061207 Turtle Creek-West Branch Susquehanna River"
"6587","WF0-NW","Creek Chub",51,1.2,0.0791812460476248,1.70757017609794,2022-06-13,"020502061207 Turtle Creek-West Branch Susquehanna River"
"6588","WF0-NW","Creek Chub",68,3.9,0.591064607026499,1.83250891270624,2022-06-13,"020502061207 Turtle Creek-West Branch Susquehanna River"
"6589","WF0-NW","Creek Chub",88,6.9,0.838849090737255,1.94448267215017,2022-06-13,"020502061207 Turtle Creek-West Branch Susquehanna River"
"6590","WF0-NW","Creek Chub",76,5,0.698970004336019,1.88081359228079,2022-06-13,"020502061207 Turtle Creek-West Branch Susquehanna River"
"6591","WF0-NW","Creek Chub",74,4.2,0.6232492903979,1.86923171973098,2022-06-13,"020502061207 Turtle Creek-West Branch Susquehanna River"
"6592","WF0-NW","Creek Chub",47,0.9,-0.0457574905606751,1.67209785793572,2022-06-13,"020502061207 Turtle Creek-West Branch Susquehanna River"
"6593","WF0-NW","Blacknose Dace",39,0.39,-0.408935392973501,1.5910646070265,2025-06-05,"020502061207 Turtle Creek-West Branch Susquehanna River"
"6594","WF0-NW","Blacknose Dace",34,0.34,-0.468521082957745,1.53147891704226,2025-06-05,"020502061207 Turtle Creek-West Branch Susquehanna River"
"6595","WF0-NW","Blacknose Dace",60,1.81,0.257678574869184,1.77815125038364,2025-06-05,"020502061207 Turtle Creek-West Branch Susquehanna River"
"6596","WF0-NW","Blacknose Dace",53,0.5,-0.301029995663981,1.72427586960079,2025-06-05,"020502061207 Turtle Creek-West Branch Susquehanna River"
"6597","WF0-NW","Blacknose Dace",35,0.4,-0.397940008672038,1.54406804435028,2025-06-05,"020502061207 Turtle Creek-West Branch Susquehanna River"
"6598","WF0-NW","Blacknose Dace",34,0.4,-0.397940008672038,1.53147891704226,2025-06-05,"020502061207 Turtle Creek-West Branch Susquehanna River"
"6599","WF0-NW","Blacknose Dace",43,0.68,-0.167491087293764,1.63346845557959,2025-06-05,"020502061207 Turtle Creek-West Branch Susquehanna River"
"6600","WF0-NW","Blacknose Dace",71,3.5,0.544068044350276,1.85125834871908,2025-06-05,"020502061207 Turtle Creek-West Branch Susquehanna River"
"6601","WF0-NW","Blacknose Dace",64,2.36,0.372912002970107,1.80617997398389,2025-06-05,"020502061207 Turtle Creek-West Branch Susquehanna River"
"6602","WF0-NW","Blacknose Dace",51,1.32,0.12057393120585,1.70757017609794,2025-06-05,"020502061207 Turtle Creek-West Branch Susquehanna River"
"6603","WF0-NW","Blacknose Dace",37,0.49,-0.309803919971486,1.56820172406699,2025-06-05,"020502061207 Turtle Creek-West Branch Susquehanna River"
"6604","WF0-NW","Creek Chub",47,1.3,0.113943352306837,1.67209785793572,2025-06-05,"020502061207 Turtle Creek-West Branch Susquehanna River"
"6605","WF0-NW","Creek Chub",82,5.7,0.755874855672491,1.91381385238372,2025-06-05,"020502061207 Turtle Creek-West Branch Susquehanna River"
"6606","WF0-NW","Creek Chub",59,2.3,0.361727836017593,1.77085201164214,2025-06-05,"020502061207 Turtle Creek-West Branch Susquehanna River"
"6607","WF0-NW","Creek Chub",57,2,0.301029995663981,1.75587485567249,2025-06-05,"020502061207 Turtle Creek-West Branch Susquehanna River"
"6608","WF0-NW","Creek Chub",45,0.9,-0.0457574905606751,1.65321251377534,2025-06-05,"020502061207 Turtle Creek-West Branch Susquehanna River"
"6609","WF0-NW","Blacknose Dace",30,0.23,-0.638272163982407,1.47712125471966,2025-06-05,"020502061207 Turtle Creek-West Branch Susquehanna River"
"6610","WF0-NW","Creek Chub",80,5.2,0.716003343634799,1.90308998699194,2025-06-05,"020502061207 Turtle Creek-West Branch Susquehanna River"
"6611","WF0-NW","Creek Chub",58,2.3,0.361727836017593,1.76342799356294,2025-06-05,"020502061207 Turtle Creek-West Branch Susquehanna River"
"6612","WF0-NW","Creek Chub",68,3.4,0.531478917042255,1.83250891270624,2025-06-05,"020502061207 Turtle Creek-West Branch Susquehanna River"
"6613","WF0-NW","Creek Chub",58,2.4,0.380211241711606,1.76342799356294,2025-06-05,"020502061207 Turtle Creek-West Branch Susquehanna River"
"6614","WF0-NW","Creek Chub",100,14.7,1.16731733474818,2,2025-06-05,"020502061207 Turtle Creek-West Branch Susquehanna River"
"6615","WF0-NW","Creek Chub",42,0.7,-0.154901959985743,1.6232492903979,2025-06-05,"020502061207 Turtle Creek-West Branch Susquehanna River"
"6616","WF0-NW","Creek Chub",46,1,0,1.66275783168157,2025-06-05,"020502061207 Turtle Creek-West Branch Susquehanna River"
"6617","WF0-NW","Blacknose Dace",38,0.58,-0.236572006437063,1.57978359661681,2025-06-05,"020502061207 Turtle Creek-West Branch Susquehanna River"
"6618","WF0-NW","Blacknose Dace",38,0.56,-0.2518119729938,1.57978359661681,2025-06-05,"020502061207 Turtle Creek-West Branch Susquehanna River"
"6619","WF0-NW","Blacknose Dace",41,0.66,-0.180456064458131,1.61278385671974,2025-06-05,"020502061207 Turtle Creek-West Branch Susquehanna River"
"6620","WF0-NW","Blacknose Dace",31,0.3,-0.522878745280338,1.49136169383427,2025-06-05,"020502061207 Turtle Creek-West Branch Susquehanna River"
"6621","WF0-NW","Blacknose Dace",34,0.36,-0.443697499232713,1.53147891704226,2025-06-05,"020502061207 Turtle Creek-West Branch Susquehanna River"
"6622","WF0-NW","Creek Chub",61,2.4,0.380211241711606,1.78532983501077,2025-06-05,"020502061207 Turtle Creek-West Branch Susquehanna River"
"6623","WF0-NW","Creek Chub",78,5.4,0.732393759822969,1.89209460269048,2025-06-05,"020502061207 Turtle Creek-West Branch Susquehanna River"
"6624","WF0-NW","Creek Chub",91,6.5,0.812913356642856,1.95904139232109,2025-06-05,"020502061207 Turtle Creek-West Branch Susquehanna River"
"6625","WF0-NW","Blacknose Dace",29,0.21,-0.677780705266081,1.46239799789896,2025-06-05,"020502061207 Turtle Creek-West Branch Susquehanna River"
"6626","WF0-NW","Blacknose Dace",47,1.12,0.0492180226701817,1.67209785793572,2025-06-05,"020502061207 Turtle Creek-West Branch Susquehanna River"
"6627","WF0-NW","Blacknose Dace",40,0.59,-0.229147988357856,1.60205999132796,2025-06-05,"020502061207 Turtle Creek-West Branch Susquehanna River"
"6628","WF0-NW","Blacknose Dace",31,0.26,-0.585026652029182,1.49136169383427,2025-06-05,"020502061207 Turtle Creek-West Branch Susquehanna River"
"6629","WF0-NW","Blacknose Dace",51,1.33,0.123851640967086,1.70757017609794,2025-06-05,"020502061207 Turtle Creek-West Branch Susquehanna River"
"6630","WF0-NW","Creek Chub",64,2.6,0.414973347970818,1.80617997398389,2025-06-05,"020502061207 Turtle Creek-West Branch Susquehanna River"
"6631","WF0-NW","Creek Chub",69,3.6,0.556302500767287,1.83884909073726,2025-06-05,"020502061207 Turtle Creek-West Branch Susquehanna River"
"6632","WF0-NW","Creek Chub",50,1.3,0.113943352306837,1.69897000433602,2025-06-05,"020502061207 Turtle Creek-West Branch Susquehanna River"
"6633","WF0-NW","Creek Chub",102,15.7,1.19589965240923,2.00860017176192,2025-06-05,"020502061207 Turtle Creek-West Branch Susquehanna River"
"6634","WF0-NW","Creek Chub",81,5.1,0.707570176097936,1.90848501887865,2025-06-05,"020502061207 Turtle Creek-West Branch Susquehanna River"
"6635","WF0-NW","Creek Chub",101,15.9,1.20139712432045,2.00432137378264,2025-06-05,"020502061207 Turtle Creek-West Branch Susquehanna River"
"6636","WF0-NW","Creek Chub",50,1.5,0.176091259055681,1.69897000433602,2025-06-05,"020502061207 Turtle Creek-West Branch Susquehanna River"
"6637","WF0-NW","Blacknose Dace",60,1.8,0.255272505103306,1.77815125038364,2025-06-05,"020502061207 Turtle Creek-West Branch Susquehanna River"
"6638","WF0-NW","Blacknose Dace",43,0.64,-0.193820026016113,1.63346845557959,2025-06-05,"020502061207 Turtle Creek-West Branch Susquehanna River"
"6639","WF0-NW","Blacknose Dace",69,3.08,0.488550716500444,1.83884909073726,2025-06-05,"020502061207 Turtle Creek-West Branch Susquehanna River"
"6640","WF0-NW","Blacknose Dace",59,2.04,0.309630167425899,1.77085201164214,2025-06-05,"020502061207 Turtle Creek-West Branch Susquehanna River"
"6641","WF0-NW","Blacknose Dace",67,2.72,0.434568904034199,1.82607480270083,2025-06-05,"020502061207 Turtle Creek-West Branch Susquehanna River"
"6642","WF0-NW","Creek Chub",73,4.28,0.631443769013172,1.86332286012046,2025-06-05,"020502061207 Turtle Creek-West Branch Susquehanna River"
"6643","WF0-NW","Creek Chub",98,8.94,0.951337518795918,1.99122607569249,2025-06-05,"020502061207 Turtle Creek-West Branch Susquehanna River"
"6644","WF0-NW","Creek Chub",117,14.34,1.15654915133178,2.06818586174616,2025-06-05,"020502061207 Turtle Creek-West Branch Susquehanna River"
"6645","WF0-NW","Creek Chub",54,1.55,0.190331698170291,1.73239375982297,2025-06-05,"020502061207 Turtle Creek-West Branch Susquehanna River"
"6646","WF0-NW","Blacknose Dace",54,1.66,0.220108088040055,1.73239375982297,2025-06-05,"020502061207 Turtle Creek-West Branch Susquehanna River"
"6647","WF0-NW","Blacknose Dace",30,0.23,-0.638272163982407,1.47712125471966,2025-06-05,"020502061207 Turtle Creek-West Branch Susquehanna River"
"6648","WF0-NW","Creek Chub",73,4.68,0.670245853074124,1.86332286012046,2025-06-05,"020502061207 Turtle Creek-West Branch Susquehanna River"
"6649","WF0-NW","Creek Chub",66,3.1,0.491361693834273,1.81954393554187,2022-06-13,"020502061207 Turtle Creek-West Branch Susquehanna River"
"6650","WF0-NW","Creek Chub",60,2.4,0.380211241711606,1.77815125038364,2022-06-13,"020502061207 Turtle Creek-West Branch Susquehanna River"
"6651","WF0-NW","Blacknose Dace",65,3.03,0.481442628502305,1.81291335664286,2024-06-04,"020502061207 Turtle Creek-West Branch Susquehanna River"
"6652","WF0-NW","Blacknose Dace",65,2.54,0.404833716619938,1.81291335664286,2024-06-04,"020502061207 Turtle Creek-West Branch Susquehanna River"
"6653","WF0-NW","Blacknose Dace",50,1.13,0.0530784434834197,1.69897000433602,2024-06-04,"020502061207 Turtle Creek-West Branch Susquehanna River"
"6654","WF0-NW","Blacknose Dace",57,1.79,0.252853030979893,1.75587485567249,2024-06-04,"020502061207 Turtle Creek-West Branch Susquehanna River"
"6655","WF0-NW","Blacknose Dace",55,1.53,0.184691430817599,1.74036268949424,2024-06-04,"020502061207 Turtle Creek-West Branch Susquehanna River"
"6656","WF0-NW","Blacknose Dace",52,1.49,0.173186268412274,1.7160033436348,2024-06-04,"020502061207 Turtle Creek-West Branch Susquehanna River"
"6657","WF0-NW","Blacknose Dace",56,0.74,-0.130768280269024,1.7481880270062,2024-06-04,"020502061207 Turtle Creek-West Branch Susquehanna River"
"6658","WF0-NW","Blacknose Dace",46,0.99,-0.00436480540245009,1.66275783168157,2024-06-04,"020502061207 Turtle Creek-West Branch Susquehanna River"
"6659","WF0-NW","Creek Chub",40,0.55,-0.259637310505756,1.60205999132796,2024-06-04,"020502061207 Turtle Creek-West Branch Susquehanna River"
"6660","WF0-NW","Creek Chub",48,1.13,0.0530784434834197,1.68124123737559,2024-06-04,"020502061207 Turtle Creek-West Branch Susquehanna River"
"6661","WF0-NW","Creek Chub",45,0.96,-0.0177287669604316,1.65321251377534,2024-06-04,"020502061207 Turtle Creek-West Branch Susquehanna River"
"6662","WF0-NW","Creek Chub",41,0.75,-0.1249387366083,1.61278385671974,2024-06-04,"020502061207 Turtle Creek-West Branch Susquehanna River"
"6663","WF0-NW","Creek Chub",50,1.38,0.139879086401236,1.69897000433602,2024-06-04,"020502061207 Turtle Creek-West Branch Susquehanna River"
"6664","WF0-NW","Creek Chub",50,1.27,0.103803720955957,1.69897000433602,2024-06-04,"020502061207 Turtle Creek-West Branch Susquehanna River"
"6665","WF0-NW","Blacknose Dace",51,1.23,0.0899051114393979,1.70757017609794,2024-06-04,"020502061207 Turtle Creek-West Branch Susquehanna River"
"6666","WF0-NW","Blacknose Dace",51,1.36,0.133538908370218,1.70757017609794,2024-06-04,"020502061207 Turtle Creek-West Branch Susquehanna River"
"6667","WF0-NW","Blacknose Dace",65,2.72,0.434568904034199,1.81291335664286,2024-06-04,"020502061207 Turtle Creek-West Branch Susquehanna River"
"6668","WF0-NW","Blacknose Dace",58,1.53,0.184691430817599,1.76342799356294,2024-06-04,"020502061207 Turtle Creek-West Branch Susquehanna River"
"6669","WF0-NW","Blacknose Dace",58,2.09,0.320146286111054,1.76342799356294,2024-06-04,"020502061207 Turtle Creek-West Branch Susquehanna River"
"6670","WF0-NW","Blacknose Dace",47,0.83,-0.0809219076239261,1.67209785793572,2024-06-04,"020502061207 Turtle Creek-West Branch Susquehanna River"
"6671","WF0-NW","Blacknose Dace",51,1.36,0.133538908370218,1.70757017609794,2024-06-04,"020502061207 Turtle Creek-West Branch Susquehanna River"
"6672","WF0-NW","Blacknose Dace",41,0.62,-0.207608310501746,1.61278385671974,2024-06-04,"020502061207 Turtle Creek-West Branch Susquehanna River"
"6673","WF0-NW","Blacknose Dace",71,3.99,0.600972895686748,1.85125834871908,2024-06-04,"020502061207 Turtle Creek-West Branch Susquehanna River"
"6674","WF0-NW","Blacknose Dace",67,2.9,0.462397997898956,1.82607480270083,2024-06-04,"020502061207 Turtle Creek-West Branch Susquehanna River"
"6675","WF0-NW","Creek Chub",49,1.2,0.0791812460476248,1.69019608002851,2022-06-13,"020502061207 Turtle Creek-West Branch Susquehanna River"
"6676","WF0-NW","Creek Chub",56,1.8,0.255272505103306,1.7481880270062,2022-06-13,"020502061207 Turtle Creek-West Branch Susquehanna River"
"6677","WF0-NW","Blacknose Dace",58,1.7,0.230448921378274,1.76342799356294,2022-06-13,"020502061207 Turtle Creek-West Branch Susquehanna River"
"6678","WF0-NW","Creek Chub",43,0.8,-0.0969100130080564,1.63346845557959,2022-06-13,"020502061207 Turtle Creek-West Branch Susquehanna River"
"6679","WF0-NW","Blacknose Dace",58,1.6,0.204119982655925,1.76342799356294,2022-06-13,"020502061207 Turtle Creek-West Branch Susquehanna River"
"6680","WF0-NW","Creek Chub",114,15.4,1.18752072083646,2.05690485133647,2022-06-13,"020502061207 Turtle Creek-West Branch Susquehanna River"
"6681","WF0-NW","Creek Chub",96,9.4,0.973127853599699,1.98227123303957,2022-06-13,"020502061207 Turtle Creek-West Branch Susquehanna River"
"6682","WF0-NW","Blacknose Dace",70,3.2,0.505149978319906,1.84509804001426,2022-06-13,"020502061207 Turtle Creek-West Branch Susquehanna River"
"6683","WF0-NW","Creek Chub",57,2.4,0.380211241711606,1.75587485567249,2022-06-13,"020502061207 Turtle Creek-West Branch Susquehanna River"
"6684","WF0-NW","Blacknose Dace",53,1.2,0.0791812460476248,1.72427586960079,2022-06-13,"020502061207 Turtle Creek-West Branch Susquehanna River"
"6685","WF0-NW","Creek Chub",88,7.8,0.89209460269048,1.94448267215017,2022-06-13,"020502061207 Turtle Creek-West Branch Susquehanna River"
"6686","WF0-NW","Blacknose Dace",55,1.3,0.113943352306837,1.74036268949424,2022-06-13,"020502061207 Turtle Creek-West Branch Susquehanna River"
"6687","WF0-SW","Blacknose Dace",54,1.52,0.181843587944773,1.73239375982297,2024-06-07,"020502061207 Turtle Creek-West Branch Susquehanna River"
"6688","WF0-SW","Blacknose Dace",50,1.37,0.136720567156407,1.69897000433602,2024-06-07,"020502061207 Turtle Creek-West Branch Susquehanna River"
"6689","WF0-SW","Blacknose Dace",52,1.26,0.100370545117563,1.7160033436348,2024-06-07,"020502061207 Turtle Creek-West Branch Susquehanna River"
"6690","WF0-SW","Blacknose Dace",51,1.4,0.146128035678238,1.70757017609794,2022-06-13,"020502061207 Turtle Creek-West Branch Susquehanna River"
"6691","WF0-SW","Blacknose Dace",67,2.69,0.429752280002408,1.82607480270083,2024-06-07,"020502061207 Turtle Creek-West Branch Susquehanna River"
"6692","WF0-SW","Blacknose Dace",52,1.43,0.155336037465062,1.7160033436348,2024-06-07,"020502061207 Turtle Creek-West Branch Susquehanna River"
"6693","WF0-SW","Blacknose Dace",52,1.3,0.113943352306837,1.7160033436348,2022-06-13,"020502061207 Turtle Creek-West Branch Susquehanna River"
"6694","WF0-SW","Creek Chub",42,1,0,1.6232492903979,2022-06-13,"020502061207 Turtle Creek-West Branch Susquehanna River"
"6695","WF0-SW","Creek Chub",56,1.9,0.278753600952829,1.7481880270062,2022-06-13,"020502061207 Turtle Creek-West Branch Susquehanna River"
"6696","WF0-SW","Creek Chub",85,5.1,0.707570176097936,1.92941892571429,2022-06-13,"020502061207 Turtle Creek-West Branch Susquehanna River"
"6697","WF0-SW","Central Stoneroller",71,2.9,0.462397997898956,1.85125834871908,2022-06-13,"020502061207 Turtle Creek-West Branch Susquehanna River"
"6698","WF0-SW","Creek Chub",95,8.2,0.913813852383717,1.97772360528885,2022-06-13,"020502061207 Turtle Creek-West Branch Susquehanna River"
"6699","WF0-SW","Creek Chub",50,1.4,0.146128035678238,1.69897000433602,2022-06-13,"020502061207 Turtle Creek-West Branch Susquehanna River"
"6700","WF0-SW","Creek Chub",59,2.2,0.342422680822206,1.77085201164214,2022-06-13,"020502061207 Turtle Creek-West Branch Susquehanna River"
"6701","WF0-SW","Creek Chub",42,0.8,-0.0969100130080564,1.6232492903979,2022-06-13,"020502061207 Turtle Creek-West Branch Susquehanna River"
"6702","WF0-SW","Central Stoneroller",84,5.7,0.755874855672491,1.92427928606188,2022-06-13,"020502061207 Turtle Creek-West Branch Susquehanna River"
"6703","WF0-SW","Creek Chub",39,0.7,-0.154901959985743,1.5910646070265,2022-06-13,"020502061207 Turtle Creek-West Branch Susquehanna River"
"6704","WF0-SW","Central Stoneroller",56,1.6,0.204119982655925,1.7481880270062,2022-06-13,"020502061207 Turtle Creek-West Branch Susquehanna River"
"6705","WF0-SW","Creek Chub",97,10.2,1.00860017176192,1.98677173426624,2022-06-13,"020502061207 Turtle Creek-West Branch Susquehanna River"
"6706","WF0-SW","Creek Chub",43,0.8,-0.0969100130080564,1.63346845557959,2022-06-13,"020502061207 Turtle Creek-West Branch Susquehanna River"
"6707","WF0-SW","Central Stoneroller",144,30.5,1.48429983934679,2.15836249209525,2022-06-13,"020502061207 Turtle Creek-West Branch Susquehanna River"
"6708","WF0-SW","Creek Chub",76,4.2,0.6232492903979,1.88081359228079,2022-06-13,"020502061207 Turtle Creek-West Branch Susquehanna River"
"6709","WF0-SW","Creek Chub",50,1.5,0.176091259055681,1.69897000433602,2022-06-13,"020502061207 Turtle Creek-West Branch Susquehanna River"
"6710","WF0-SW","Creek Chub",57,1.9,0.278753600952829,1.75587485567249,2022-06-13,"020502061207 Turtle Creek-West Branch Susquehanna River"
"6711","WF0-SW","Creek Chub",60,2.2,0.342422680822206,1.77815125038364,2022-06-13,"020502061207 Turtle Creek-West Branch Susquehanna River"
"6712","WF0-SW","Creek Chub",67,3.7,0.568201724066995,1.82607480270083,2022-06-13,"020502061207 Turtle Creek-West Branch Susquehanna River"
"6713","WF0-SW","Central Stoneroller",56,1.7,0.230448921378274,1.7481880270062,2022-06-13,"020502061207 Turtle Creek-West Branch Susquehanna River"
"6714","WF0-SW","Central Stoneroller",55,1.5,0.176091259055681,1.74036268949424,2022-06-13,"020502061207 Turtle Creek-West Branch Susquehanna River"
"6715","WF0-SW","Central Stoneroller",67,2.7,0.431363764158987,1.82607480270083,2022-06-13,"020502061207 Turtle Creek-West Branch Susquehanna River"
"6716","WF0-SW","Central Stoneroller",55,1.5,0.176091259055681,1.74036268949424,2022-06-13,"020502061207 Turtle Creek-West Branch Susquehanna River"
"6717","WF0-SW","Central Stoneroller",54,1.3,0.113943352306837,1.73239375982297,2022-06-13,"020502061207 Turtle Creek-West Branch Susquehanna River"
"6718","WF0-SW","Central Stoneroller",83,4.4,0.643452676486187,1.91907809237607,2022-06-13,"020502061207 Turtle Creek-West Branch Susquehanna River"
"6719","WF0-SW","Central Stoneroller",72,2.8,0.447158031342219,1.85733249643127,2022-06-13,"020502061207 Turtle Creek-West Branch Susquehanna River"
"6720","WF0-SW","Central Stoneroller",48,0.8,-0.0969100130080564,1.68124123737559,2022-06-13,"020502061207 Turtle Creek-West Branch Susquehanna River"
"6721","WF0-SW","Central Stoneroller",60,2,0.301029995663981,1.77815125038364,2022-06-13,"020502061207 Turtle Creek-West Branch Susquehanna River"
"6722","WF0-SW","Fathead Minnow",65,3.1,0.491361693834273,1.81291335664286,2022-06-13,"020502061207 Turtle Creek-West Branch Susquehanna River"
"6723","WF0-SW","Fathead Minnow",65,2.6,0.414973347970818,1.81291335664286,2022-06-13,"020502061207 Turtle Creek-West Branch Susquehanna River"
"6724","WF0-SW","Fathead Minnow",67,2.7,0.431363764158987,1.82607480270083,2022-06-13,"020502061207 Turtle Creek-West Branch Susquehanna River"
"6725","WF0-SW","Creek Chub",60,1.9,0.278753600952829,1.77815125038364,2022-06-13,"020502061207 Turtle Creek-West Branch Susquehanna River"
"6726","WF0-SW","Creek Chub",51,1.7,0.230448921378274,1.70757017609794,2022-06-13,"020502061207 Turtle Creek-West Branch Susquehanna River"
"6727","WF0-SW","Creek Chub",51,1.3,0.113943352306837,1.70757017609794,2022-06-13,"020502061207 Turtle Creek-West Branch Susquehanna River"
"6728","WF0-SW","Fathead Minnow",69,3.6,0.556302500767287,1.83884909073726,2022-06-13,"020502061207 Turtle Creek-West Branch Susquehanna River"
"6729","WF0-SW","Fathead Minnow",63,2.8,0.447158031342219,1.79934054945358,2022-06-13,"020502061207 Turtle Creek-West Branch Susquehanna River"
"6730","WF0-SW","Central Stoneroller",67,2.8,0.447158031342219,1.82607480270083,2022-06-13,"020502061207 Turtle Creek-West Branch Susquehanna River"
"6731","WF0-SW","Creek Chub",158,47.5,1.67669360962487,2.19865708695442,2022-06-13,"020502061207 Turtle Creek-West Branch Susquehanna River"
"6732","WF0-SW","Creek Chub",113,17.6,1.24551266781415,2.05307844348342,2022-06-13,"020502061207 Turtle Creek-West Branch Susquehanna River"
"6733","WF0-SW","Creek Chub",65,3.1,0.491361693834273,1.81291335664286,2022-06-13,"020502061207 Turtle Creek-West Branch Susquehanna River"
"6734","WF0-SW","Creek Chub",86,6.9,0.838849090737255,1.93449845124357,2022-06-13,"020502061207 Turtle Creek-West Branch Susquehanna River"
"6735","WF0-SW","Creek Chub",56,1.7,0.230448921378274,1.7481880270062,2022-06-13,"020502061207 Turtle Creek-West Branch Susquehanna River"
"6736","WF0-SW","Creek Chub",58,1.9,0.278753600952829,1.76342799356294,2022-06-13,"020502061207 Turtle Creek-West Branch Susquehanna River"
"6737","WF0-SW","Creek Chub",51,1.4,0.146128035678238,1.70757017609794,2022-06-13,"020502061207 Turtle Creek-West Branch Susquehanna River"
"6738","WF0-SW","Central Stoneroller",60,1.9,0.278753600952829,1.77815125038364,2022-06-13,"020502061207 Turtle Creek-West Branch Susquehanna River"
"6739","WF0-SW","Central Stoneroller",86,5.2,0.716003343634799,1.93449845124357,2022-06-13,"020502061207 Turtle Creek-West Branch Susquehanna River"
"6740","WF0-SW","Central Stoneroller",52,1.3,0.113943352306837,1.7160033436348,2022-06-13,"020502061207 Turtle Creek-West Branch Susquehanna River"
"6741","WF0-SW","Creek Chub",52,1.4,0.146128035678238,1.7160033436348,2022-06-13,"020502061207 Turtle Creek-West Branch Susquehanna River"
"6742","WF0-SW","Creek Chub",56,1.8,0.255272505103306,1.7481880270062,2022-06-13,"020502061207 Turtle Creek-West Branch Susquehanna River"
"6743","WF0-SW","Blacknose Dace",53,1.3,0.113943352306837,1.72427586960079,2022-06-13,"020502061207 Turtle Creek-West Branch Susquehanna River"
"6744","WF0-SW","Blacknose Dace",60,2,0.301029995663981,1.77815125038364,2022-06-13,"020502061207 Turtle Creek-West Branch Susquehanna River"
"6745","WF0-SW","Central Stoneroller",113,10.3,1.01283722470517,2.05307844348342,2022-06-13,"020502061207 Turtle Creek-West Branch Susquehanna River"
"6746","WF0-SW","Central Stoneroller",88,5.8,0.763427993562937,1.94448267215017,2022-06-13,"020502061207 Turtle Creek-West Branch Susquehanna River"
"6747","WF0-SW","Central Stoneroller",83,4.2,0.6232492903979,1.91907809237607,2022-06-13,"020502061207 Turtle Creek-West Branch Susquehanna River"
"6748","WF0-SW","Central Stoneroller",90,5.5,0.740362689494244,1.95424250943932,2022-06-13,"020502061207 Turtle Creek-West Branch Susquehanna River"
"6749","WF0-SW","Central Stoneroller",58,1.7,0.230448921378274,1.76342799356294,2022-06-13,"020502061207 Turtle Creek-West Branch Susquehanna River"
"6750","WF0-SW","Central Stoneroller",66,2.1,0.322219294733919,1.81954393554187,2022-06-13,"020502061207 Turtle Creek-West Branch Susquehanna River"
"6751","WF0-SW","Central Stoneroller",76,3.8,0.57978359661681,1.88081359228079,2022-06-13,"020502061207 Turtle Creek-West Branch Susquehanna River"
"6752","WF0-SW","Central Stoneroller",55,1.4,0.146128035678238,1.74036268949424,2022-06-13,"020502061207 Turtle Creek-West Branch Susquehanna River"
"6753","WF0-SW","Central Stoneroller",81,4.2,0.6232492903979,1.90848501887865,2022-06-13,"020502061207 Turtle Creek-West Branch Susquehanna River"
"6754","WF0-SW","Central Stoneroller",75,3.7,0.568201724066995,1.8750612633917,2022-06-13,"020502061207 Turtle Creek-West Branch Susquehanna River"
"6755","WF0-SW","Blacknose Dace",47,0.8,-0.0969100130080564,1.67209785793572,2022-06-13,"020502061207 Turtle Creek-West Branch Susquehanna River"
"6756","WF0-SW","Blacknose Dace",51,1.2,0.0791812460476248,1.70757017609794,2022-06-13,"020502061207 Turtle Creek-West Branch Susquehanna River"
"6757","WF0-SW","Blacknose Dace",52,1.2,0.0791812460476248,1.7160033436348,2022-06-13,"020502061207 Turtle Creek-West Branch Susquehanna River"
"6758","WF0-SW","Blacknose Dace",48,1.1,0.0413926851582251,1.68124123737559,2022-06-13,"020502061207 Turtle Creek-West Branch Susquehanna River"
"6759","WF0-SW","Blacknose Dace",54,1.4,0.146128035678238,1.73239375982297,2022-06-13,"020502061207 Turtle Creek-West Branch Susquehanna River"
"6760","WF0-SW","Blacknose Dace",50,1.5,0.176091259055681,1.69897000433602,2022-06-13,"020502061207 Turtle Creek-West Branch Susquehanna River"
"6761","WF0-SW","Blacknose Dace",43,0.7,-0.154901959985743,1.63346845557959,2022-06-13,"020502061207 Turtle Creek-West Branch Susquehanna River"
"6762","WF0-SW","Central Stoneroller",55,1.6,0.204119982655925,1.74036268949424,2022-06-13,"020502061207 Turtle Creek-West Branch Susquehanna River"
"6763","WF0-SW","Central Stoneroller",56,1.6,0.204119982655925,1.7481880270062,2022-06-13,"020502061207 Turtle Creek-West Branch Susquehanna River"
"6764","WF0-SW","Blacknose Dace",68,2.9,0.462397997898956,1.83250891270624,2022-06-13,"020502061207 Turtle Creek-West Branch Susquehanna River"
"6765","WF0-SW","Fathead Minnow",63,2.6,0.414973347970818,1.79934054945358,2022-06-13,"020502061207 Turtle Creek-West Branch Susquehanna River"
"6766","WF0-SW","Fathead Minnow",64,3.5,0.544068044350276,1.80617997398389,2022-06-13,"020502061207 Turtle Creek-West Branch Susquehanna River"
"6767","WF0-SW","Fathead Minnow",64,2.7,0.431363764158987,1.80617997398389,2022-06-13,"020502061207 Turtle Creek-West Branch Susquehanna River"
"6768","WF0-SW","Blacknose Dace",50,1,0,1.69897000433602,2022-06-13,"020502061207 Turtle Creek-West Branch Susquehanna River"
"6769","WF0-SW","Blacknose Dace",45,0.8,-0.0969100130080564,1.65321251377534,2022-06-13,"020502061207 Turtle Creek-West Branch Susquehanna River"
"6770","WF0-SW","Central Stoneroller",62,1.91,0.281033367247728,1.79239168949825,2024-06-07,"020502061207 Turtle Creek-West Branch Susquehanna River"
"6771","WF0-SW","Fathead Minnow",66,4.47,0.650307523131936,1.81954393554187,2024-06-07,"020502061207 Turtle Creek-West Branch Susquehanna River"
"6772","WF0-SW","Fathead Minnow",62,2.71,0.432969290874406,1.79239168949825,2024-06-07,"020502061207 Turtle Creek-West Branch Susquehanna River"
"6773","WF0-SW","Fathead Minnow",67,3.97,0.598790506763115,1.82607480270083,2024-06-07,"020502061207 Turtle Creek-West Branch Susquehanna River"
"6774","WF0-SW","Fathead Minnow",72,4,0.602059991327962,1.85733249643127,2024-06-07,"020502061207 Turtle Creek-West Branch Susquehanna River"
"6775","WF0-SW","Fathead Minnow",66,2.74,0.437750562820388,1.81954393554187,2024-06-07,"020502061207 Turtle Creek-West Branch Susquehanna River"
"6776","WF0-SW","Fathead Minnow",70,4.25,0.628388930050311,1.84509804001426,2024-06-07,"020502061207 Turtle Creek-West Branch Susquehanna River"
"6777","WF0-SW","Fathead Minnow",67,3.77,0.576341350205793,1.82607480270083,2024-06-07,"020502061207 Turtle Creek-West Branch Susquehanna River"
"6778","WF0-SW","Fathead Minnow",71,4.12,0.614897216033135,1.85125834871908,2024-06-07,"020502061207 Turtle Creek-West Branch Susquehanna River"
"6779","WF0-SW","Fathead Minnow",55,1.62,0.209515014542631,1.74036268949424,2024-06-07,"020502061207 Turtle Creek-West Branch Susquehanna River"
"6780","WF0-SW","Green Sunfish",148,82.75,1.91776800244776,2.17026171539496,2024-06-07,"020502061207 Turtle Creek-West Branch Susquehanna River"
"6781","WF0-SW","Green Sunfish",118,29.47,1.46938013584993,2.07188200730613,2024-06-07,"020502061207 Turtle Creek-West Branch Susquehanna River"
"6782","WF0-SW","Green Sunfish",74,7.42,0.870403905279027,1.86923171973098,2024-06-07,"020502061207 Turtle Creek-West Branch Susquehanna River"
"6783","WF0-SW","Green Sunfish",92,13.8,1.13987908640124,1.96378782734556,2024-06-07,"020502061207 Turtle Creek-West Branch Susquehanna River"
"6784","WF0-SW","Green Sunfish",50,2.19,0.340444114840118,1.69897000433602,2024-06-07,"020502061207 Turtle Creek-West Branch Susquehanna River"
"6785","WF0-SW","Green Sunfish",95,15.64,1.19423674872383,1.97772360528885,2024-06-07,"020502061207 Turtle Creek-West Branch Susquehanna River"
"6786","WF0-SW","Fathead Minnow",54,1.48,0.170261715394957,1.73239375982297,2024-06-07,"020502061207 Turtle Creek-West Branch Susquehanna River"
"6787","WF0-SW","Fathead Minnow",59,1.92,0.28330122870355,1.77085201164214,2024-06-07,"020502061207 Turtle Creek-West Branch Susquehanna River"
"6788","WF0-SW","Fathead Minnow",53,1.42,0.152288344383056,1.72427586960079,2024-06-07,"020502061207 Turtle Creek-West Branch Susquehanna River"
"6789","WF0-SW","Fathead Minnow",74,2.89,0.460897842756548,1.86923171973098,2024-06-07,"020502061207 Turtle Creek-West Branch Susquehanna River"
"6790","WF0-SW","Creek Chub",57,2.31,0.363611979892144,1.75587485567249,2024-06-07,"020502061207 Turtle Creek-West Branch Susquehanna River"
"6791","WF0-SW","Creek Chub",46,0.96,-0.0177287669604316,1.66275783168157,2024-06-07,"020502061207 Turtle Creek-West Branch Susquehanna River"
"6792","WF0-SW","Creek Chub",57,1.91,0.281033367247728,1.75587485567249,2024-06-07,"020502061207 Turtle Creek-West Branch Susquehanna River"
"6793","WF0-SW","Creek Chub",45,0.3,-0.522878745280338,1.65321251377534,2024-06-07,"020502061207 Turtle Creek-West Branch Susquehanna River"
"6794","WF0-SW","Creek Chub",51,1.36,0.133538908370218,1.70757017609794,2024-06-07,"020502061207 Turtle Creek-West Branch Susquehanna River"
"6795","WF0-SW","Creek Chub",146,35,1.54406804435028,2.16435285578444,2024-06-07,"020502061207 Turtle Creek-West Branch Susquehanna River"
"6796","WF0-SW","Creek Chub",63,2.85,0.45484486000851,1.79934054945358,2024-06-07,"020502061207 Turtle Creek-West Branch Susquehanna River"
"6797","WF0-SW","Creek Chub",59,2.14,0.330413773349191,1.77085201164214,2024-06-07,"020502061207 Turtle Creek-West Branch Susquehanna River"
"6798","WF0-SW","Fathead Minnow",71,4.69,0.671172842715083,1.85125834871908,2024-06-07,"020502061207 Turtle Creek-West Branch Susquehanna River"
"6799","WF0-SW","Fathead Minnow",63,1.96,0.292256071356476,1.79934054945358,2024-06-07,"020502061207 Turtle Creek-West Branch Susquehanna River"
"6800","WF0-SW","Fathead Minnow",59,1.9,0.278753600952829,1.77085201164214,2024-06-07,"020502061207 Turtle Creek-West Branch Susquehanna River"
"6801","WF0-SW","Blacknose Dace",64,2.57,0.409933123331295,1.80617997398389,2024-06-07,"020502061207 Turtle Creek-West Branch Susquehanna River"
"6802","WF0-SW","Blacknose Dace",60,2.17,0.33645973384853,1.77815125038364,2024-06-07,"020502061207 Turtle Creek-West Branch Susquehanna River"
"6803","WF0-SW","Blacknose Dace",53,1.29,0.110589710299249,1.72427586960079,2024-06-07,"020502061207 Turtle Creek-West Branch Susquehanna River"
"6804","WF0-SW","Blacknose Dace",54,1.57,0.195899652409234,1.73239375982297,2024-06-07,"020502061207 Turtle Creek-West Branch Susquehanna River"
"6805","WF0-SW","Blacknose Dace",54,1.58,0.198657086954423,1.73239375982297,2024-06-07,"020502061207 Turtle Creek-West Branch Susquehanna River"
"6806","WF0-SW","Creek Chub",94,7.92,0.898725181589494,1.9731278535997,2024-06-07,"020502061207 Turtle Creek-West Branch Susquehanna River"
"6807","WF0-SW","Creek Chub",79,5.7,0.755874855672491,1.89762709129044,2024-06-07,"020502061207 Turtle Creek-West Branch Susquehanna River"
"6808","WF0-SW","Blacknose Dace",54,1.59,0.201397124320452,1.73239375982297,2024-06-07,"020502061207 Turtle Creek-West Branch Susquehanna River"
"6809","WF0-SW","Blacknose Dace",55,1.53,0.184691430817599,1.74036268949424,2024-06-07,"020502061207 Turtle Creek-West Branch Susquehanna River"
"6810","WF0-SW","Blacknose Dace",56,1.6,0.204119982655925,1.7481880270062,2024-06-07,"020502061207 Turtle Creek-West Branch Susquehanna River"
"6811","WF0-SW","Blacknose Dace",59,1.99,0.298853076409707,1.77085201164214,2024-06-07,"020502061207 Turtle Creek-West Branch Susquehanna River"
"6812","WF0-SW","Blacknose Dace",49,1.06,0.0253058652647703,1.69019608002851,2024-06-07,"020502061207 Turtle Creek-West Branch Susquehanna River"
"6813","WF0-SW","Blacknose Dace",52,1.37,0.136720567156407,1.7160033436348,2024-06-07,"020502061207 Turtle Creek-West Branch Susquehanna River"
"6814","WF0-SW","Creek Chub",72,4.87,0.687528961214634,1.85733249643127,2024-06-07,"020502061207 Turtle Creek-West Branch Susquehanna River"
"6815","WF0-SW","Creek Chub",75,4.44,0.64738297011462,1.8750612633917,2024-06-07,"020502061207 Turtle Creek-West Branch Susquehanna River"
"6816","WF0-SW","Creek Chub",65,3.03,0.481442628502305,1.81291335664286,2024-06-07,"020502061207 Turtle Creek-West Branch Susquehanna River"
"6817","WF0-SW","Blacknose Dace",33,0.24,-0.619788758288394,1.51851393987789,2024-06-07,"020502061207 Turtle Creek-West Branch Susquehanna River"
"6818","WF0-SW","Blacknose Dace",59,2.28,0.357934847000454,1.77085201164214,2024-06-07,"020502061207 Turtle Creek-West Branch Susquehanna River"
"6819","WF0-SW","Blacknose Dace",38,0.46,-0.337242168318426,1.57978359661681,2024-06-07,"020502061207 Turtle Creek-West Branch Susquehanna River"
"6820","WF0-SW","Blacknose Dace",49,2.22,0.346352974450639,1.69019608002851,2024-06-07,"020502061207 Turtle Creek-West Branch Susquehanna River"
"6821","WF0-SW","Creek Chub",60,2.34,0.369215857410143,1.77815125038364,2024-06-07,"020502061207 Turtle Creek-West Branch Susquehanna River"
"6822","WF0-SW","Creek Chub",70,3.42,0.534026106056135,1.84509804001426,2024-06-07,"020502061207 Turtle Creek-West Branch Susquehanna River"
"6823","WF0-SW","Creek Chub",78,5.3,0.724275869600789,1.89209460269048,2024-06-07,"020502061207 Turtle Creek-West Branch Susquehanna River"
"6824","WF0-SW","Creek Chub",84,6.46,0.810232517995084,1.92427928606188,2024-06-07,"020502061207 Turtle Creek-West Branch Susquehanna River"
"6825","WF0-SW","Creek Chub",70,3.64,0.561101383649056,1.84509804001426,2024-06-07,"020502061207 Turtle Creek-West Branch Susquehanna River"
"6826","WF0-SW","Creek Chub",56,1.58,0.198657086954423,1.7481880270062,2024-06-07,"020502061207 Turtle Creek-West Branch Susquehanna River"
"6827","WF0-SW","Blacknose Dace",54,1.57,0.195899652409234,1.73239375982297,2024-06-07,"020502061207 Turtle Creek-West Branch Susquehanna River"
"6828","WF0-SW","Blacknose Dace",56,1.47,0.167317334748176,1.7481880270062,2024-06-07,"020502061207 Turtle Creek-West Branch Susquehanna River"
"6829","WF0-SW","Blacknose Dace",51,1.24,0.0934216851622351,1.70757017609794,2024-06-07,"020502061207 Turtle Creek-West Branch Susquehanna River"
"6830","WF0-SW","Fathead Minnow",48,1.81,0.257678574869184,1.68124123737559,2024-06-07,"020502061207 Turtle Creek-West Branch Susquehanna River"
"6831","WF0-SW","Fathead Minnow",69,4.03,0.605305046141109,1.83884909073726,2024-06-07,"020502061207 Turtle Creek-West Branch Susquehanna River"
"6832","WF0-SW","Fathead Minnow",70,3.7,0.568201724066995,1.84509804001426,2024-06-07,"020502061207 Turtle Creek-West Branch Susquehanna River"
"6833","WF0-SW","Fathead Minnow",73,3.84,0.584331224367531,1.86332286012046,2024-06-07,"020502061207 Turtle Creek-West Branch Susquehanna River"
"6834","WF0-SW","Fathead Minnow",65,2.62,0.418301291319745,1.81291335664286,2024-06-07,"020502061207 Turtle Creek-West Branch Susquehanna River"
"6835","WF0-SW","Fathead Minnow",58,1.68,0.225309281725863,1.76342799356294,2024-06-07,"020502061207 Turtle Creek-West Branch Susquehanna River"
"6836","WF0-SW","White Sucker",100,9.76,0.989449817666692,2,2024-06-07,"020502061207 Turtle Creek-West Branch Susquehanna River"
"6837","WF0-SW","White Sucker",137,24.72,1.39304846641678,2.13672056715641,2024-06-07,"020502061207 Turtle Creek-West Branch Susquehanna River"
"6838","WF0-SW","Creek Chub",71,3.83,0.583198773968623,1.85125834871908,2024-06-07,"020502061207 Turtle Creek-West Branch Susquehanna River"
"6839","WF0-SW","Creek Chub",66,3.41,0.532754378992498,1.81954393554187,2024-06-07,"020502061207 Turtle Creek-West Branch Susquehanna River"
"6840","WF0-SW","Creek Chub",62,2.88,0.459392487759231,1.79239168949825,2024-06-07,"020502061207 Turtle Creek-West Branch Susquehanna River"
"6841","WF0-SW","Creek Chub",71,4.08,0.61066016308988,1.85125834871908,2024-06-07,"020502061207 Turtle Creek-West Branch Susquehanna River"
"6842","WF0-SW","Creek Chub",63,3.39,0.530199698203082,1.79934054945358,2024-06-07,"020502061207 Turtle Creek-West Branch Susquehanna River"
"6843","WF0-SW","Creek Chub",61,2.2,0.342422680822206,1.78532983501077,2024-06-07,"020502061207 Turtle Creek-West Branch Susquehanna River"
"6844","WF0-SW","Creek Chub",129,19.72,1.29490691060519,2.11058971029925,2024-06-07,"020502061207 Turtle Creek-West Branch Susquehanna River"
"6845","WF0-SW","Creek Chub",72,3.99,0.600972895686748,1.85733249643127,2024-06-07,"020502061207 Turtle Creek-West Branch Susquehanna River"
"6846","WF0-SW","Creek Chub",132,28.36,1.45270622651103,2.12057393120585,2024-06-07,"020502061207 Turtle Creek-West Branch Susquehanna River"
"6847","WF0-SW","Creek Chub",154,44.46,1.64796945836297,2.18752072083646,2024-06-07,"020502061207 Turtle Creek-West Branch Susquehanna River"
"6848","WF0-SW","Creek Chub",125,20.42,1.31005573775089,2.09691001300806,2024-06-07,"020502061207 Turtle Creek-West Branch Susquehanna River"
"6849","WF0-SW","Green Sunfish",87,11.89,1.07518185461869,1.93951925261862,2024-06-07,"020502061207 Turtle Creek-West Branch Susquehanna River"
"6850","WF0-SW","Green Sunfish",119,34.54,1.53832233323144,2.07554696139253,2024-06-07,"020502061207 Turtle Creek-West Branch Susquehanna River"
"6851","WF0-SW","Green Sunfish",105,20.91,1.32035403281767,2.02118929906994,2024-06-07,"020502061207 Turtle Creek-West Branch Susquehanna River"
"6852","WF0-SW","Green Sunfish",115,42.08,1.62407573114568,2.06069784035361,2024-06-07,"020502061207 Turtle Creek-West Branch Susquehanna River"
"6853","WF0-SW","Green Sunfish",138,58.3,1.76566855475901,2.13987908640124,2024-06-07,"020502061207 Turtle Creek-West Branch Susquehanna River"
"6854","WF0-SW","Green Sunfish",117,29.41,1.46849502450707,2.06818586174616,2024-06-07,"020502061207 Turtle Creek-West Branch Susquehanna River"
"6855","WF0-SW","Green Sunfish",133,55.99,1.74811046749498,2.12385164096709,2024-06-07,"020502061207 Turtle Creek-West Branch Susquehanna River"
"6856","WF0-SW","Green Sunfish",80,9.25,0.966141732739033,1.90308998699194,2024-06-07,"020502061207 Turtle Creek-West Branch Susquehanna River"
"6857","WF0-SW","Green Sunfish",90,14.47,1.16046853111904,1.95424250943932,2024-06-07,"020502061207 Turtle Creek-West Branch Susquehanna River"
"6858","WF0-SW","Green Sunfish",146,72.33,1.85931846509712,2.16435285578444,2024-06-07,"020502061207 Turtle Creek-West Branch Susquehanna River"
"6859","WF0-SW","Green Sunfish",135,60.32,1.78046133286172,2.13033376849501,2024-06-07,"020502061207 Turtle Creek-West Branch Susquehanna River"
"6860","WF0-SW","Green Sunfish",167,25.42,1.40517554621799,2.22271647114758,2024-06-07,"020502061207 Turtle Creek-West Branch Susquehanna River"
"6861","WF0-SW","Blacknose Dace",32,0.35,-0.455931955649724,1.50514997831991,2024-06-07,"020502061207 Turtle Creek-West Branch Susquehanna River"
"6862","WF0-SW","Blacknose Dace",55,1.59,0.201397124320452,1.74036268949424,2024-06-07,"020502061207 Turtle Creek-West Branch Susquehanna River"
"6863","WF0-SW","Blacknose Dace",56,1.67,0.222716471147583,1.7481880270062,2024-06-07,"020502061207 Turtle Creek-West Branch Susquehanna River"
"6864","WF0-SW","Blacknose Dace",54,1.52,0.181843587944773,1.73239375982297,2024-06-07,"020502061207 Turtle Creek-West Branch Susquehanna River"
"6865","WF0-SW","Blacknose Dace",58,1.76,0.24551266781415,1.76342799356294,2024-06-07,"020502061207 Turtle Creek-West Branch Susquehanna River"
"6866","WF0-SW","Blacknose Dace",57,1.65,0.217483944213906,1.75587485567249,2024-06-07,"020502061207 Turtle Creek-West Branch Susquehanna River"
"6867","WF0-SW","Central Stoneroller",86,5.37,0.729974285699556,1.93449845124357,2024-06-07,"020502061207 Turtle Creek-West Branch Susquehanna River"
"6868","WF0-SW","Central Stoneroller",77,4.2,0.6232492903979,1.88649072517248,2024-06-07,"020502061207 Turtle Creek-West Branch Susquehanna River"
"6869","WF0-SW","Central Stoneroller",74,3.33,0.52244423350632,1.86923171973098,2024-06-07,"020502061207 Turtle Creek-West Branch Susquehanna River"
"6870","WF0-SW","Central Stoneroller",59,1.12,0.0492180226701817,1.77085201164214,2024-06-07,"020502061207 Turtle Creek-West Branch Susquehanna River"
"6871","WF0-SW","Central Stoneroller",56,1.67,0.222716471147583,1.7481880270062,2024-06-07,"020502061207 Turtle Creek-West Branch Susquehanna River"
"6872","WF0-SW","Central Stoneroller",65,2.45,0.389166084364532,1.81291335664286,2024-06-07,"020502061207 Turtle Creek-West Branch Susquehanna River"
"6873","WF0-SW","Central Stoneroller",73,3,0.477121254719662,1.86332286012046,2024-06-07,"020502061207 Turtle Creek-West Branch Susquehanna River"
"6874","WF0-SW","Central Stoneroller",65,2.01,0.303196057420489,1.81291335664286,2024-06-07,"020502061207 Turtle Creek-West Branch Susquehanna River"
"6875","WF0-SW","Central Stoneroller",78,2.67,0.426511261364575,1.89209460269048,2024-06-07,"020502061207 Turtle Creek-West Branch Susquehanna River"
"6876","WF0-SW","Central Stoneroller",95,6.52,0.81424759573192,1.97772360528885,2024-06-07,"020502061207 Turtle Creek-West Branch Susquehanna River"
"6877","WF0-SW","Central Stoneroller",93,7.1,0.851258348719075,1.96848294855394,2024-06-07,"020502061207 Turtle Creek-West Branch Susquehanna River"
"6878","WF0-SW","Central Stoneroller",101,8.23,0.91539983521227,2.00432137378264,2024-06-07,"020502061207 Turtle Creek-West Branch Susquehanna River"
"6879","WF0-SW","Central Stoneroller",71,3.14,0.496929648073215,1.85125834871908,2024-06-07,"020502061207 Turtle Creek-West Branch Susquehanna River"
"6880","WF0-SW","Central Stoneroller",70,2.58,0.41161970596323,1.84509804001426,2024-06-07,"020502061207 Turtle Creek-West Branch Susquehanna River"
"6881","WF0-SW","Central Stoneroller",72,3.26,0.513217600067939,1.85733249643127,2024-06-07,"020502061207 Turtle Creek-West Branch Susquehanna River"
"6882","WF0-SW","Central Stoneroller",60,1.77,0.247973266361807,1.77815125038364,2024-06-07,"020502061207 Turtle Creek-West Branch Susquehanna River"
"6883","WF0-SW","Central Stoneroller",56,1.49,0.173186268412274,1.7481880270062,2024-06-07,"020502061207 Turtle Creek-West Branch Susquehanna River"
"6884","WF0-SW","Central Stoneroller",82,4.06,0.608526033577194,1.91381385238372,2024-06-07,"020502061207 Turtle Creek-West Branch Susquehanna River"
"6885","WF0-SW","Central Stoneroller",66,2.41,0.382017042574868,1.81954393554187,2024-06-07,"020502061207 Turtle Creek-West Branch Susquehanna River"
"6886","WF0-SW","Central Stoneroller",73,3.56,0.551449997972875,1.86332286012046,2024-06-07,"020502061207 Turtle Creek-West Branch Susquehanna River"
"6887","WF0-SW","Central Stoneroller",63,2.23,0.348304863048161,1.79934054945358,2024-06-07,"020502061207 Turtle Creek-West Branch Susquehanna River"
"6888","WF0-SW","Blacknose Dace",56,1.72,0.235528446907549,1.7481880270062,2024-06-07,"020502061207 Turtle Creek-West Branch Susquehanna River"
"6889","WF0-SW","Central Stoneroller",87,4.94,0.693726948923647,1.93951925261862,2024-06-07,"020502061207 Turtle Creek-West Branch Susquehanna River"
"6890","WF0-SW","Central Stoneroller",58,1.59,0.201397124320452,1.76342799356294,2024-06-07,"020502061207 Turtle Creek-West Branch Susquehanna River"
"6891","WF0-SW","Blacknose Dace",44,0.92,-0.0362121726544447,1.64345267648619,2025-06-09,"020502061207 Turtle Creek-West Branch Susquehanna River"
"6892","WF0-SW","Blacknose Dace",61,2.29,0.359835482339888,1.78532983501077,2025-06-09,"020502061207 Turtle Creek-West Branch Susquehanna River"
"6893","WF0-SW","Blacknose Dace",57,2.21,0.344392273685111,1.75587485567249,2025-06-09,"020502061207 Turtle Creek-West Branch Susquehanna River"
"6894","WF0-SW","Fathead Minnow",60,2.2,0.342422680822206,1.77815125038364,2022-06-13,"020502061207 Turtle Creek-West Branch Susquehanna River"
"6895","WF0-SW","Fathead Minnow",67,3.1,0.491361693834273,1.82607480270083,2022-06-13,"020502061207 Turtle Creek-West Branch Susquehanna River"
"6896","WF0-SW","Fathead Minnow",64,2.3,0.361727836017593,1.80617997398389,2022-06-13,"020502061207 Turtle Creek-West Branch Susquehanna River"
"6897","WF0-SW","Fathead Minnow",67,3.8,0.57978359661681,1.82607480270083,2022-06-13,"020502061207 Turtle Creek-West Branch Susquehanna River"
"6898","WF0-SW","Green Sunfish",144,64.2,1.80753502806885,2.15836249209525,2022-06-13,"020502061207 Turtle Creek-West Branch Susquehanna River"
"6899","WF0-SW","Green Sunfish",82,10.5,1.02118929906994,1.91381385238372,2022-06-13,"020502061207 Turtle Creek-West Branch Susquehanna River"
"6900","WF0-SW","Creek Chub",35,0.3,-0.522878745280338,1.54406804435028,2022-06-13,"020502061207 Turtle Creek-West Branch Susquehanna River"
"6901","WF0-SW","Creek Chub",85,6.4,0.806179973983887,1.92941892571429,2022-06-13,"020502061207 Turtle Creek-West Branch Susquehanna River"
"6902","WF0-SW","Creek Chub",55,1.9,0.278753600952829,1.74036268949424,2022-06-13,"020502061207 Turtle Creek-West Branch Susquehanna River"
"6903","WF0-SW","Blacknose Dace",60,1.9,0.278753600952829,1.77815125038364,2022-06-13,"020502061207 Turtle Creek-West Branch Susquehanna River"
"6904","WF0-SW","Blacknose Dace",54,1.4,0.146128035678238,1.73239375982297,2022-06-13,"020502061207 Turtle Creek-West Branch Susquehanna River"
"6905","WF0-SW","Blacknose Dace",54,1.5,0.176091259055681,1.73239375982297,2022-06-13,"020502061207 Turtle Creek-West Branch Susquehanna River"
"6906","WF0-SW","Blacknose Dace",46,0.8,-0.0969100130080564,1.66275783168157,2022-06-13,"020502061207 Turtle Creek-West Branch Susquehanna River"
"6907","WF0-SW","Blacknose Dace",55,1.4,0.146128035678238,1.74036268949424,2022-06-13,"020502061207 Turtle Creek-West Branch Susquehanna River"
"6908","WF0-SW","Blacknose Dace",39,0.6,-0.221848749616356,1.5910646070265,2022-06-13,"020502061207 Turtle Creek-West Branch Susquehanna River"
"6909","WF0-SW","Blacknose Dace",54,1.6,0.204119982655925,1.73239375982297,2022-06-13,"020502061207 Turtle Creek-West Branch Susquehanna River"
"6910","WF0-SW","Central Stoneroller",93,7.1,0.851258348719075,1.96848294855394,2022-06-13,"020502061207 Turtle Creek-West Branch Susquehanna River"
"6911","WF0-SW","Green Sunfish",77,9.6,0.982271233039568,1.88649072517248,2022-06-13,"020502061207 Turtle Creek-West Branch Susquehanna River"
"6912","WF0-SW","Blacknose Dace",52,1.4,0.146128035678238,1.7160033436348,2022-06-13,"020502061207 Turtle Creek-West Branch Susquehanna River"
"6913","WF0-SW","Blacknose Dace",45,0.8,-0.0969100130080564,1.65321251377534,2022-06-13,"020502061207 Turtle Creek-West Branch Susquehanna River"
"6914","WF0-SW","Green Sunfish",82,10.1,1.00432137378264,1.91381385238372,2022-06-13,"020502061207 Turtle Creek-West Branch Susquehanna River"
"6915","WF0-SW","Blacknose Dace",50,1.3,0.113943352306837,1.69897000433602,2022-06-13,"020502061207 Turtle Creek-West Branch Susquehanna River"
"6916","WF0-SW","Blacknose Dace",45,0.8,-0.0969100130080564,1.65321251377534,2022-06-13,"020502061207 Turtle Creek-West Branch Susquehanna River"
"6917","WF0-SW","Blacknose Dace",57,1.8,0.255272505103306,1.75587485567249,2022-06-13,"020502061207 Turtle Creek-West Branch Susquehanna River"
"6918","WF0-SW","Blacknose Dace",48,1.2,0.0791812460476248,1.68124123737559,2022-06-13,"020502061207 Turtle Creek-West Branch Susquehanna River"
"6919","WF0-SW","Blacknose Dace",48,0.8,-0.0969100130080564,1.68124123737559,2022-06-13,"020502061207 Turtle Creek-West Branch Susquehanna River"
"6920","WF0-SW","Blacknose Dace",48,1,0,1.68124123737559,2022-06-13,"020502061207 Turtle Creek-West Branch Susquehanna River"
"6921","WF0-SW","Blacknose Dace",50,1.3,0.113943352306837,1.69897000433602,2022-06-13,"020502061207 Turtle Creek-West Branch Susquehanna River"
"6922","WF0-SW","Fathead Minnow",62,2.02,0.305351369446624,1.79239168949825,2024-06-07,"020502061207 Turtle Creek-West Branch Susquehanna River"
"6923","WF0-SW","Fathead Minnow",65,2.42,0.383815365980431,1.81291335664286,2024-06-07,"020502061207 Turtle Creek-West Branch Susquehanna River"
"6924","WF0-SW","Central Stoneroller",80,4.59,0.661812685537261,1.90308998699194,2024-06-07,"020502061207 Turtle Creek-West Branch Susquehanna River"
"6925","WF0-SW","Fathead Minnow",71,3.99,0.600972895686748,1.85125834871908,2024-06-07,"020502061207 Turtle Creek-West Branch Susquehanna River"
"6926","WF0-SW","Fathead Minnow",55,1.69,0.227886704613674,1.74036268949424,2024-06-07,"020502061207 Turtle Creek-West Branch Susquehanna River"
"6927","WF0-SW","Blacknose Dace",48,0.96,-0.0177287669604316,1.68124123737559,2025-06-09,"020502061207 Turtle Creek-West Branch Susquehanna River"
"6928","WF0-SW","Blacknose Dace",50,1.13,0.0530784434834197,1.69897000433602,2025-06-09,"020502061207 Turtle Creek-West Branch Susquehanna River"
"6929","WF0-SW","Blacknose Dace",55,1.57,0.195899652409234,1.74036268949424,2025-06-09,"020502061207 Turtle Creek-West Branch Susquehanna River"
"6930","WF0-SW","Blacknose Dace",43,0.68,-0.167491087293764,1.63346845557959,2025-06-09,"020502061207 Turtle Creek-West Branch Susquehanna River"
"6931","WF0-SW","Blacknose Dace",49,1.5,0.176091259055681,1.69019608002851,2025-06-09,"020502061207 Turtle Creek-West Branch Susquehanna River"
"6932","WF0-SW","Central Stoneroller",103,12.3,1.0899051114394,2.01283722470517,2025-06-09,"020502061207 Turtle Creek-West Branch Susquehanna River"
"6933","WF0-SW","Central Stoneroller",73,4.05,0.607455023214668,1.86332286012046,2025-06-09,"020502061207 Turtle Creek-West Branch Susquehanna River"
"6934","WF0-SW","Central Stoneroller",61,1.65,0.217483944213906,1.78532983501077,2025-06-09,"020502061207 Turtle Creek-West Branch Susquehanna River"
"6935","WF0-SW","Central Stoneroller",70,2.8,0.447158031342219,1.84509804001426,2025-06-09,"020502061207 Turtle Creek-West Branch Susquehanna River"
"6936","WF0-SW","Central Stoneroller",72,2.67,0.426511261364575,1.85733249643127,2025-06-09,"020502061207 Turtle Creek-West Branch Susquehanna River"
"6937","WF0-SW","Central Stoneroller",89,5.74,0.758911892397974,1.94939000664491,2025-06-09,"020502061207 Turtle Creek-West Branch Susquehanna River"
"6938","WF0-SW","Central Stoneroller",90,6.47,0.8109042806687,1.95424250943932,2025-06-09,"020502061207 Turtle Creek-West Branch Susquehanna River"
"6939","WF0-SW","Central Stoneroller",84,4.9,0.690196080028514,1.92427928606188,2025-06-09,"020502061207 Turtle Creek-West Branch Susquehanna River"
"6940","WF0-SW","Central Stoneroller",78,4.4,0.643452676486187,1.89209460269048,2025-06-09,"020502061207 Turtle Creek-West Branch Susquehanna River"
"6941","WF0-SW","Central Stoneroller",96,7.4,0.869231719730976,1.98227123303957,2025-06-09,"020502061207 Turtle Creek-West Branch Susquehanna River"
"6942","WF0-SW","Central Stoneroller",105,9.9,0.99563519459755,2.02118929906994,2025-06-09,"020502061207 Turtle Creek-West Branch Susquehanna River"
"6943","WF0-SW","Central Stoneroller",84,4.2,0.6232492903979,1.92427928606188,2025-06-09,"020502061207 Turtle Creek-West Branch Susquehanna River"
"6944","WF0-SW","Central Stoneroller",89,5.3,0.724275869600789,1.94939000664491,2025-06-09,"020502061207 Turtle Creek-West Branch Susquehanna River"
"6945","WF0-SW","Central Stoneroller",96,7,0.845098040014257,1.98227123303957,2025-06-09,"020502061207 Turtle Creek-West Branch Susquehanna River"
"6946","WF0-SW","Central Stoneroller",56,1.7,0.230448921378274,1.7481880270062,2025-06-09,"020502061207 Turtle Creek-West Branch Susquehanna River"
"6947","WF0-SW","Central Stoneroller",86,5.2,0.716003343634799,1.93449845124357,2025-06-09,"020502061207 Turtle Creek-West Branch Susquehanna River"
"6948","WF0-SW","Central Stoneroller",93,6.56,0.81690383937566,1.96848294855394,2025-06-09,"020502061207 Turtle Creek-West Branch Susquehanna River"
"6949","WF0-SW","Central Stoneroller",65,1.9,0.278753600952829,1.81291335664286,2025-06-09,"020502061207 Turtle Creek-West Branch Susquehanna River"
"6950","WF0-SW","Central Stoneroller",96,7.4,0.869231719730976,1.98227123303957,2025-06-09,"020502061207 Turtle Creek-West Branch Susquehanna River"
"6951","WF0-SW","Central Stoneroller",66,2.7,0.431363764158987,1.81954393554187,2025-06-09,"020502061207 Turtle Creek-West Branch Susquehanna River"
"6952","WF0-SW","Central Stoneroller",97,7.6,0.880813592280791,1.98677173426624,2025-06-09,"020502061207 Turtle Creek-West Branch Susquehanna River"
"6953","WF0-SW","Central Stoneroller",86,4.6,0.662757831681574,1.93449845124357,2025-06-09,"020502061207 Turtle Creek-West Branch Susquehanna River"
"6954","WF0-SW","Creek Chub",66,3.34,0.523746466811564,1.81954393554187,2025-06-09,"020502061207 Turtle Creek-West Branch Susquehanna River"
"6955","WF0-SW","Creek Chub",67,3.72,0.570542939881898,1.82607480270083,2025-06-09,"020502061207 Turtle Creek-West Branch Susquehanna River"
"6956","WF0-SW","Creek Chub",56,1.68,0.225309281725863,1.7481880270062,2025-06-09,"020502061207 Turtle Creek-West Branch Susquehanna River"
"6957","WF0-SW","Creek Chub",54,1.65,0.217483944213906,1.73239375982297,2025-06-09,"020502061207 Turtle Creek-West Branch Susquehanna River"
"6958","WF0-SW","Creek Chub",60,2.41,0.382017042574868,1.77815125038364,2025-06-09,"020502061207 Turtle Creek-West Branch Susquehanna River"
"6959","WF0-SW","Creek Chub",134,34.64,1.53957788334531,2.12710479836481,2025-06-09,"020502061207 Turtle Creek-West Branch Susquehanna River"
"6960","WF0-SW","Creek Chub",58,2.19,0.340444114840118,1.76342799356294,2025-06-09,"020502061207 Turtle Creek-West Branch Susquehanna River"
"6961","WF0-SW","Creek Chub",60,2.44,0.387389826338729,1.77815125038364,2025-06-09,"020502061207 Turtle Creek-West Branch Susquehanna River"
"6962","WF0-SW","Creek Chub",142,42.91,1.63255851453267,2.15228834438306,2025-06-09,"020502061207 Turtle Creek-West Branch Susquehanna River"
"6963","WF0-SW","Creek Chub",84,7.02,0.846337112129805,1.92427928606188,2025-06-09,"020502061207 Turtle Creek-West Branch Susquehanna River"
"6964","WF0-SW","Creek Chub",64,3.14,0.496929648073215,1.80617997398389,2025-06-09,"020502061207 Turtle Creek-West Branch Susquehanna River"
"6965","WF0-SW","Creek Chub",50,1.58,0.198657086954423,1.69897000433602,2025-06-09,"020502061207 Turtle Creek-West Branch Susquehanna River"
"6966","WF0-SW","Creek Chub",142,36.58,1.5632437011404,2.15228834438306,2025-06-09,"020502061207 Turtle Creek-West Branch Susquehanna River"
"6967","WF0-SW","Creek Chub",55,2,0.301029995663981,1.74036268949424,2025-06-09,"020502061207 Turtle Creek-West Branch Susquehanna River"
"6968","WF0-SW","Creek Chub",66,4.2,0.6232492903979,1.81954393554187,2025-06-09,"020502061207 Turtle Creek-West Branch Susquehanna River"
"6969","WF0-SW","Creek Chub",60,2.3,0.361727836017593,1.77815125038364,2025-06-09,"020502061207 Turtle Creek-West Branch Susquehanna River"
"6970","WF0-SW","Creek Chub",84,8.05,0.905795880367869,1.92427928606188,2025-06-09,"020502061207 Turtle Creek-West Branch Susquehanna River"
"6971","WF0-SW","Creek Chub",52,1.33,0.123851640967086,1.7160033436348,2025-06-09,"020502061207 Turtle Creek-West Branch Susquehanna River"
"6972","WF0-SW","Creek Chub",54,2.11,0.324282455297693,1.73239375982297,2025-06-09,"020502061207 Turtle Creek-West Branch Susquehanna River"
"6973","WF0-SW","Creek Chub",52,1.42,0.152288344383056,1.7160033436348,2025-06-09,"020502061207 Turtle Creek-West Branch Susquehanna River"
"6974","WF0-SW","Creek Chub",92,9.98,0.999130541287371,1.96378782734556,2025-06-09,"020502061207 Turtle Creek-West Branch Susquehanna River"
"6975","WF0-SW","Creek Chub",101,3.06,0.48572142648158,2.00432137378264,2025-06-09,"020502061207 Turtle Creek-West Branch Susquehanna River"
"6976","WF0-SW","Creek Chub",55,2.13,0.328379603438738,1.74036268949424,2025-06-09,"020502061207 Turtle Creek-West Branch Susquehanna River"
"6977","WF0-SW","Creek Chub",74,4.92,0.69196510276736,1.86923171973098,2025-06-09,"020502061207 Turtle Creek-West Branch Susquehanna River"
"6978","WF0-SW","Creek Chub",56,2.04,0.309630167425899,1.7481880270062,2025-06-09,"020502061207 Turtle Creek-West Branch Susquehanna River"
"6979","WF0-SW","Creek Chub",71,4.5,0.653212513775344,1.85125834871908,2025-06-09,"020502061207 Turtle Creek-West Branch Susquehanna River"
"6980","WF0-SW","Creek Chub",50,1.4,0.146128035678238,1.69897000433602,2025-06-09,"020502061207 Turtle Creek-West Branch Susquehanna River"
"6981","WF0-SW","Creek Chub",74,4.62,0.664641975556125,1.86923171973098,2025-06-09,"020502061207 Turtle Creek-West Branch Susquehanna River"
"6982","WF0-SW","White Sucker",102,9.86,0.993876914941211,2.00860017176192,2025-06-09,"020502061207 Turtle Creek-West Branch Susquehanna River"
"6983","WF0-SW","White Sucker",250,82.5,1.91645394854993,2.39794000867204,2025-06-09,"020502061207 Turtle Creek-West Branch Susquehanna River"
"6984","WF0-SW","Green Sunfish",65,5.1,0.707570176097936,1.81291335664286,2025-06-09,"020502061207 Turtle Creek-West Branch Susquehanna River"
"6985","WF0-SW","Green Sunfish",62,4.6,0.662757831681574,1.79239168949825,2025-06-09,"020502061207 Turtle Creek-West Branch Susquehanna River"
"6986","WF0-SW","Green Sunfish",45,1.3,0.113943352306837,1.65321251377534,2025-06-09,"020502061207 Turtle Creek-West Branch Susquehanna River"
"6987","WF0-SW","Green Sunfish",53,2.4,0.380211241711606,1.72427586960079,2025-06-09,"020502061207 Turtle Creek-West Branch Susquehanna River"
"6988","WF0-SW","Green Sunfish",50,2.3,0.361727836017593,1.69897000433602,2025-06-09,"020502061207 Turtle Creek-West Branch Susquehanna River"
"6989","WF0-SW","Green Sunfish",45,1.2,0.0791812460476248,1.65321251377534,2025-06-09,"020502061207 Turtle Creek-West Branch Susquehanna River"
"6990","WF0-SW","Green Sunfish",84,12.5,1.09691001300806,1.92427928606188,2025-06-09,"020502061207 Turtle Creek-West Branch Susquehanna River"
"6991","WF0-SW","Green Sunfish",60,3.94,0.595496221825574,1.77815125038364,2025-06-09,"020502061207 Turtle Creek-West Branch Susquehanna River"
"6992","WF0-SW","Green Sunfish",50,2.15,0.332438459915605,1.69897000433602,2025-06-09,"020502061207 Turtle Creek-West Branch Susquehanna River"
"6993","WF0-SW","Creek Chub",103,14.68,1.16672605558005,2.01283722470517,2025-06-09,"020502061207 Turtle Creek-West Branch Susquehanna River"
"6994","WF0-SW","Creek Chub",136,34.94,1.54332290064691,2.13353890837022,2025-06-09,"020502061207 Turtle Creek-West Branch Susquehanna River"
"6995","WF0-SW","Green Sunfish",73,8.73,0.94101424370557,1.86332286012046,2025-06-09,"020502061207 Turtle Creek-West Branch Susquehanna River"
"6996","WF0-SW","Green Sunfish",63,5.19,0.715167357848458,1.79934054945358,2025-06-09,"020502061207 Turtle Creek-West Branch Susquehanna River"
"6997","WF0-SW","Green Sunfish",60,4.6,0.662757831681574,1.77815125038364,2025-06-09,"020502061207 Turtle Creek-West Branch Susquehanna River"
"6998","WF0-SW","Green Sunfish",65,5.49,0.739572344450092,1.81291335664286,2025-06-09,"020502061207 Turtle Creek-West Branch Susquehanna River"
"6999","WF0-SW","Green Sunfish",51,3.18,0.502427119984433,1.70757017609794,2025-06-09,"020502061207 Turtle Creek-West Branch Susquehanna River"
"7000","WF0-SW","Green Sunfish",54,2.8,0.447158031342219,1.73239375982297,2025-06-09,"020502061207 Turtle Creek-West Branch Susquehanna River"
"7001","WF0-SW","Green Sunfish",48,2.15,0.332438459915605,1.68124123737559,2025-06-09,"020502061207 Turtle Creek-West Branch Susquehanna River"
"7002","WF0-SW","Green Sunfish",47,2.24,0.350248018334163,1.67209785793572,2025-06-09,"020502061207 Turtle Creek-West Branch Susquehanna River"
"7003","WF0-SW","Green Sunfish",158,82.2,1.91487181754005,2.19865708695442,2025-06-09,"020502061207 Turtle Creek-West Branch Susquehanna River"
"7004","WF0-SW","Green Sunfish",106,20.6,1.31386722036915,2.02530586526477,2025-06-09,"020502061207 Turtle Creek-West Branch Susquehanna River"
"7005","WF0-SW","Green Sunfish",130,51.2,1.70926996097583,2.11394335230684,2025-06-09,"020502061207 Turtle Creek-West Branch Susquehanna River"
"7006","WF0-SW","Green Sunfish",52,3.02,0.480006942957151,1.7160033436348,2025-06-09,"020502061207 Turtle Creek-West Branch Susquehanna River"
"7007","WF0-SW","Green Sunfish",45,1.75,0.243038048686294,1.65321251377534,2025-06-09,"020502061207 Turtle Creek-West Branch Susquehanna River"
"7008","WF0-SW","Green Sunfish",66,5.7,0.755874855672491,1.81954393554187,2025-06-09,"020502061207 Turtle Creek-West Branch Susquehanna River"
"7009","WF0-SW","Green Sunfish",51,1.9,0.278753600952829,1.70757017609794,2025-06-09,"020502061207 Turtle Creek-West Branch Susquehanna River"
"7010","WF0-SW","Green Sunfish",57,3.2,0.505149978319906,1.75587485567249,2025-06-09,"020502061207 Turtle Creek-West Branch Susquehanna River"
"7011","WF0-SW","Green Sunfish",56,3.5,0.544068044350276,1.7481880270062,2025-06-09,"020502061207 Turtle Creek-West Branch Susquehanna River"
"7012","WF0-SW","Green Sunfish",155,87.9,1.94398887507377,2.19033169817029,2025-06-09,"020502061207 Turtle Creek-West Branch Susquehanna River"
"7013","WF0-SW","Blacknose Dace",47,1,0,1.67209785793572,2025-06-09,"020502061207 Turtle Creek-West Branch Susquehanna River"
"7014","WF0-SW","Blacknose Dace",37,0.46,-0.337242168318426,1.56820172406699,2025-06-09,"020502061207 Turtle Creek-West Branch Susquehanna River"
"7015","WF0-SW","Blacknose Dace",54,1.62,0.209515014542631,1.73239375982297,2025-06-09,"020502061207 Turtle Creek-West Branch Susquehanna River"
"7016","WF0-SW","Blacknose Dace",60,2.21,0.344392273685111,1.77815125038364,2025-06-09,"020502061207 Turtle Creek-West Branch Susquehanna River"
"7017","WF0-SW","Blacknose Dace",51,1.4,0.146128035678238,1.70757017609794,2025-06-09,"020502061207 Turtle Creek-West Branch Susquehanna River"
"7018","WF0-SW","Blacknose Dace",55,1.05,0.0211892990699381,1.74036268949424,2025-06-09,"020502061207 Turtle Creek-West Branch Susquehanna River"
"7019","WF0-SW","Blacknose Dace",44,0.75,-0.1249387366083,1.64345267648619,2025-06-09,"020502061207 Turtle Creek-West Branch Susquehanna River"
"7020","WF0-SW","Blacknose Dace",45,0.93,-0.0315170514460649,1.65321251377534,2025-06-09,"020502061207 Turtle Creek-West Branch Susquehanna River"
"7021","WF0-SW","Blacknose Dace",54,1.74,0.2405492482826,1.73239375982297,2025-06-09,"020502061207 Turtle Creek-West Branch Susquehanna River"
"7022","WF0-SW","Blacknose Dace",63,2.41,0.382017042574868,1.79934054945358,2025-06-09,"020502061207 Turtle Creek-West Branch Susquehanna River"
"7023","WF0-SW","Blacknose Dace",61,2.21,0.344392273685111,1.78532983501077,2025-06-09,"020502061207 Turtle Creek-West Branch Susquehanna River"
"7024","WF0-SW","Blacknose Dace",50,1.69,0.227886704613674,1.69897000433602,2025-06-09,"020502061207 Turtle Creek-West Branch Susquehanna River"
"7025","WF0-SW","Blacknose Dace",58,2.4,0.380211241711606,1.76342799356294,2025-06-09,"020502061207 Turtle Creek-West Branch Susquehanna River"
"7026","WF0-SW","Central Stoneroller",58,1.7,0.230448921378274,1.76342799356294,2025-06-09,"020502061207 Turtle Creek-West Branch Susquehanna River"
"7027","WF0-SW","Central Stoneroller",85,4.9,0.690196080028514,1.92941892571429,2025-06-09,"020502061207 Turtle Creek-West Branch Susquehanna River"
"7028","WF0-SW","Blacknose Dace",59,2.1,0.322219294733919,1.77085201164214,2025-06-09,"020502061207 Turtle Creek-West Branch Susquehanna River"
"7029","WF0-SW","Blacknose Dace",52,1.64,0.214843848047698,1.7160033436348,2025-06-09,"020502061207 Turtle Creek-West Branch Susquehanna River"
"7030","WF0-SW","Blacknose Dace",51,1.29,0.110589710299249,1.70757017609794,2025-06-09,"020502061207 Turtle Creek-West Branch Susquehanna River"
"7031","WF0-SW","Blacknose Dace",56,1.1,0.0413926851582251,1.7481880270062,2025-06-09,"020502061207 Turtle Creek-West Branch Susquehanna River"
"7032","WF0-SW","Blacknose Dace",47,0.96,-0.0177287669604316,1.67209785793572,2025-06-09,"020502061207 Turtle Creek-West Branch Susquehanna River"
"7033","WF0-SW","Blacknose Dace",47,1.12,0.0492180226701817,1.67209785793572,2025-06-09,"020502061207 Turtle Creek-West Branch Susquehanna River"
"7034","WF0-SW","Blacknose Dace",47,1.03,0.0128372247051722,1.67209785793572,2025-06-09,"020502061207 Turtle Creek-West Branch Susquehanna River"
"7035","WF0-SW","Central Stoneroller",84,5.5,0.740362689494244,1.92427928606188,2025-06-09,"020502061207 Turtle Creek-West Branch Susquehanna River"
"7036","WF0-SW","Central Stoneroller",78,4,0.602059991327962,1.89209460269048,2025-06-09,"020502061207 Turtle Creek-West Branch Susquehanna River"
"7037","WF0-SW","Central Stoneroller",83,4.8,0.681241237375587,1.91907809237607,2025-06-09,"020502061207 Turtle Creek-West Branch Susquehanna River"
"7038","WF0-SW","Central Stoneroller",63,2.1,0.322219294733919,1.79934054945358,2025-06-09,"020502061207 Turtle Creek-West Branch Susquehanna River"
"7039","WF0-SW","Green Sunfish",40,1.12,0.0492180226701817,1.60205999132796,2025-06-09,"020502061207 Turtle Creek-West Branch Susquehanna River"
"7040","WF0-SW","Green Sunfish",53,2.88,0.459392487759231,1.72427586960079,2025-06-09,"020502061207 Turtle Creek-West Branch Susquehanna River"
"7041","WF0-SW","Central Stoneroller",96,7.35,0.866287339084195,1.98227123303957,2025-06-09,"020502061207 Turtle Creek-West Branch Susquehanna River"
"7042","WF0-SW","Central Stoneroller",90,5.52,0.741939077729199,1.95424250943932,2025-06-09,"020502061207 Turtle Creek-West Branch Susquehanna River"
"7043","WF0-SW","Blacknose Dace",43,0.65,-0.187086643357144,1.63346845557959,2025-06-09,"020502061207 Turtle Creek-West Branch Susquehanna River"
"7044","WF0-SW","Green Sunfish",43,1.72,0.235528446907549,1.63346845557959,2025-06-09,"020502061207 Turtle Creek-West Branch Susquehanna River"
"7045","WF0-SW","Blacknose Dace",45,0.71,-0.148741651280925,1.65321251377534,2025-06-09,"020502061207 Turtle Creek-West Branch Susquehanna River"
"7046","Windfall.CrossFork","Sculpin spp.",85,7.3,0.863322860120456,1.92941892571429,2023-07-17,"020502030103 Cross Fork"
"7047","Windfall.CrossFork","Sculpin spp.",69,3.4,0.531478917042255,1.83884909073726,2023-07-17,"020502030103 Cross Fork"
"7048","Windfall.CrossFork","Blacknose Dace",61,2.1,0.322219294733919,1.78532983501077,2023-07-17,"020502030103 Cross Fork"
"7049","Windfall.CrossFork","Blacknose Dace",73,3.6,0.556302500767287,1.86332286012046,2023-07-17,"020502030103 Cross Fork"
"7050","Windfall.CrossFork","Blacknose Dace",66,2.5,0.397940008672038,1.81954393554187,2023-07-17,"020502030103 Cross Fork"
"7051","Windfall.CrossFork","Sculpin spp.",70,3.9,0.591064607026499,1.84509804001426,2023-07-17,"020502030103 Cross Fork"
"7052","Windfall.CrossFork","Sculpin spp.",87,8.4,0.924279286061882,1.93951925261862,2023-07-17,"020502030103 Cross Fork"
"7053","Windfall.CrossFork","Blacknose Dace",59,1.6,0.204119982655925,1.77085201164214,2023-07-17,"020502030103 Cross Fork"
"7054","Windfall.CrossFork","Blacknose Dace",42,0.7,-0.154901959985743,1.6232492903979,2023-07-17,"020502030103 Cross Fork"
"7055","Windfall.CrossFork","Sculpin spp.",89,8.4,0.924279286061882,1.94939000664491,2023-07-17,"020502030103 Cross Fork"
"7056","Windfall.CrossFork","Blacknose Dace",66,2.7,0.431363764158987,1.81954393554187,2023-07-17,"020502030103 Cross Fork"
"7057","Windfall.CrossFork","Blacknose Dace",68,3.2,0.505149978319906,1.83250891270624,2023-07-17,"020502030103 Cross Fork"
"7058","Windfall.CrossFork","Longnose Dace",97,8.1,0.90848501887865,1.98677173426624,2023-07-17,"020502030103 Cross Fork"
"7059","Windfall.CrossFork","Sculpin spp.",61,2.6,0.414973347970818,1.78532983501077,2023-07-17,"020502030103 Cross Fork"
"7060","Windfall.CrossFork","Longnose Dace",107,10.6,1.02530586526477,2.02938377768521,2023-07-17,"020502030103 Cross Fork"
"7061","Windfall.CrossFork","Longnose Dace",84,5.2,0.716003343634799,1.92427928606188,2023-07-17,"020502030103 Cross Fork"
"7062","Windfall.CrossFork","Sculpin spp.",94,10.4,1.01703333929878,1.9731278535997,2023-07-17,"020502030103 Cross Fork"
"7063","Windfall.CrossFork","Longnose Dace",71,3.5,0.544068044350276,1.85125834871908,2023-07-17,"020502030103 Cross Fork"
"7064","Windfall.CrossFork","Blacknose Dace",58,1.7,0.230448921378274,1.76342799356294,2023-07-17,"020502030103 Cross Fork"
"7065","Windfall.CrossFork","Sculpin spp.",83,7.6,0.880813592280791,1.91907809237607,2023-07-17,"020502030103 Cross Fork"
"7066","Windfall.CrossFork","Sculpin spp.",85,6.7,0.826074802700826,1.92941892571429,2023-07-17,"020502030103 Cross Fork"
"7067","Windfall.CrossFork","Sculpin spp.",70,3.5,0.544068044350276,1.84509804001426,2023-07-17,"020502030103 Cross Fork"
"7068","Windfall.CrossFork","Sculpin spp.",59,2.2,0.342422680822206,1.77085201164214,2023-07-17,"020502030103 Cross Fork"
"7069","Windfall.CrossFork","Sculpin spp.",69,3.8,0.57978359661681,1.83884909073726,2023-07-17,"020502030103 Cross Fork"
"7070","Windfall.CrossFork","Sculpin spp.",68,7.3,0.863322860120456,1.83250891270624,2023-07-17,"020502030103 Cross Fork"
"7071","Windfall.CrossFork","Sculpin spp.",86,8,0.903089986991944,1.93449845124357,2023-07-17,"020502030103 Cross Fork"
"7072","Windfall.CrossFork","Sculpin spp.",84,7.3,0.863322860120456,1.92427928606188,2023-07-17,"020502030103 Cross Fork"
"7073","Windfall.CrossFork","Sculpin spp.",99,10.8,1.03342375548695,1.99563519459755,2023-07-17,"020502030103 Cross Fork"
"7074","Windfall.CrossFork","Sculpin spp.",99,11.3,1.05307844348342,1.99563519459755,2023-07-17,"020502030103 Cross Fork"
"7075","Windfall.CrossFork","Sculpin spp.",80,5.8,0.763427993562937,1.90308998699194,2023-07-17,"020502030103 Cross Fork"
"7076","Windfall.CrossFork","Blacknose Dace",69,2.6,0.414973347970818,1.83884909073726,2023-07-17,"020502030103 Cross Fork"
"7077","Windfall.CrossFork","Blacknose Dace",44,0.6,-0.221848749616356,1.64345267648619,2023-07-17,"020502030103 Cross Fork"
"7078","Windfall.CrossFork","Sculpin spp.",60,2.6,0.414973347970818,1.77815125038364,2023-07-17,"020502030103 Cross Fork"
"7079","Windfall.CrossFork","Blacknose Dace",49,1.2,0.0791812460476248,1.69019608002851,2023-07-17,"020502030103 Cross Fork"
"7080","Windfall.CrossFork","Blacknose Dace",73,3.9,0.591064607026499,1.86332286012046,2023-07-17,"020502030103 Cross Fork"
"7081","Windfall.CrossFork","Blacknose Dace",64,1.9,0.278753600952829,1.80617997398389,2023-07-17,"020502030103 Cross Fork"
"7082","Windfall.CrossFork","Blacknose Dace",64,2.4,0.380211241711606,1.80617997398389,2023-07-17,"020502030103 Cross Fork"
"7083","Windfall.CrossFork","Blacknose Dace",61,2.4,0.380211241711606,1.78532983501077,2023-07-17,"020502030103 Cross Fork"
"7084","Windfall.CrossFork","Blacknose Dace",60,1.9,0.278753600952829,1.77815125038364,2023-07-17,"020502030103 Cross Fork"
"7085","Windfall.CrossFork","Longnose Dace",102,9.7,0.986771734266245,2.00860017176192,2023-07-17,"020502030103 Cross Fork"
"7086","Windfall.CrossFork","Sculpin spp.",95,11.8,1.07188200730613,1.97772360528885,2023-07-17,"020502030103 Cross Fork"
"7087","Windfall.CrossFork","Sculpin spp.",86,7.5,0.8750612633917,1.93449845124357,2023-07-17,"020502030103 Cross Fork"
"7088","Windfall.CrossFork","Blacknose Dace",82,4.4,0.643452676486187,1.91381385238372,2023-07-17,"020502030103 Cross Fork"
"7089","Windfall.CrossFork","Blacknose Dace",57,1.7,0.230448921378274,1.75587485567249,2023-07-17,"020502030103 Cross Fork"
"7090","Windfall.CrossFork","Sculpin spp.",87,8.1,0.90848501887865,1.93951925261862,2023-07-17,"020502030103 Cross Fork"
"7091","Windfall.CrossFork","Sculpin spp.",74,5,0.698970004336019,1.86923171973098,2023-07-17,"020502030103 Cross Fork"
"7092","Windfall.CrossFork","Longnose Dace",118,17.6,1.24551266781415,2.07188200730613,2023-07-17,"020502030103 Cross Fork"
"7093","Windfall.CrossFork","Longnose Dace",115,13.5,1.13033376849501,2.06069784035361,2023-07-17,"020502030103 Cross Fork"
"7094","Windfall.CrossFork","Blacknose Dace",67,2.9,0.462397997898956,1.82607480270083,2023-07-17,"020502030103 Cross Fork"
"7095","Windfall.CrossFork","Blacknose Dace",45,2.5,0.397940008672038,1.65321251377534,2023-07-17,"020502030103 Cross Fork"
"7096","Windfall.CrossFork","Blacknose Dace",56,1.7,0.230448921378274,1.7481880270062,2023-07-17,"020502030103 Cross Fork"
"7097","Windfall.CrossFork","Sculpin spp.",84,7,0.845098040014257,1.92427928606188,2023-07-17,"020502030103 Cross Fork"
"7098","Windfall.CrossFork","Sculpin spp.",78,6.3,0.799340549453582,1.89209460269048,2023-07-17,"020502030103 Cross Fork"
"7099","Windfall.CrossFork","Longnose Dace",127,18.4,1.26481782300954,2.10380372095596,2023-07-17,"020502030103 Cross Fork"
"7100","Windfall.CrossFork","Blacknose Dace",56,1.8,0.255272505103306,1.7481880270062,2023-07-17,"020502030103 Cross Fork"
"7101","Windfall.CrossFork","Sculpin spp.",90,8.9,0.949390006644913,1.95424250943932,2023-07-17,"020502030103 Cross Fork"
"7102","Windfall.CrossFork","Blacknose Dace",56,1.7,0.230448921378274,1.7481880270062,2023-07-17,"020502030103 Cross Fork"
"7103","Windfall.CrossFork","Blacknose Dace",58,1.9,0.278753600952829,1.76342799356294,2023-07-17,"020502030103 Cross Fork"
"7104","Windfall.CrossFork","Blacknose Dace",55,1.5,0.176091259055681,1.74036268949424,2023-07-17,"020502030103 Cross Fork"
"7105","Windfall.CrossFork","Blacknose Dace",64,2.5,0.397940008672038,1.80617997398389,2023-07-17,"020502030103 Cross Fork"
"7106","Windfall.CrossFork","Longnose Dace",101,9.3,0.968482948553935,2.00432137378264,2023-07-17,"020502030103 Cross Fork"
"7107","Windfall.CrossFork","Blacknose Dace",65,2.6,0.414973347970818,1.81291335664286,2023-07-17,"020502030103 Cross Fork"
"7108","Windfall.CrossFork","Sculpin spp.",94,10.4,1.01703333929878,1.9731278535997,2023-07-17,"020502030103 Cross Fork"
"7109","Windfall.CrossFork","Sculpin spp.",85,7.9,0.897627091290441,1.92941892571429,2023-07-17,"020502030103 Cross Fork"
"7110","Windfall.CrossFork","Sculpin spp.",98,11.3,1.05307844348342,1.99122607569249,2023-07-17,"020502030103 Cross Fork"
"7111","Windfall.CrossFork","Blacknose Dace",45,0.8,-0.0969100130080564,1.65321251377534,2023-07-17,"020502030103 Cross Fork"
"7112","Windfall.CrossFork","Blacknose Dace",65,2.3,0.361727836017593,1.81291335664286,2023-07-17,"020502030103 Cross Fork"
"7113","Windfall.CrossFork","Blacknose Dace",72,3.3,0.518513939877887,1.85733249643127,2023-07-17,"020502030103 Cross Fork"
"7114","Windfall.CrossFork","Sculpin spp.",59,2.6,0.414973347970818,1.77085201164214,2023-07-17,"020502030103 Cross Fork"
"7115",NA,"Longnose Dace",52,1.3,0.113943352306837,1.7160033436348,NA,NA
"7116",NA,"Longnose Dace",48,1,0,1.68124123737559,NA,NA
"7117",NA,"Longnose Dace",52,1.4,0.146128035678238,1.7160033436348,NA,NA
"7118",NA,"Longnose Dace",55,1.2,0.0791812460476248,1.74036268949424,NA,NA
"7119",NA,"Longnose Dace",62,2.1,0.322219294733919,1.79239168949825,NA,NA
"7120",NA,"Longnose Dace",64,2.3,0.361727836017593,1.80617997398389,NA,NA
"7121",NA,"Longnose Dace",52,1.3,0.113943352306837,1.7160033436348,NA,NA
"7122",NA,"Longnose Dace",49,1.1,0.0413926851582251,1.69019608002851,NA,NA
"7123",NA,"Longnose Dace",52,1.2,0.0791812460476248,1.7160033436348,NA,NA
"7124",NA,"Longnose Dace",56,1.6,0.204119982655925,1.7481880270062,NA,NA
"7125",NA,"Longnose Dace",56,1.81,0.257678574869184,1.7481880270062,NA,NA
"7126",NA,"Longnose Dace",52,1.2,0.0791812460476248,1.7160033436348,NA,NA
"7127",NA,"Longnose Dace",81,4.35,0.638489256954637,1.90848501887865,NA,NA
"7128",NA,"Longnose Dace",45,0.83,-0.0809219076239261,1.65321251377534,NA,NA
"7129",NA,"Longnose Dace",93,6.25,0.795880017344075,1.96848294855394,NA,NA
"7130",NA,"Longnose Dace",50,1.12,0.0492180226701817,1.69897000433602,NA,NA
"7131",NA,"Longnose Dace",55,1.3,0.113943352306837,1.74036268949424,NA,NA
"7132",NA,"Longnose Dace",90,5.84,0.766412847112399,1.95424250943932,NA,NA
"7133",NA,"Longnose Dace",50,1.1,0.0413926851582251,1.69897000433602,NA,NA
"7134",NA,"Central Stoneroller",59,1.72,0.235528446907549,1.77085201164214,NA,NA
"7135",NA,"Central Stoneroller",67,2.73,0.436162647040756,1.82607480270083,NA,NA
"7136",NA,"Central Stoneroller",65,2.52,0.401400540781544,1.81291335664286,NA,NA
"7137",NA,"Central Stoneroller",58,1.71,0.232996110392154,1.76342799356294,NA,NA
"7138",NA,"Central Stoneroller",55,1.52,0.181843587944773,1.74036268949424,NA,NA
"7139",NA,"Central Stoneroller",68,2.6,0.414973347970818,1.83250891270624,NA,NA
"7140",NA,"Central Stoneroller",98,7.84,0.894316062684438,1.99122607569249,NA,NA
"7141",NA,"Central Stoneroller",68,2.95,0.469822015978163,1.83250891270624,NA,NA
"7142",NA,"Central Stoneroller",87,5.96,0.775246259740236,1.93951925261862,NA,NA
"7143",NA,"Central Stoneroller",74,3.62,0.558708570533166,1.86923171973098,NA,NA
"7144",NA,"Central Stoneroller",51,2.03,0.307496037913213,1.70757017609794,NA,NA
"7145",NA,"Central Stoneroller",93,6.14,0.788168371141168,1.96848294855394,NA,NA
"7146",NA,"Central Stoneroller",63,2.1,0.322219294733919,1.79934054945358,NA,NA
"7147",NA,"Central Stoneroller",60,1.69,0.227886704613674,1.77815125038364,NA,NA
"7148",NA,"Central Stoneroller",73,3.59,0.555094448578319,1.86332286012046,NA,NA
"7149",NA,"Central Stoneroller",57,1.48,0.170261715394957,1.75587485567249,NA,NA
"7150",NA,"Central Stoneroller",81,4.24,0.627365856592733,1.90848501887865,NA,NA
"7151",NA,"Central Stoneroller",90,5.54,0.74350976472843,1.95424250943932,NA,NA
"7152",NA,"Central Stoneroller",73,2.97,0.472756449317212,1.86332286012046,NA,NA
"7153",NA,"Central Stoneroller",71,2.74,0.437750562820388,1.85125834871908,NA,NA
"7154",NA,"Central Stoneroller",71,3.18,0.502427119984433,1.85125834871908,NA,NA
"7155",NA,"Central Stoneroller",66,2.49,0.396199347095736,1.81954393554187,NA,NA
"7156",NA,"Central Stoneroller",72,3.09,0.489958479424835,1.85733249643127,NA,NA
"7157",NA,"Central Stoneroller",61,1.95,0.290034611362518,1.78532983501077,NA,NA
"7158",NA,"Central Stoneroller",78,2.94,0.468347330412157,1.89209460269048,NA,NA
"7159",NA,"Central Stoneroller",72,3.5,0.544068044350276,1.85733249643127,NA,NA
"7160",NA,"Central Stoneroller",59,1.92,0.28330122870355,1.77085201164214,NA,NA
"7161",NA,"Central Stoneroller",93,5.93,0.773054693364263,1.96848294855394,NA,NA
"7162",NA,"Central Stoneroller",78,4.28,0.631443769013172,1.89209460269048,NA,NA
"7163",NA,"Central Stoneroller",51,1.39,0.143014800254095,1.70757017609794,NA,NA
"7164",NA,"Fantail Darter",64,2.5,0.397940008672038,1.80617997398389,NA,NA
"7165",NA,"Blacknose Dace",47,0.8,-0.0969100130080564,1.67209785793572,NA,NA
"7166",NA,"Blacknose Dace",62,1.9,0.278753600952829,1.79239168949825,NA,NA
"7167",NA,"Blacknose Dace",51,0.9,-0.0457574905606751,1.70757017609794,NA,NA
"7168",NA,"Blacknose Dace",45,0.9,-0.0457574905606751,1.65321251377534,NA,NA
"7169",NA,"Blacknose Dace",70,3.1,0.491361693834273,1.84509804001426,NA,NA
"7170",NA,"Blacknose Dace",51,1.24,0.0934216851622351,1.70757017609794,NA,NA
"7171",NA,"Blacknose Dace",57,1.7,0.230448921378274,1.75587485567249,NA,NA
"7172",NA,"Blacknose Dace",69,2.85,0.45484486000851,1.83884909073726,NA,NA
"7173",NA,"Blacknose Dace",59,1.91,0.281033367247728,1.77085201164214,NA,NA
"7174",NA,"Blacknose Dace",57,1.29,0.110589710299249,1.75587485567249,NA,NA
"7175",NA,"Blacknose Dace",54,1.24,0.0934216851622351,1.73239375982297,NA,NA
"7176",NA,"Blacknose Dace",55,1.52,0.181843587944773,1.74036268949424,NA,NA
"7177",NA,"Blacknose Dace",72,3.04,0.482873583608754,1.85733249643127,NA,NA
"7178",NA,"Blacknose Dace",58,1.7,0.230448921378274,1.76342799356294,NA,NA
"7179",NA,"Blacknose Dace",45,0.83,-0.0809219076239261,1.65321251377534,NA,NA
"7180",NA,"Blacknose Dace",40,0.51,-0.292429823902064,1.60205999132796,NA,NA
"7181",NA,"Blacknose Dace",55,1.53,0.184691430817599,1.74036268949424,NA,NA
"7182",NA,"Blacknose Dace",56,1.6,0.204119982655925,1.7481880270062,NA,NA
"7183",NA,"Blacknose Dace",55,1.44,0.15836249209525,1.74036268949424,NA,NA
"7184",NA,"Blacknose Dace",57,1.67,0.222716471147583,1.75587485567249,NA,NA
"7185",NA,"Blacknose Dace",43,0.66,-0.180456064458131,1.63346845557959,NA,NA
"7186",NA,"Blacknose Dace",50,1.25,0.0969100130080564,1.69897000433602,NA,NA
"7187",NA,"Blacknose Dace",53,1.38,0.139879086401236,1.72427586960079,NA,NA
"7188",NA,"Blacknose Dace",59,1.35,0.130333768495006,1.77085201164214,NA,NA
"7189",NA,"Blacknose Dace",53,1.35,0.130333768495006,1.72427586960079,NA,NA
"7190",NA,"Creek Chub",97,1.07,0.0293837776852097,1.98677173426624,NA,NA
"7191",NA,"Creek Chub",104,16.32,1.21272015441784,2.01703333929878,NA,NA
"7192",NA,"Creek Chub",70,3.11,0.492760389026837,1.84509804001426,NA,NA
"7193",NA,"Creek Chub",66,2.96,0.471291711058939,1.81954393554187,NA,NA
"7194",NA,"Creek Chub",66,2.96,0.471291711058939,1.81954393554187,NA,NA
"7195",NA,"Creek Chub",57,2,0.301029995663981,1.75587485567249,NA,NA
"7196",NA,"Creek Chub",57,1.76,0.24551266781415,1.75587485567249,NA,NA
"7197",NA,"Creek Chub",60,2.56,0.40823996531185,1.77815125038364,NA,NA
"7198",NA,"Creek Chub",94,8.07,0.90687353472207,1.9731278535997,NA,NA
"7199",NA,"Creek Chub",55,1.95,0.290034611362518,1.74036268949424,NA,NA
"7200",NA,"Creek Chub",65,2.99,0.47567118832443,1.81291335664286,NA,NA
"7201",NA,"Creek Chub",61,2.36,0.372912002970107,1.78532983501077,NA,NA
"7202",NA,"Creek Chub",84,4.93,0.69284691927723,1.92427928606188,NA,NA
"7203",NA,"Creek Chub",66,2.76,0.440909082065218,1.81954393554187,NA,NA
"7204",NA,"Creek Chub",88,5.93,0.773054693364263,1.94448267215017,NA,NA
"7205",NA,"Creek Chub",100,9.46,0.975891136401793,2,NA,NA
"7206",NA,"Creek Chub",65,2.9,0.462397997898956,1.81291335664286,NA,NA
"7207",NA,"Creek Chub",66,2.38,0.376576957056512,1.81954393554187,NA,NA
"7208",NA,"Creek Chub",65,2.97,0.472756449317212,1.81291335664286,NA,NA
"7209",NA,"Creek Chub",81,5.74,0.758911892397974,1.90848501887865,NA,NA
"7210",NA,"Creek Chub",54,1.71,0.232996110392154,1.73239375982297,NA,NA
"7211",NA,"Creek Chub",123,18.84,1.27508089845686,2.0899051114394,NA,NA
"7212",NA,"Creek Chub",87,6.4,0.806179973983887,1.93951925261862,NA,NA
"7213",NA,"Creek Chub",46,1.05,0.0211892990699381,1.66275783168157,NA,NA
"7214",NA,"Creek Chub",93,7.62,0.881954971339601,1.96848294855394,NA,NA
"7215",NA,"Creek Chub",157,36.45,1.56169753265399,2.19589965240923,NA,NA
"7216",NA,"Creek Chub",69,3.47,0.540329474790874,1.83884909073726,NA,NA
"7217",NA,"Creek Chub",98,5.81,0.764176132390331,1.99122607569249,NA,NA
"7218",NA,"Creek Chub",53,1.96,0.292256071356476,1.72427586960079,NA,NA
"7219",NA,"Creek Chub",56,1.78,0.250420002308894,1.7481880270062,NA,NA
"7220",NA,"Longnose Dace",78,4.1,0.612783856719735,1.89209460269048,NA,NA
"7221",NA,"Longnose Dace",72,3.49,0.54282542695918,1.85733249643127,NA,NA
"7222",NA,"Longnose Dace",73,3.83,0.583198773968623,1.86332286012046,NA,NA
"7223",NA,"Longnose Dace",56,1.4,0.146128035678238,1.7481880270062,NA,NA
"7224",NA,"Sculpin spp.",61,2.47,0.392696953259666,1.78532983501077,NA,NA
"7225",NA,"Sculpin spp.",60,2.62,0.418301291319745,1.77815125038364,NA,NA
"7226",NA,"Blacknose Dace",60,1.64,0.214843848047698,1.77815125038364,NA,NA
"7227",NA,"Blacknose Dace",62,1.84,0.264817823009536,1.79239168949825,NA,NA
"7228",NA,"Blacknose Dace",47,1,0,1.67209785793572,NA,NA
"7229",NA,"Blacknose Dace",56,1.6,0.204119982655925,1.7481880270062,NA,NA
"7230",NA,"Blacknose Dace",50,1.2,0.0791812460476248,1.69897000433602,NA,NA
"7231",NA,"Sculpin spp.",58,2.31,0.363611979892144,1.76342799356294,NA,NA
"7232",NA,"Sculpin spp.",61,2.44,0.387389826338729,1.78532983501077,NA,NA
"7233",NA,"Sculpin spp.",57,2.23,0.348304863048161,1.75587485567249,NA,NA
"7234",NA,"Sculpin spp.",51,1.41,0.14921911265538,1.70757017609794,NA,NA
"7235",NA,"Sculpin spp.",56,2.33,0.367355921026019,1.7481880270062,NA,NA
"7236",NA,"Sculpin spp.",61,2.66,0.424881636631067,1.78532983501077,NA,NA
"7237",NA,"Sculpin spp.",82,6.48,0.811575005870593,1.91381385238372,NA,NA
"7238",NA,"Sculpin spp.",63,2.88,0.459392487759231,1.79934054945358,NA,NA
"7239",NA,"Sculpin spp.",58,2.14,0.330413773349191,1.76342799356294,NA,NA
"7240",NA,"Sculpin spp.",54,1.89,0.276461804173244,1.73239375982297,NA,NA
"7241",NA,"Sculpin spp.",47,1.88,0.27415784926368,1.67209785793572,NA,NA
"7242",NA,"Sculpin spp.",76,4.63,0.665580991017953,1.88081359228079,NA,NA
"7243",NA,"Sculpin spp.",54,1.89,0.276461804173244,1.73239375982297,NA,NA
"7244",NA,"Sculpin spp.",51,1.71,0.232996110392154,1.70757017609794,NA,NA
"7245",NA,"Sculpin spp.",57,2.21,0.344392273685111,1.75587485567249,NA,NA
"7246",NA,"Sculpin spp.",56,1.72,0.235528446907549,1.7481880270062,NA,NA
"7247",NA,"Sculpin spp.",60,2.62,0.418301291319745,1.77815125038364,NA,NA
"7248",NA,"Sculpin spp.",57,1.81,0.257678574869184,1.75587485567249,NA,NA
"7249",NA,"Sculpin spp.",62,3.2,0.505149978319906,1.79239168949825,NA,NA
"7250",NA,"Sculpin spp.",55,1.83,0.262451089730429,1.74036268949424,NA,NA
"7251",NA,"Sculpin spp.",64,3.25,0.511883360978874,1.80617997398389,NA,NA
"7252",NA,"Sculpin spp.",57,2.16,0.334453751150931,1.75587485567249,NA,NA
"7253",NA,"Sculpin spp.",62,2.9,0.462397997898956,1.79239168949825,NA,NA
"7254",NA,"Sculpin spp.",59,2.02,0.305351369446624,1.77085201164214,NA,NA
"7255",NA,"Sculpin spp.",63,3.37,0.527629900871339,1.79934054945358,NA,NA
"7256",NA,"Sculpin spp.",62,2.99,0.47567118832443,1.79239168949825,NA,NA
"7257",NA,"Sculpin spp.",58,2.56,0.40823996531185,1.76342799356294,NA,NA
"7258",NA,"Longnose Dace",48,1.07,0.0293837776852097,1.68124123737559,NA,NA
"7259",NA,"Longnose Dace",90,5.44,0.73559889969818,1.95424250943932,NA,NA
"7260",NA,"Longnose Dace",53,1.34,0.127104798364808,1.72427586960079,NA,NA
"7261",NA,"Longnose Dace",84,4.81,0.682145076373832,1.92427928606188,NA,NA
"7262",NA,"Longnose Dace",96,7.14,0.853698211776174,1.98227123303957,NA,NA
"7263",NA,"Longnose Dace",53,1.08,0.0334237554869497,1.72427586960079,NA,NA
"7264",NA,"Longnose Dace",48,1.01,0.00432137378264258,1.68124123737559,NA,NA
"7265",NA,"Longnose Dace",55,1.49,0.173186268412274,1.74036268949424,NA,NA
"7266",NA,"Longnose Dace",53,1.2,0.0791812460476248,1.72427586960079,NA,NA
"7267",NA,"Longnose Dace",54,1.32,0.12057393120585,1.73239375982297,NA,NA
"7268",NA,"Longnose Dace",54,1.31,0.117271295655764,1.73239375982297,NA,NA
"7269",NA,"Longnose Dace",49,1.01,0.00432137378264258,1.69019608002851,NA,NA
"7270",NA,"Longnose Dace",71,3.45,0.537819095073274,1.85125834871908,NA,NA
"7271",NA,"Longnose Dace",66,2.34,0.369215857410143,1.81954393554187,NA,NA
"7272",NA,"Longnose Dace",91,7.56,0.878521795501206,1.95904139232109,NA,NA
"7273",NA,"Longnose Dace",82,5.03,0.701567985055927,1.91381385238372,NA,NA
"7274",NA,"Longnose Dace",96,7.6,0.880813592280791,1.98227123303957,NA,NA
"7275",NA,"Sculpin spp.",74,5.68,0.754348335711019,1.86923171973098,NA,NA
"7276",NA,"Sculpin spp.",72,4.84,0.684845361644412,1.85733249643127,NA,NA
"7277",NA,"Sculpin spp.",86,7.92,0.898725181589494,1.93449845124357,NA,NA
"7278",NA,"Sculpin spp.",75,4.86,0.686636269262293,1.8750612633917,NA,NA
"7279",NA,"Sculpin spp.",18,0.09,-1.04575749056068,1.25527250510331,NA,NA
"7280",NA,"Sculpin spp.",77,5.51,0.741151598851785,1.88649072517248,NA,NA
"7281",NA,"Sculpin spp.",59,2.51,0.399673721481038,1.77085201164214,NA,NA
"7282",NA,"Sculpin spp.",62,2.74,0.437750562820388,1.79239168949825,NA,NA
"7283",NA,"Sculpin spp.",15,0.04,-1.39794000867204,1.17609125905568,NA,NA
"7284",NA,"Sculpin spp.",94,10.87,1.03622954408629,1.9731278535997,NA,NA
"7285",NA,"Creek Chub",60,2.01,0.303196057420489,1.77815125038364,NA,NA
"7286",NA,"Sculpin spp.",60,2.35,0.371067862271736,1.77815125038364,NA,NA
"7287",NA,"Sculpin spp.",59,2.25,0.352182518111362,1.77085201164214,NA,NA
"7288",NA,"Creek Chub",54,1.36,0.133538908370218,1.73239375982297,NA,NA
"7289",NA,"Creek Chub",56,1.66,0.220108088040055,1.7481880270062,NA,NA
"7290",NA,"Longnose Dace",86,5.4,0.732393759822969,1.93449845124357,NA,NA
"7291",NA,"Longnose Dace",68,2.9,0.462397997898956,1.83250891270624,NA,NA
"7292",NA,"Longnose Dace",75,3,0.477121254719662,1.8750612633917,NA,NA
"7293",NA,"Longnose Dace",69,3.3,0.518513939877887,1.83884909073726,NA,NA
"7294",NA,"Central Stoneroller",58,1.9,0.278753600952829,1.76342799356294,NA,NA
"7295",NA,"Central Stoneroller",55,1.5,0.176091259055681,1.74036268949424,NA,NA
"7296",NA,"Central Stoneroller",86,6.7,0.826074802700826,1.93449845124357,NA,NA
"7297",NA,"Central Stoneroller",67,2.3,0.361727836017593,1.82607480270083,NA,NA
"7298",NA,"Central Stoneroller",107,13.9,1.1430148002541,2.02938377768521,NA,NA
"7299",NA,"Central Stoneroller",57,1.6,0.204119982655925,1.75587485567249,NA,NA
"7300",NA,"Central Stoneroller",56,1.7,0.230448921378274,1.7481880270062,NA,NA
"7301",NA,"Green Sunfish",95,14.8,1.17026171539496,1.97772360528885,NA,NA
"7302",NA,"White Sucker",63,2.5,0.397940008672038,1.79934054945358,NA,NA
"7303",NA,"White Sucker",81,5.1,0.707570176097936,1.90848501887865,NA,NA
"7304",NA,"White Sucker",64,2.5,0.397940008672038,1.80617997398389,NA,NA
"7305",NA,"White Sucker",72,3.5,0.544068044350276,1.85733249643127,NA,NA
"7306",NA,"Green Sunfish",109,20.7,1.31597034545692,2.03742649794062,NA,NA
"7307",NA,"Green Sunfish",107,21.2,1.32633586092875,2.02938377768521,NA,NA
"7308",NA,"Blacknose Dace",55,1.37,0.136720567156407,1.74036268949424,NA,NA
"7309",NA,"Blacknose Dace",54,1.32,0.12057393120585,1.73239375982297,NA,NA
"7310",NA,"Blacknose Dace",55,1.28,0.107209969647868,1.74036268949424,NA,NA
"7311",NA,"Blacknose Dace",63,2.06,0.313867220369153,1.79934054945358,NA,NA
"7312",NA,"Blacknose Dace",73,3.23,0.509202522331103,1.86332286012046,NA,NA
"7313",NA,"Blacknose Dace",56,1.49,0.173186268412274,1.7481880270062,NA,NA
"7314",NA,"Blacknose Dace",55,1.37,0.136720567156407,1.74036268949424,NA,NA
"7315",NA,"Blacknose Dace",62,1.9,0.278753600952829,1.79239168949825,NA,NA
"7316",NA,"Blacknose Dace",43,0.59,-0.229147988357856,1.63346845557959,NA,NA
"7317",NA,"Blacknose Dace",71,2.9,0.462397997898956,1.85125834871908,NA,NA
"7318",NA,"Blacknose Dace",45,0.65,-0.187086643357144,1.65321251377534,NA,NA
"7319",NA,"Blacknose Dace",59,1.64,0.214843848047698,1.77085201164214,NA,NA
"7320",NA,"Blacknose Dace",52,1.09,0.0374264979406237,1.7160033436348,NA,NA
"7321",NA,"Blacknose Dace",63,2.04,0.309630167425899,1.79934054945358,NA,NA
"7322",NA,"Blacknose Dace",76,3.81,0.580924975675619,1.88081359228079,NA,NA
"7323",NA,"Blacknose Dace",73,3.48,0.541579243946581,1.86332286012046,NA,NA
"7324",NA,"Blacknose Dace",61,1.89,0.276461804173244,1.78532983501077,NA,NA
"7325",NA,"Blacknose Dace",75,3.89,0.589949601325708,1.8750612633917,NA,NA
"7326",NA,"Blacknose Dace",65,2.19,0.340444114840118,1.81291335664286,NA,NA
"7327",NA,"Blacknose Dace",68,2.78,0.444044795918076,1.83250891270624,NA,NA
"7328",NA,"Blacknose Dace",70,2.94,0.468347330412157,1.84509804001426,NA,NA
"7329",NA,"Blacknose Dace",78,3.9,0.591064607026499,1.89209460269048,NA,NA
"7330",NA,"Blacknose Dace",51,1.05,0.0211892990699381,1.70757017609794,NA,NA
"7331",NA,"Sculpin spp.",66,3.05,0.484299839346786,1.81954393554187,NA,NA
"7332",NA,"Sculpin spp.",69,3.79,0.578639209968072,1.83884909073726,NA,NA
"7333",NA,"Sculpin spp.",52,1.66,0.220108088040055,1.7160033436348,NA,NA
"7334",NA,"Sculpin spp.",92,9.54,0.979548374704095,1.96378782734556,NA,NA
"7335",NA,"Sculpin spp.",75,4.33,0.636487896353365,1.8750612633917,NA,NA
"7336",NA,"Sculpin spp.",71,3.81,0.580924975675619,1.85125834871908,NA,NA
"7337",NA,"Sculpin spp.",80,6.45,0.809559714635268,1.90308998699194,NA,NA
"7338",NA,"Sculpin spp.",82,5.53,0.742725131304698,1.91381385238372,NA,NA
"7339",NA,"Sculpin spp.",80,6.09,0.784617292632875,1.90308998699194,NA,NA
"7340",NA,"Sculpin spp.",54,1.68,0.225309281725863,1.73239375982297,NA,NA
"7341",NA,"Blacknose Dace",67,2.43,0.385606273598312,1.82607480270083,NA,NA
"7342",NA,"Blacknose Dace",66,2.21,0.344392273685111,1.81954393554187,NA,NA
"7343",NA,"Blacknose Dace",58,1.56,0.193124598354462,1.76342799356294,NA,NA
"7344",NA,"Blacknose Dace",45,0.64,-0.193820026016113,1.65321251377534,NA,NA
"7345",NA,"Blacknose Dace",40,0.49,-0.309803919971486,1.60205999132796,NA,NA
"7346",NA,"Blacknose Dace",55,1.42,0.152288344383056,1.74036268949424,NA,NA
"7347",NA,"Blacknose Dace",51,1.12,0.0492180226701817,1.70757017609794,NA,NA
"7348",NA,"Sculpin spp.",83,6.71,0.826722520168992,1.91907809237607,NA,NA
"7349",NA,"Sculpin spp.",93,8.91,0.949877704036875,1.96848294855394,NA,NA
"7350",NA,"Sculpin spp.",71,4.29,0.632457292184724,1.85125834871908,NA,NA
"7351",NA,"Sculpin spp.",72,4.2,0.6232492903979,1.85733249643127,NA,NA
"7352",NA,"Sculpin spp.",66,3.09,0.489958479424835,1.81954393554187,NA,NA
"7353",NA,"Sculpin spp.",65,2.71,0.432969290874406,1.81291335664286,NA,NA
"7354",NA,"Sculpin spp.",82,5.81,0.764176132390331,1.91381385238372,NA,NA
"7355",NA,"Sculpin spp.",52,1.64,0.214843848047698,1.7160033436348,NA,NA
"7356",NA,"Sculpin spp.",64,2.99,0.47567118832443,1.80617997398389,NA,NA
"7357",NA,"Sculpin spp.",66,3.39,0.530199698203082,1.81954393554187,NA,NA
"7358",NA,"Sculpin spp.",72,4.36,0.639486489268586,1.85733249643127,NA,NA
"7359",NA,"Sculpin spp.",80,6.41,0.806858029518817,1.90308998699194,NA,NA
"7360",NA,"Sculpin spp.",79,5.49,0.739572344450092,1.89762709129044,NA,NA
"7361",NA,"Sculpin spp.",74,4.54,0.657055852857104,1.86923171973098,NA,NA
"7362",NA,"Sculpin spp.",69,3.77,0.576341350205793,1.83884909073726,NA,NA
"7363",NA,"Sculpin spp.",58,1.97,0.294466226161593,1.76342799356294,NA,NA
"7364",NA,"Sculpin spp.",72,4.03,0.605305046141109,1.85733249643127,NA,NA
"7365",NA,"Sculpin spp.",86,7.01,0.845718017966659,1.93449845124357,NA,NA
"7366",NA,"Sculpin spp.",62,2.71,0.432969290874406,1.79239168949825,NA,NA
"7367",NA,"Sculpin spp.",89,8.16,0.911690158753861,1.94939000664491,NA,NA
"7368",NA,"Longnose Dace",55,1.6,0.204119982655925,1.74036268949424,NA,NA
"7369",NA,"Longnose Dace",62,2.2,0.342422680822206,1.79239168949825,NA,NA
"7370",NA,"Longnose Dace",50,0.9,-0.0457574905606751,1.69897000433602,NA,NA
"7371",NA,"Longnose Dace",57,1.9,0.278753600952829,1.75587485567249,NA,NA
"7372",NA,"Sculpin spp.",70,4.2,0.6232492903979,1.84509804001426,NA,NA
"7373",NA,"Sculpin spp.",61,2.3,0.361727836017593,1.78532983501077,NA,NA
"7374",NA,"Sculpin spp.",58,2.4,0.380211241711606,1.76342799356294,NA,NA
"7375",NA,"Sculpin spp.",55,1.8,0.255272505103306,1.74036268949424,NA,NA
"7376",NA,"Sculpin spp.",71,4.1,0.612783856719735,1.85125834871908,NA,NA
"7377",NA,"Sculpin spp.",69,4.1,0.612783856719735,1.83884909073726,NA,NA
"7378",NA,"Sculpin spp.",49,1.4,0.146128035678238,1.69019608002851,NA,NA
"7379",NA,"Sculpin spp.",66,3.4,0.531478917042255,1.81954393554187,NA,NA
"7380",NA,"Sculpin spp.",65,3.4,0.531478917042255,1.81291335664286,NA,NA
"7381",NA,"Sculpin spp.",69,4.1,0.612783856719735,1.83884909073726,NA,NA
"7382",NA,"Sculpin spp.",73,4.7,0.672097857935718,1.86332286012046,NA,NA
"7383",NA,"Sculpin spp.",70,4,0.602059991327962,1.84509804001426,NA,NA
"7384",NA,"Sculpin spp.",58,2.4,0.380211241711606,1.76342799356294,NA,NA
"7385",NA,"Sculpin spp.",62,2.5,0.397940008672038,1.79239168949825,NA,NA
"7386",NA,"Sculpin spp.",64,2.7,0.431363764158987,1.80617997398389,NA,NA
"7387",NA,"Sculpin spp.",67,3.7,0.568201724066995,1.82607480270083,NA,NA
"7388",NA,"Sculpin spp.",69,3.7,0.568201724066995,1.83884909073726,NA,NA
"7389",NA,"Sculpin spp.",71,4.3,0.633468455579587,1.85125834871908,NA,NA
"7390",NA,"Sculpin spp.",61,2.7,0.431363764158987,1.78532983501077,NA,NA
"7391",NA,"Sculpin spp.",56,1.9,0.278753600952829,1.7481880270062,NA,NA
"7392",NA,"Sculpin spp.",60,2.5,0.397940008672038,1.77815125038364,NA,NA
"7393",NA,"Sculpin spp.",66,3.5,0.544068044350276,1.81954393554187,NA,NA
"7394",NA,"Sculpin spp.",60,2.3,0.361727836017593,1.77815125038364,NA,NA
"7395",NA,"Sculpin spp.",68,3.8,0.57978359661681,1.83250891270624,NA,NA
"7396",NA,"Sculpin spp.",66,3.4,0.531478917042255,1.81954393554187,NA,NA
"7397",NA,"Sculpin spp.",67,3.8,0.57978359661681,1.82607480270083,NA,NA
"7398",NA,"Sculpin spp.",60,2.9,0.462397997898956,1.77815125038364,NA,NA
"7399",NA,"Sculpin spp.",72,4.5,0.653212513775344,1.85733249643127,NA,NA
"7400",NA,"Sculpin spp.",67,4.2,0.6232492903979,1.82607480270083,NA,NA
"7401",NA,"Sculpin spp.",65,3.5,0.544068044350276,1.81291335664286,NA,NA
"7402",NA,"White Sucker",96,9.4,0.973127853599699,1.98227123303957,NA,NA
"7403",NA,"Central Stoneroller",85,6.2,0.792391689498254,1.92941892571429,NA,NA
"7404",NA,"Central Stoneroller",68,3.4,0.531478917042255,1.83250891270624,NA,NA
"7405",NA,"Central Stoneroller",66,3,0.477121254719662,1.81954393554187,NA,NA
"7406",NA,"Central Stoneroller",60,2.3,0.361727836017593,1.77815125038364,NA,NA
"7407",NA,"Central Stoneroller",65,2.5,0.397940008672038,1.81291335664286,NA,NA
"7408",NA,"Central Stoneroller",66,2.7,0.431363764158987,1.81954393554187,NA,NA
"7409",NA,"Central Stoneroller",76,3.9,0.591064607026499,1.88081359228079,NA,NA
"7410",NA,"Central Stoneroller",78,4,0.602059991327962,1.89209460269048,NA,NA
"7411",NA,"Central Stoneroller",71,3.3,0.518513939877887,1.85125834871908,NA,NA
"7412",NA,"Central Stoneroller",76,4.1,0.612783856719735,1.88081359228079,NA,NA
"7413",NA,"Creek Chub",58,2.2,0.342422680822206,1.76342799356294,NA,NA
"7414",NA,"Creek Chub",61,2,0.301029995663981,1.78532983501077,NA,NA
"7415",NA,"Creek Chub",58,2.2,0.342422680822206,1.76342799356294,NA,NA
"7416",NA,"Creek Chub",51,1.6,0.204119982655925,1.70757017609794,NA,NA
"7417",NA,"Creek Chub",46,0.8,-0.0969100130080564,1.66275783168157,NA,NA
"7418",NA,"Creek Chub",50,1.4,0.146128035678238,1.69897000433602,NA,NA
"7419",NA,"Creek Chub",67,3.5,0.544068044350276,1.82607480270083,NA,NA
"7420",NA,"Creek Chub",60,2.7,0.431363764158987,1.77815125038364,NA,NA
"7421",NA,"Creek Chub",59,2.3,0.361727836017593,1.77085201164214,NA,NA
"7422",NA,"Creek Chub",61,2.8,0.447158031342219,1.78532983501077,NA,NA
"7423",NA,"Creek Chub",62,2.6,0.414973347970818,1.79239168949825,NA,NA
"7424",NA,"Creek Chub",55,1.7,0.230448921378274,1.74036268949424,NA,NA
"7425",NA,"Creek Chub",71,4.1,0.612783856719735,1.85125834871908,NA,NA
"7426",NA,"White Sucker",83,6.4,0.806179973983887,1.91907809237607,NA,NA
"7427",NA,"White Sucker",98,11.7,1.06818586174616,1.99122607569249,NA,NA
"7428",NA,"Central Stoneroller",90,7.6,0.880813592280791,1.95424250943932,NA,NA
"7429",NA,"Central Stoneroller",70,3.6,0.556302500767287,1.84509804001426,NA,NA
"7430",NA,"Central Stoneroller",67,3.2,0.505149978319906,1.82607480270083,NA,NA
"7431",NA,"Central Stoneroller",68,3.3,0.518513939877887,1.83250891270624,NA,NA
"7432",NA,"Central Stoneroller",80,5.5,0.740362689494244,1.90308998699194,NA,NA
"7433",NA,"Central Stoneroller",65,2.6,0.414973347970818,1.81291335664286,NA,NA
"7434",NA,"Central Stoneroller",60,2.3,0.361727836017593,1.77815125038364,NA,NA
"7435",NA,"Central Stoneroller",54,1.5,0.176091259055681,1.73239375982297,NA,NA
"7436",NA,"Central Stoneroller",67,2.9,0.462397997898956,1.82607480270083,NA,NA
"7437",NA,"Central Stoneroller",82,5.3,0.724275869600789,1.91381385238372,NA,NA
"7438",NA,"Central Stoneroller",66,2.5,0.397940008672038,1.81954393554187,NA,NA
"7439",NA,"Central Stoneroller",68,3,0.477121254719662,1.83250891270624,NA,NA
"7440",NA,"Central Stoneroller",88,6.9,0.838849090737255,1.94448267215017,NA,NA
"7441",NA,"Central Stoneroller",52,1.5,0.176091259055681,1.7160033436348,NA,NA
"7442",NA,"Creek Chub",43,0.5,-0.301029995663981,1.63346845557959,NA,NA
"7443",NA,"Creek Chub",68,3.7,0.568201724066995,1.83250891270624,NA,NA
"7444",NA,"Creek Chub",49,1.3,0.113943352306837,1.69019608002851,NA,NA
"7445",NA,"Creek Chub",60,2.9,0.462397997898956,1.77815125038364,NA,NA
"7446",NA,"Creek Chub",53,1,0,1.72427586960079,NA,NA
"7447",NA,"Creek Chub",58,2.1,0.322219294733919,1.76342799356294,NA,NA
"7448",NA,"Creek Chub",55,1.7,0.230448921378274,1.74036268949424,NA,NA
"7449",NA,"Creek Chub",52,1.6,0.204119982655925,1.7160033436348,NA,NA
"7450",NA,"White Sucker",82,6.4,0.806179973983887,1.91381385238372,NA,NA
"7451",NA,"Blacknose Dace",51,0.8,-0.0969100130080564,1.70757017609794,NA,NA
"7452",NA,"Blacknose Dace",45,0.7,-0.154901959985743,1.65321251377534,NA,NA
"7453",NA,"Blacknose Dace",48,1,0,1.68124123737559,NA,NA
"7454",NA,"Blacknose Dace",49,0.9,-0.0457574905606751,1.69019608002851,NA,NA
"7455",NA,"Blacknose Dace",42,0.4,-0.397940008672038,1.6232492903979,NA,NA
"7456",NA,"Blacknose Dace",46,0.9,-0.0457574905606751,1.66275783168157,NA,NA
"7457",NA,"Blacknose Dace",43,0.7,-0.154901959985743,1.63346845557959,NA,NA
"7458",NA,"Blacknose Dace",45,0.8,-0.0969100130080564,1.65321251377534,NA,NA
"7459",NA,"Blacknose Dace",45,0.8,-0.0969100130080564,1.65321251377534,NA,NA
"7460",NA,"Blacknose Dace",54,1.3,0.113943352306837,1.73239375982297,NA,NA
"7461",NA,"Blacknose Dace",45,0.8,-0.0969100130080564,1.65321251377534,NA,NA
"7462",NA,"Blacknose Dace",41,0.5,-0.301029995663981,1.61278385671974,NA,NA
"7463",NA,"Blacknose Dace",36,0.3,-0.522878745280338,1.55630250076729,NA,NA
"7464",NA,"Blacknose Dace",47,0.9,-0.0457574905606751,1.67209785793572,NA,NA
"7465",NA,"Blacknose Dace",50,1.1,0.0413926851582251,1.69897000433602,NA,NA
"7466",NA,"Blacknose Dace",51,1.2,0.0791812460476248,1.70757017609794,NA,NA
"7467",NA,"Longnose Dace",49,1,0,1.69019608002851,NA,NA
"7468",NA,"Longnose Dace",55,1.1,0.0413926851582251,1.74036268949424,NA,NA
"7469",NA,"Longnose Dace",58,1.6,0.204119982655925,1.76342799356294,NA,NA
"7470",NA,"Longnose Dace",59,1.7,0.230448921378274,1.77085201164214,NA,NA
"7471",NA,"Longnose Dace",53,1.2,0.0791812460476248,1.72427586960079,NA,NA
"7472",NA,"Longnose Dace",55,1.6,0.204119982655925,1.74036268949424,NA,NA
"7473",NA,"Longnose Dace",46,0.8,-0.0969100130080564,1.66275783168157,NA,NA
"7474",NA,"Longnose Dace",58,1.8,0.255272505103306,1.76342799356294,NA,NA
"7475",NA,"Longnose Dace",54,1.4,0.146128035678238,1.73239375982297,NA,NA
"7476",NA,"Longnose Dace",54,1.4,0.146128035678238,1.73239375982297,NA,NA
"7477",NA,"Longnose Dace",56,1.5,0.176091259055681,1.7481880270062,NA,NA
"7478",NA,"Longnose Dace",61,1.7,0.230448921378274,1.78532983501077,NA,NA
"7479",NA,"Blacknose Dace",49,1.1,0.0413926851582251,1.69019608002851,NA,NA
"7480",NA,"Blacknose Dace",36,0.5,-0.301029995663981,1.55630250076729,NA,NA
"7481",NA,"Central Stoneroller",81,4.8,0.681241237375587,1.90848501887865,NA,NA
"7482",NA,"Central Stoneroller",82,5.3,0.724275869600789,1.91381385238372,NA,NA
"7483",NA,"Central Stoneroller",88,6.5,0.812913356642856,1.94448267215017,NA,NA
"7484",NA,"Central Stoneroller",61,2,0.301029995663981,1.78532983501077,NA,NA
"7485",NA,"Central Stoneroller",63,2,0.301029995663981,1.79934054945358,NA,NA
"7486",NA,"Central Stoneroller",84,6.2,0.792391689498254,1.92427928606188,NA,NA
"7487",NA,"Central Stoneroller",60,1.9,0.278753600952829,1.77815125038364,NA,NA
"7488",NA,"Creek Chub",50,1.2,0.0791812460476248,1.69897000433602,NA,NA
"7489",NA,"Creek Chub",51,1.3,0.113943352306837,1.70757017609794,NA,NA
"7490",NA,"Creek Chub",50,1.2,0.0791812460476248,1.69897000433602,NA,NA
"7491",NA,"Creek Chub",42,0.8,-0.0969100130080564,1.6232492903979,NA,NA
"7492",NA,"Creek Chub",69,3.4,0.531478917042255,1.83884909073726,NA,NA
"7493",NA,"Creek Chub",53,1.6,0.204119982655925,1.72427586960079,NA,NA
"7494",NA,"Creek Chub",54,1.5,0.176091259055681,1.73239375982297,NA,NA
"7495",NA,"Creek Chub",58,2.1,0.322219294733919,1.76342799356294,NA,NA
"7496",NA,"Creek Chub",47,1.1,0.0413926851582251,1.67209785793572,NA,NA
"7497",NA,"Creek Chub",50,1.3,0.113943352306837,1.69897000433602,NA,NA
"7498",NA,"Creek Chub",51,1.4,0.146128035678238,1.70757017609794,NA,NA
"7499",NA,"Creek Chub",58,1.8,0.255272505103306,1.76342799356294,NA,NA
"7500",NA,"Creek Chub",64,2.7,0.431363764158987,1.80617997398389,NA,NA
"7501",NA,"Creek Chub",63,2.9,0.462397997898956,1.79934054945358,NA,NA
"7502",NA,"Creek Chub",92,8.5,0.929418925714293,1.96378782734556,NA,NA
"7503",NA,"Longnose Dace",81,5,0.698970004336019,1.90848501887865,NA,NA
"7504",NA,"Longnose Dace",54,1.3,0.113943352306837,1.73239375982297,NA,NA
"7505",NA,"Longnose Dace",56,1.4,0.146128035678238,1.7481880270062,NA,NA
"7506",NA,"Longnose Dace",55,1.6,0.204119982655925,1.74036268949424,NA,NA
"7507",NA,"Creek Chub",83,6.3,0.799340549453582,1.91907809237607,NA,NA
"7508",NA,"Creek Chub",54,1.5,0.176091259055681,1.73239375982297,NA,NA
"7509",NA,"Creek Chub",52,1.3,0.113943352306837,1.7160033436348,NA,NA
"7510",NA,"Creek Chub",51,1.3,0.113943352306837,1.70757017609794,NA,NA
"7511",NA,"Creek Chub",52,1.5,0.176091259055681,1.7160033436348,NA,NA
"7512",NA,"Creek Chub",84,5.3,0.724275869600789,1.92427928606188,NA,NA
"7513",NA,"Creek Chub",50,1.2,0.0791812460476248,1.69897000433602,NA,NA
"7514",NA,"Creek Chub",53,1.4,0.146128035678238,1.72427586960079,NA,NA
"7515",NA,"Creek Chub",87,7,0.845098040014257,1.93951925261862,NA,NA
"7516",NA,"Creek Chub",95,9.5,0.977723605288848,1.97772360528885,NA,NA
"7517",NA,"Creek Chub",55,1.6,0.204119982655925,1.74036268949424,NA,NA
"7518",NA,"Creek Chub",76,4.4,0.643452676486187,1.88081359228079,NA,NA
"7519",NA,"Creek Chub",61,2.2,0.342422680822206,1.78532983501077,NA,NA
"7520",NA,"Creek Chub",60,2.6,0.414973347970818,1.77815125038364,NA,NA
"7521",NA,"Creek Chub",44,0.9,-0.0457574905606751,1.64345267648619,NA,NA
"7522",NA,"Creek Chub",48,1,0,1.68124123737559,NA,NA
"7523",NA,"Creek Chub",52,1.3,0.113943352306837,1.7160033436348,NA,NA
"7524",NA,"Creek Chub",58,1.8,0.255272505103306,1.76342799356294,NA,NA
"7525",NA,"Creek Chub",54,1.7,0.230448921378274,1.73239375982297,NA,NA
"7526",NA,"Creek Chub",55,1.9,0.278753600952829,1.74036268949424,NA,NA
"7527",NA,"Creek Chub",76,4.5,0.653212513775344,1.88081359228079,NA,NA
"7528",NA,"Creek Chub",84,4.9,0.690196080028514,1.92427928606188,NA,NA
"7529",NA,"Creek Chub",56,1.9,0.278753600952829,1.7481880270062,NA,NA
"7530",NA,"Longnose Dace",73,3.4,0.531478917042255,1.86332286012046,NA,NA
"7531",NA,"Longnose Dace",65,2.5,0.397940008672038,1.81291335664286,NA,NA
"7532",NA,"Longnose Dace",82,5.2,0.716003343634799,1.91381385238372,NA,NA
"7533",NA,"Common Shiner",50,1.07,0.0293837776852097,1.69897000433602,NA,NA
"7534",NA,"Common Shiner",64,2.19,0.340444114840118,1.80617997398389,NA,NA
"7535",NA,"Common Shiner",68,3.19,0.503790683057181,1.83250891270624,NA,NA
"7536",NA,"Common Shiner",53,1.47,0.167317334748176,1.72427586960079,NA,NA
"7537",NA,"Common Shiner",50,1.14,0.0569048513364726,1.69897000433602,NA,NA
"7538",NA,"Common Shiner",55,2.12,0.326335860928751,1.74036268949424,NA,NA
"7539",NA,"Common Shiner",60,1.82,0.260071387985075,1.77815125038364,NA,NA
"7540",NA,"Common Shiner",61,1.8,0.255272505103306,1.78532983501077,NA,NA
"7541",NA,"Common Shiner",52,1.08,0.0334237554869497,1.7160033436348,NA,NA
"7542",NA,"Common Shiner",52,1.41,0.14921911265538,1.7160033436348,NA,NA
"7543",NA,"Common Shiner",65,2.24,0.350248018334163,1.81291335664286,NA,NA
"7544",NA,"Common Shiner",50,0.88,-0.0555173278498314,1.69897000433602,NA,NA
"7545",NA,"Common Shiner",68,3.05,0.484299839346786,1.83250891270624,NA,NA
"7546",NA,"Common Shiner",63,1.84,0.264817823009536,1.79934054945358,NA,NA
"7547",NA,"Common Shiner",69,1.84,0.264817823009536,1.83884909073726,NA,NA
"7548",NA,"Common Shiner",63,2.35,0.371067862271736,1.79934054945358,NA,NA
"7549",NA,"Common Shiner",62,2.09,0.320146286111054,1.79239168949825,NA,NA
"7550",NA,"Longnose Dace",65,2.61,0.416640507338281,1.81291335664286,NA,NA
"7551",NA,"Sculpin spp.",66,3.6,0.556302500767287,1.81954393554187,NA,NA
"7552",NA,"Sculpin spp.",65,3.1,0.491361693834273,1.81291335664286,NA,NA
"7553",NA,"Sculpin spp.",61,2.9,0.462397997898956,1.78532983501077,NA,NA
"7554",NA,"Sculpin spp.",64,3,0.477121254719662,1.80617997398389,NA,NA
"7555",NA,"Longnose Dace",66,2.56,0.40823996531185,1.81954393554187,NA,NA
"7556",NA,"Longnose Dace",55,1.32,0.12057393120585,1.74036268949424,NA,NA
"7557",NA,"Longnose Dace",66,2.52,0.401400540781544,1.81954393554187,NA,NA
"7558",NA,"Longnose Dace",65,2.24,0.350248018334163,1.81291335664286,NA,NA
"7559",NA,"Longnose Dace",66,2.21,0.344392273685111,1.81954393554187,NA,NA
"7560",NA,"Longnose Dace",51,1.07,0.0293837776852097,1.70757017609794,NA,NA
"7561",NA,"Longnose Dace",68,3.21,0.506505032404872,1.83250891270624,NA,NA
"7562",NA,"Longnose Dace",63,2.05,0.311753861055754,1.79934054945358,NA,NA
"7563",NA,"Longnose Dace",52,1.06,0.0253058652647703,1.7160033436348,NA,NA
"7564",NA,"Longnose Dace",74,3.55,0.550228353055094,1.86923171973098,NA,NA
"7565",NA,"Longnose Dace",78,4.29,0.632457292184724,1.89209460269048,NA,NA
"7566",NA,"Longnose Dace",47,0.72,-0.142667503568732,1.67209785793572,NA,NA
"7567",NA,"Longnose Dace",65,2.39,0.378397900948138,1.81291335664286,NA,NA
"7568",NA,"Longnose Dace",76,3.71,0.569373909615046,1.88081359228079,NA,NA
"7569",NA,"Longnose Dace",83,4.52,0.655138434811382,1.91907809237607,NA,NA
"7570",NA,"Longnose Dace",58,1.51,0.178976947293169,1.76342799356294,NA,NA
"7571",NA,"Longnose Dace",49,0.82,-0.0861861476162833,1.69019608002851,NA,NA
"7572",NA,"Longnose Dace",62,2,0.301029995663981,1.79239168949825,NA,NA
"7573",NA,"Longnose Dace",80,5.58,0.746634198937579,1.90308998699194,NA,NA
"7574",NA,"Blacknose Dace",65,2.41,0.382017042574868,1.81291335664286,NA,NA
"7575",NA,"Blacknose Dace",43,0.61,-0.214670164989233,1.63346845557959,NA,NA
"7576",NA,"Blacknose Dace",44,0.78,-0.10790539730952,1.64345267648619,NA,NA
"7577",NA,"Blacknose Dace",61,2.32,0.3654879848909,1.78532983501077,NA,NA
"7578",NA,"Blacknose Dace",50,1.15,0.0606978403536116,1.69897000433602,NA,NA
"7579",NA,"Blacknose Dace",44,0.56,-0.2518119729938,1.64345267648619,NA,NA
"7580",NA,"Blacknose Dace",62,2.05,0.311753861055754,1.79239168949825,NA,NA
"7581",NA,"Blacknose Dace",51,1.04,0.0170333392987804,1.70757017609794,NA,NA
"7582",NA,"Blacknose Dace",65,2.51,0.399673721481038,1.81291335664286,NA,NA
"7583",NA,"Blacknose Dace",39,0.55,-0.259637310505756,1.5910646070265,NA,NA
"7584",NA,"Sculpin spp.",78,5.94,0.773786444981194,1.89209460269048,NA,NA
"7585",NA,"Sculpin spp.",82,5.93,0.773054693364263,1.91381385238372,NA,NA
"7586",NA,"Sculpin spp.",78,6.6,0.819543935541869,1.89209460269048,NA,NA
"7587",NA,"Sculpin spp.",69,3.97,0.598790506763115,1.83884909073726,NA,NA
"7588",NA,"Blacknose Dace",40,0.6,-0.221848749616356,1.60205999132796,NA,NA
"7589",NA,"Blacknose Dace",45,0.7,-0.154901959985743,1.65321251377534,NA,NA
"7590",NA,"Blacknose Dace",44,0.7,-0.154901959985743,1.64345267648619,NA,NA
"7591",NA,"Blacknose Dace",54,1.5,0.176091259055681,1.73239375982297,NA,NA
"7592",NA,"Blacknose Dace",43,0.8,-0.0969100130080564,1.63346845557959,NA,NA
"7593",NA,"Blacknose Dace",47,0.8,-0.0969100130080564,1.67209785793572,NA,NA
"7594",NA,"Blacknose Dace",51,1.2,0.0791812460476248,1.70757017609794,NA,NA
"7595",NA,"Blacknose Dace",49,1.1,0.0413926851582251,1.69019608002851,NA,NA
"7596",NA,"Blacknose Dace",50,1.4,0.146128035678238,1.69897000433602,NA,NA
"7597",NA,"Blacknose Dace",37,0.5,-0.301029995663981,1.56820172406699,NA,NA
"7598",NA,"Blacknose Dace",50,1.3,0.113943352306837,1.69897000433602,NA,NA
"7599",NA,"Blacknose Dace",40,0.6,-0.221848749616356,1.60205999132796,NA,NA
"7600",NA,"Blacknose Dace",40,0.6,-0.221848749616356,1.60205999132796,NA,NA
"7601",NA,"Blacknose Dace",42,0.5,-0.301029995663981,1.6232492903979,NA,NA
"7602",NA,"Blacknose Dace",43,0.6,-0.221848749616356,1.63346845557959,NA,NA
"7603",NA,"Blacknose Dace",44,0.6,-0.221848749616356,1.64345267648619,NA,NA
"7604",NA,"Blacknose Dace",42,0.7,-0.154901959985743,1.6232492903979,NA,NA
"7605",NA,"Blacknose Dace",40,0.5,-0.301029995663981,1.60205999132796,NA,NA
"7606",NA,"Blacknose Dace",46,0.9,-0.0457574905606751,1.66275783168157,NA,NA
"7607",NA,"Blacknose Dace",41,0.5,-0.301029995663981,1.61278385671974,NA,NA
"7608",NA,"Blacknose Dace",42,0.5,-0.301029995663981,1.6232492903979,NA,NA
"7609",NA,"Blacknose Dace",43,0.6,-0.221848749616356,1.63346845557959,NA,NA
"7610",NA,"Blacknose Dace",42,0.6,-0.221848749616356,1.6232492903979,NA,NA
"7611",NA,"Blacknose Dace",38,0.4,-0.397940008672038,1.57978359661681,NA,NA
"7612",NA,"Blacknose Dace",46,0.8,-0.0969100130080564,1.66275783168157,NA,NA
"7613",NA,"Blacknose Dace",42,0.6,-0.221848749616356,1.6232492903979,NA,NA
"7614",NA,"Blacknose Dace",41,0.5,-0.301029995663981,1.61278385671974,NA,NA
"7615",NA,"Blacknose Dace",51,1.2,0.0791812460476248,1.70757017609794,NA,NA
"7616",NA,"Blacknose Dace",44,0.7,-0.154901959985743,1.64345267648619,NA,NA
"7617",NA,"Blacknose Dace",40,0.5,-0.301029995663981,1.60205999132796,NA,NA
"7618",NA,"Blacknose Dace",42,0.6,-0.221848749616356,1.6232492903979,NA,NA
"7619",NA,"Blacknose Dace",35,0.4,-0.397940008672038,1.54406804435028,NA,NA
"7620",NA,"Blacknose Dace",41,0.6,-0.221848749616356,1.61278385671974,NA,NA
"7621",NA,"Blacknose Dace",75,4.3,0.633468455579587,1.8750612633917,NA,NA
"7622",NA,"Blacknose Dace",44,0.7,-0.154901959985743,1.64345267648619,NA,NA
"7623",NA,"Blacknose Dace",66,2.6,0.414973347970818,1.81954393554187,NA,NA
"7624",NA,"Blacknose Dace",42,0.7,-0.154901959985743,1.6232492903979,NA,NA
"7625",NA,"Blacknose Dace",40,0.6,-0.221848749616356,1.60205999132796,NA,NA
"7626",NA,"Blacknose Dace",44,0.6,-0.221848749616356,1.64345267648619,NA,NA
"7627",NA,"Creek Chub",65,2.3,0.361727836017593,1.81291335664286,NA,NA
"7628",NA,"Creek Chub",95,7.8,0.89209460269048,1.97772360528885,NA,NA
"7629",NA,"Sculpin spp.",77,4.98,0.697229342759718,1.88649072517248,NA,NA
"7630",NA,"Sculpin spp.",91,9.12,0.959994838328416,1.95904139232109,NA,NA
"7631",NA,"Sculpin spp.",62,2.79,0.445604203273598,1.79239168949825,NA,NA
"7632",NA,"Creek Chub",75,4.03,0.605305046141109,1.8750612633917,NA,NA
"7633",NA,"Creek Chub",106,10.92,1.03822263836872,2.02530586526477,NA,NA
"7634",NA,"Creek Chub",106,11.66,1.066698550423,2.02530586526477,NA,NA
"7635",NA,"Creek Chub",75,4.25,0.628388930050311,1.8750612633917,NA,NA
"7636",NA,"Creek Chub",61,2.41,0.382017042574868,1.78532983501077,NA,NA
"7637",NA,"Creek Chub",70,3.49,0.54282542695918,1.84509804001426,NA,NA
"7638",NA,"Sculpin spp.",72,4.39,0.642464520242121,1.85733249643127,NA,NA
"7639",NA,"Sculpin spp.",61,2.44,0.387389826338729,1.78532983501077,NA,NA
"7640",NA,"Sculpin spp.",75,5.24,0.719331286983727,1.8750612633917,NA,NA
"7641",NA,"Sculpin spp.",79,6.05,0.781755374652469,1.89762709129044,NA,NA
"7642",NA,"Sculpin spp.",61,2.7,0.431363764158987,1.78532983501077,NA,NA
"7643",NA,"Sculpin spp.",78,5.7,0.755874855672491,1.89209460269048,NA,NA
"7644",NA,"Sculpin spp.",67,3.76,0.575187844927661,1.82607480270083,NA,NA
"7645",NA,"Sculpin spp.",69,4.02,0.60422605308447,1.83884909073726,NA,NA
"7646",NA,"Sculpin spp.",68,4.29,0.632457292184724,1.83250891270624,NA,NA
"7647",NA,"Common Shiner",61,2.03,0.307496037913213,1.78532983501077,NA,NA
"7648",NA,"Common Shiner",67,2.52,0.401400540781544,1.82607480270083,NA,NA
"7649",NA,"Common Shiner",68,2.56,0.40823996531185,1.83250891270624,NA,NA
"7650",NA,"Common Shiner",57,1.72,0.235528446907549,1.75587485567249,NA,NA
"7651",NA,"Common Shiner",55,1.34,0.127104798364808,1.74036268949424,NA,NA
"7652",NA,"Common Shiner",58,1.74,0.2405492482826,1.76342799356294,NA,NA
"7653",NA,"Common Shiner",54,1.53,0.184691430817599,1.73239375982297,NA,NA
"7654",NA,"Blacknose Dace",56,1.61,0.20682587603185,1.7481880270062,NA,NA
"7655",NA,"Creek Chub",168,50.15,1.70027093735644,2.22530928172586,NA,NA
"7656",NA,"Creek Chub",92,7.21,0.857935264719429,1.96378782734556,NA,NA
"7657",NA,"Creek Chub",63,2.42,0.383815365980431,1.79934054945358,NA,NA
"7658",NA,"Creek Chub",70,3.36,0.526339277389844,1.84509804001426,NA,NA
"7659",NA,"Creek Chub",84,5.69,0.755112266395071,1.92427928606188,NA,NA
"7660",NA,"Creek Chub",129,22.08,1.34399906905716,2.11058971029925,NA,NA
"7661",NA,"Creek Chub",106,10.88,1.03662889536216,2.02530586526477,NA,NA
"7662",NA,"Creek Chub",135,23.83,1.37712404234646,2.13033376849501,NA,NA
"7663",NA,"Creek Chub",66,2.98,0.474216264076255,1.81954393554187,NA,NA
"7664",NA,"Creek Chub",88,5.94,0.773786444981194,1.94448267215017,NA,NA
"7665",NA,"Creek Chub",103,10.54,1.02284061087653,2.01283722470517,NA,NA
"7666",NA,"Creek Chub",72,3.77,0.576341350205793,1.85733249643127,NA,NA
"7667",NA,"Creek Chub",58,2.14,0.330413773349191,1.76342799356294,NA,NA
"7668",NA,"Creek Chub",49,1.28,0.107209969647868,1.69019608002851,NA,NA
"7669",NA,"Sculpin spp.",87,7.79,0.891537457672564,1.93951925261862,NA,NA
"7670",NA,"Sculpin spp.",83,6.58,0.818225893613955,1.91907809237607,NA,NA
"7671",NA,"Creek Chub",56,1.72,0.235528446907549,1.7481880270062,NA,NA
"7672",NA,"Longnose Dace",77,4.11,0.613841821876069,1.88649072517248,NA,NA
"7673",NA,"Longnose Dace",74,3.47,0.540329474790874,1.86923171973098,NA,NA
"7674",NA,"Longnose Dace",87,6.04,0.781036938621132,1.93951925261862,NA,NA
"7675",NA,"Longnose Dace",78,4.24,0.627365856592733,1.89209460269048,NA,NA
"7676",NA,"Blacknose Dace",46,0.85,-0.0705810742857073,1.66275783168157,NA,NA
"7677",NA,"Blacknose Dace",65,2.38,0.376576957056512,1.81291335664286,NA,NA
"7678",NA,"Blacknose Dace",45,0.8,-0.0969100130080564,1.65321251377534,NA,NA
"7679",NA,"Blacknose Dace",44,0.7,-0.154901959985743,1.64345267648619,NA,NA
"7680",NA,"Blacknose Dace",48,0.9,-0.0457574905606751,1.68124123737559,NA,NA
"7681",NA,"Blacknose Dace",51,1.18,0.0718820073061254,1.70757017609794,NA,NA
"7682",NA,"Blacknose Dace",47,0.89,-0.0506099933550872,1.67209785793572,NA,NA
"7683",NA,"Blacknose Dace",38,0.46,-0.337242168318426,1.57978359661681,NA,NA
"7684",NA,"Blacknose Dace",41,0.58,-0.236572006437063,1.61278385671974,NA,NA
"7685",NA,"Blacknose Dace",46,0.86,-0.0655015487564323,1.66275783168157,NA,NA
"7686",NA,"Blacknose Dace",52,1.35,0.130333768495006,1.7160033436348,NA,NA
"7687",NA,"Blacknose Dace",54,1.75,0.243038048686294,1.73239375982297,NA,NA
"7688",NA,"Blacknose Dace",61,2.07,0.315970345456918,1.78532983501077,NA,NA
"7689",NA,"Blacknose Dace",44,0.74,-0.130768280269024,1.64345267648619,NA,NA
"7690",NA,"Blacknose Dace",34,0.38,-0.42021640338319,1.53147891704226,NA,NA
"7691",NA,"Blacknose Dace",66,2.6,0.414973347970818,1.81954393554187,NA,NA
"7692",NA,"Blacknose Dace",46,0.82,-0.0861861476162833,1.66275783168157,NA,NA
"7693",NA,"Blacknose Dace",65,2.82,0.450249108319361,1.81291335664286,NA,NA
"7694",NA,"Blacknose Dace",58,1.68,0.225309281725863,1.76342799356294,NA,NA
"7695",NA,"Blacknose Dace",59,1.93,0.285557309007774,1.77085201164214,NA,NA
"7696",NA,"Creek Chub",56,1.89,0.276461804173244,1.7481880270062,NA,NA
"7697",NA,"Creek Chub",55,1.48,0.170261715394957,1.74036268949424,NA,NA
"7698",NA,"Blacknose Dace",71,3.59,0.555094448578319,1.85125834871908,NA,NA
"7699",NA,"Creek Chub",57,1.84,0.264817823009536,1.75587485567249,NA,NA
"7700",NA,"Creek Chub",106,10.94,1.03901732199741,2.02530586526477,NA,NA
"7701",NA,"Blacknose Dace",73,3.71,0.569373909615046,1.86332286012046,NA,NA
